conversation_id,customer_message,agent_response
654,Already started the return. UPS gets it from my doorstep tomorrow. Order 111-5014070-4118645,Provide your details here: and my team will escalate the order to Amazon Logistics for feedback.
695,Just pulled another #Amazon delivery out of the bushes since the #amzl people can’t walk the extra 2 ft to my door. So tired of this.,I'm sorry we let you down! We'd like to make sure this is addressed. Please provide some details here:
2561,Erm I bought this item for £5.99... why am I only getting £1.67 back?!,I'm sorry you didn't receive the refund amount you expected. Please check here for more info:
3655,"just noticed I paid £4.95 delivery on Amazon simply because I did not select the FREE delivery option, after I spent enough to qualify... what a RIP OFF, why is it not free automatically when qualifying","Hi, you can edit your order at any time before it enters the dispatch process. To do this please check out our help page:"
4868,Ordered one simple camera from 3x and all the 3x it’s been lost in transit. Ha you’ve got to be kidding me.. 😒😒😒😒😒,"I'm very sorry about your lost package, Lodi! We'd like to help! Please reach out to us here:"
5139,Just ordered . Let’s see what gets here first. My package from which has been “On It’s Way” since 1:22am or the food. #TheRaceIsOn,I'm sorry for this wait. Has the tracking information on your order updated: Deliveries continue through to 8PM so please keep us in the loop on your order's arrival. Thank you.
5221,Offer of the millennium to save Re.1 Just wow😱😱,"Pricing and offers are decision of the sellers. The constantly changing marketplace and our efforts to offer you the lowest price, may result in fluctuations in our prices over time."
5228,what about the illusion of quality?,I wasn't able to comprehend your concern. I would like you to elaborate so that we can help you accordingly.
5324,The deals not showing up for me...?,This promotion is only valid for new Amazon Music Unlimited subscribers. Have you tried or subscribed to Music Unlimited in the past?
8521,Hasta que al fin llegó #BrBa,"Sin dudas, el mejor lugar para comer pollo frito. 🍗 ¡Nos alegra saber que recibiste tu pedido, Carl! :D"
8529,Thank you but unsure how that’s going to help as just says “put for delivery and arriving today when I know it proberly won’t :/,"I can understand your reluctance, but we can provide you with additional options depending on who the seller is."
10658,"Hey yall. Why is my checkout not working? I click ""checkout with fresh"" and it takes me to an error page. What's the deal?",I'm sorry to hear about the trouble. We'd like to take a closer look into this for you here:
10662,where’s my damn nutribullet,I'm sorry you haven't received your item! Can you tell us who the carrier is? Found here:
11065,"it was doing this a few days ago and a factory reset fixed it, for two days. A hard reboot with card in or out does not resolve.","That's odd! We'd like to help further with this. When you can, please reach out to us here:"
11579,Please do it fast,"I get your concern, Hussain. As requested, please reply to the correspondence sent by our specialist team. (1/3)"
12494,I already emailed y’all.,"I'm sorry about the link. For a faster response, contact us by phone here: without signing in."
12494,Is that a 24 hr line,Yes. Our main customer service line is open 24 hours a day.
12509,thanks for such thoughtful packing. Must be why it takes so long to ship #whoneedspeanuts #oversized,That does seem excessive. Help us improve by leaving order specific packaging feedback here:
13878,all emails already shared with earlier tweet.,Kindly share your details in the link given earlier and we'll be sure to help you in getting this issue resolved.
15442,Hey so my package has not arrived yet. Can I get this sorted please,"While we can't access order or account details through social media, we'd still like to help! Please reach us directly via phone or chat so we can investigate:"
16784,That's what m doing n u making me believe more that refund policy by Amazon in India is really poor..! Ur seller is even not taking calls nw,We'll get back to you as soon as we have an update from our team. (2/2)
16813,This says will be reaching please can some one really #help me I promise wont make any further purchase with #Amazon #help #shameful,"Aadil, please reply to the email you've received from our team so that we can assist you accordingly."
16866,Order id-407-2808023-6902735 Mails already done,and send us your details using the link provided by 'SV' and I will look into the issue right away.(2/3)
17186,Kindly share my contact number 9800019281 to ur team to contact me,We're unable to arrange a callback for you over Twitter. Please make a request using the link above and we'll oblige. 1/2
17214,Pathetic reply by your caller,Did we happen to miss the estimated delivery date?
17234,Going to take this in the consumer court...total fraud from amazon i will sue you guys for this ...,"We're unable to verify any detail over Twitter, Anjana. Please respond to our email so we could take it from there."
17262,"one order, two consignments. one delivered othr returned twice coz incorrect address. raise. last time exectiv gav assurance but no good.",here: and we'll get back to you soon. 2/2
18139,"Have already shared my registered mobile no. 9673101122, but I m currently contactable on 9818601122","Please don't provide your order details, we consider it to be personal info. Our page is visible to the public. 2/2"
18923,Is there any update??,"We've responded to you via email, Saurabh. Please reply to the email sent for more information."
18929,You people always escalated issue and for another 24 hours.kindly do something substantial.still issue is unresolved. such a poor service.,Our team is currently working on your issue and will be resolved at the earliest. (1/2)
18945,Disappointed with order# 407-5957878-5349150 Ordered through prime ID and paid Rs. 50 extra on prime. Still haven't received it.,Our Twitter page is visible to public. 3/3
19157,Its already been 21 days regarding order #4__credit_card__ and Order #4__credit_card__. Still you say no need to wait for longer delivery,"Apologies for the experience, Kamran. Please share your details from the link provided. We'll check this & assist. (1/2)"
19161,Amazon is the best :),Wohooo! That's what we'd love to hear. Thank you for your kind words.
19185,"For now please just tend to my new orders I just are those 300,000 pairs of gloves selling?",We can't see your orders from here unfortunately but if you use the link sent we can help :)
19447,Name of account -avaneesh Kumar chaubey Contact number -8269451504 Order number - 405-3324870-8447534 Product - titan watch,We don't have access to your account over Twitter. Please share your details in the link given earlier by 'GS'. (1/2)
19477,"broke family& friends trust.Ordered a product month ago,return/refund requested on same month, but still waiting for pickup & refund",as possible. Kindly drop your details here: and I'll get back to you. 2/2
20467,I already fill the form..,Thanks a bunch for sharing the details. We'll reach out to you at the earliest.
21015,Hey I have filled the form multiple times do I look like a fool to fill again and again. Give a resolution that's it,"As you have filled the form, you will receive an email here:"
21397,"😂😂😂 Wie gesagt euch ein schönen restlichen Feiertag, auch wenn ich Supportet (nennt man das so?) 😂","Danke, dir auch. Wir supporten dann mal fleißig weiter 😄"
21437,Best trick by amozon first send damage priduct and after arrange self pick up 95 % people not ready for self return. Mind blowing amazon,"I do get your concern, however, please respond to the email you've received from us and we'll check this."
21459,Friend has received his Amazon Echo Plus shipment in the morning today. Still waiting for my dot.,Our products are shipped on time so that they can reach you by the estimated delivery date. 1/2
21490,frnd ordered kindle wich was not delivered.He canceled order & U agreed. Bt aftr a mnth U r denying to give refund. Disappointing,here: and I’ll contact you soon. 2/2
21542,Good morning Amazon idiots... third day in a row... today's delivery guys number 70385 67720....can u idiots call him and ask him to deliver... Bunch of incompetetive morons...get this sorted out today...n don't use empathy n sympathy,"I get your concern, please check for an email from our team here:"
21542,Are you guys nuts? How can u ask me to wait... bloddy idiots from past three days I am waiting...what r u guys? Stupid assholes? U don't have integrity,registered email account post submitting the form here: can you check for the following 2/3
21901,"can I pls have a direct email address for someone with a brain for your love film by post service,online help proving impossible",Hi Tim- For all queries you can reach us directly via the below link: Thanks.
22518,"You have all the information you need - just reply here thanks. People get in touch this way because that is what they prefer - no forms, no phone calls, so please respond.","I have escalated your feedback about ""Please Let Me Go"" for correction. If we can help w/ anything else, let us know! 2/2"
22541,They are saying that amazon took the courier scanned it and returned.. they have no idea on how the box is empty,and they should be able to help you out. (2/2)
22542,Hi I returned my order and I followed the proper procedure but got back an empty dabba from post office. PFA photos,I get your concern if you have self returned the package kindly connect with the courier as they'll be able to help you with 1/2
23963,No. I’ve signed in and it still says due 31st,Sorry to hear that. We'll be happy to look into that for you. Please reach out to us here:
24976,I am receiving the same mails... Amazon is not at all cooperating..,"For details, you may refer here: 2/2"
24986,order 406-5346056-8286767 I want a refund for the product.,Sincere apologies for the mess. Please fill this form: so we could get this sorted soon. 1/2
25015,Amazon is just making me fool from last 10 days ...is there any system,Sorry for any inconvenience. Could you confirm sharing your details in the link provided above by ?
25839,Help I registered for the morrissey presale but on event page it says I'm not. Concerned for 10am!,"Hi, did you receive a confirmation message when you registered? Did you access using the same log in details?"
25918,My email interaction with your cs is on...reply pending. Just escalating the matter....to get a positive reply. Please check your cs email.,We'll be sure to look into it. Do keep us posted for any further concerns.
25927,reg. Ord 404-7091504-9405917. You should have alerted me regarding the deduction to my Amazon Pay Balance before doing so. #sucks,I'm sorry but I couldn't follow. Could you please elaborate on your concern?
26971,tried but it's not happening. This is what is service level. When someone asking for call back you guys showing different way,"As this is a social media platform, we can't view your account/order details. (1/2)"
27862,As a trial I had Glasgow WORKING - but Brighton is a non-starter as others have reported - and indeed yourself. #terribleservice,Sorry to hear that. Please reach out here: and we'll look into it for you.
27877,I purchased redmi4 few function of phone not working and camera quality not good. Hence don't want to replace this with same product.,here: we'll help look into it. 2/2
28433,"Mache mir nur Gedanken das es Freitag nicht an kommt , Mit welchen Dienst versendet ihr es ? Wenn ich fragen darf!?","Der, der theoretisch am schnellsten bei dir ist. Der Transportdienst wird erst kurz vor Versand festgelegt."
28437,versendet ihr heute Call of Duty WW2 oder erst morgen ! Weil das Spiel Freitag raus kommt 🙈😂 hoffe es kommt pünktlich an bei mir,"Wir versenden so, dass es am Freitag bei dir zugestellt werden kann. Liebe Grüße"
28958,y there ll be quiz when u can't keep up with prizes and giving lengthy of explanation,"Sorry for any hassles, Kaushik. We do have prizes for the contests, could you elaborate on your concern?"
29664,"thanks DJ, that did allow me to play music now using spotify as if it was a bluetooth speaker but I was really hoping to link it for voice control, etc. Could it be that my wife is the echo account owner? I feel like that shouldn't have an effect tho...","Thanks for the additional information, Eric! We'd like to take a look into this with you. When you get a moment, please contact us via chat or phone:"
29944,"2 months later, 5 phone calls, speaking to an upper level manager and I still haven't received access to my account. COOL GUYS.",I'm sorry to hear that Heather. Have you been given any advice since the issue began?
29954,wieviele leute können gleichzeitig bei einem amazon prime abo die videos ansehen ?,Es können zwei Titel gleichzeitig geschaut werden. Aber nicht der gleiche Titel parallel auf zwei Geräten.
30008,Dealing with them from the B2B side is honestly the worst. I have an issue open with them that is 20months old. Amz staff caused this issue.,"Hi, has a follow up been arranged for you? What is the most recent info we provided?"
31316,Your team has contacted saying the same 24-48 hr delivery policy for order delivery. So I need to wait another 2 days. For prime your deliver fast but not for me even for your mistake.,"I'm sorry about the stretch. However, please be assured that we're working on your concern and will get back (1/2)"
31384,I've received a message on one of my orders that says my item could not be delivered requires action and to contact you any ideas?,I'm so sorry! Do you have an active order? What does the tracking show for it here?
32314,Promotional cash back not credited even after refund date been crossed order# 404-4707947-1460330☹️😡,"Please don't provide your order details, we consider it to be personal info. Our page is visible to the public. 2/2"
33234,"What happened? No solution, customer support not helping, email support not replying. Where shud I complain?",us the details using the link provided by 'SU' & I will look into the issue right away. (2/2)
34476,Hey I pre-ordered 's book Slobberknocker on Sept 11th for release on Oct 19th and still nothing. Any status update?,Oh no! We'd like to help in any way we can. What's the latest status for your order here:
34500,"I am getting ""We're sorry but we encountered an error when processing your request. Please try again"" When payi with 2 dif cards",Oh no! We'd like to help troubleshoot with you. Do you mind telling us which Amazon site you use? (.com/.ca/.co.uk/.de) Thanks!
34575,"Sagt mal , wann gibt es endlich Amazon Prime in der Schweiz?","Dazu haben wir keine Informationen. Wir bemühen uns natürlich, den Service für internationale Kunden weiter auszubauen."
35147,This is quality of the grinder that was delivered just now.Broken grinder stone and scratched product all over.Mere refnd engh???,Truly sorry about the experience. We certainly did not expect this to happen. Please contact us (1/2)
38178,É só me enviarem que acaba o problema!,"Bruno, os nossos pedidos são cobrados uma vez que entram em processo de envio, o valor que se apresenta no seu cartão 1/3"
39564,Thank you very much for the speedy reply! Is US site the same as the UK site? I can't see what digital credit/ pantry credit I have sadly 😔,Sorry about that! You can find out how to view your credits in the UK here:
40429,ordered a product with delivery address j&k....but ATS is trying to deliver it to Assam....track id-79244084290,"Please don't provide your order details, we consider it personal information. Our Twitter page is visible to public. (2/2)"
43250,"Am gleichen Tag noch, sonderlich hilfreich war es jetzt auch nicht, Paket (durch den Feiertag) immer noch nicht da, das einzig ärgerliche jetzt ist natürlich, dass die Zustellungsdaten nicht aktualisiert werden. Seit Samstag keinerlei Infos.","Abhängig vom Standort des Paketzentrums kann es sein, dass es sich leider erst morgen wieder bewegt. Gruß"
43679,TE AMO POR SIEMPRE,"¡También te amamos, Quirino! 😍 Nos alegra que tu pedido haya llegado hoy. Cuéntanos, ¿qué has recibido?"
45529,Your amazon.in Order #402-0091077-1944373,"I'm sorry you had issues with the return pick up of your order, please fill this form: and (1/3)"
46544,": ""Order now to receive by Wednesday!""....Confirmation email: ""Your package will arrive on Thursday."" Why do you keep lying to me?!","I'm sorry for the delay! For more information about the guaranteed delivery timer, visit us here:"
46564,Huge thank you to 😁 my new remote for my Firestick ❤ arrived...it worked and I'm back in business #HappyWeeyin,"We weren't ""remotely"" worried! LOL! 😁 So glad you are now back in business now!"
47862,"Got my order. 1 bag right, other 1 not mine. Missing the chilled/frozen stuff. chips/no dip, crackers/no cheese . :(","I'm sorry we let you down. We'd like to go over your options, please call us here:"
47907,"thanks for trying at least u were more helpful, thanks 😩","If you don't receive an e-mail from an Account Specialist by the 24-hour mark, let us know."
47927,Furious with & . Why does the customer have to pay for their lack of communication? #WhereIsMyPackage? 😡😡😡😡😡,"So sorry for the frustration! Without providing any account information, can you tell us more about the issue?"
49126,"2/2 carrier who delivered my previous item which i never received, to a random address. Will be disappointed if this happens again tomorrow",I'm sorry your order was delivered to the wrong address! We'd like to make sure you get the new order so keep us posted!
49901,"#Amazon shipping #fraud not limited 2 #prime, paid for 1-day shipping on Mon, package scheduled to arrive next Mon. UPS says on time",One-Day Shipping refers to transit time once the item ships! You can learn more about shipping here:
51605,I've called support and it's been moved to an 'account specialist' just like last time as apparently I didn't call when this happened before (which I did three times). Just very frustrated this happens whenever I try and place an order.,I'm sorry for the frustration. Please keep an eye on your e-mail for a response from the account specialist.
52234,Can you let me know what the issue is? Do you need any info?,I'd like to have a member from our support team lend you a hand with this; please contact us here:
52242,"This Monday, and no, I had no answers",Have you received any e-mails to your spam or junk folder?
52251,Having some issues with your jobs portal using social login with LinkedIn.,Thanks for reaching out! You can report technical issues by clicking Give Us Feedback at the bottom of the site page.
52929,"Vino un repartidor de y, ¿qué creen que hizo? Me pidió dinero a cambio de entregarme el paquete.","Atención al Cliente, por favor, ingresa a: (2/2)"
53499,Why cant we watch prime content on mobile devices,I'm sorry for the frustration! Are you trying to watch from the Prime Video app?
56875,Well I'm gonna try certain pin codes from Pune or Kolhapur. Hope it's enough to grab one of those very few,You would only know whether your pin code is eligible or not when you enter your Shipping (1/2)
56918,"Sounds like it's been delivered to the wrong address... No building on my block has a ""Mail Room""","At times, a package can be mis-scanned. In most cases packages arrive within 24 hours. If not, please contact us back."
58077,Disgusting service from with delivering my pre order of book for tomorrow😢 having to wait 5 days after it's released.,Sorry for the trouble! We're here to help! Could you tell us what the current tracking indicates?:
58082,I highly encourage everyone to NEVER preorder things from they can't provide an update on an item that i should have in 6 days.,You will be e-mailed with any status updates. You can view communication here:
58124,I started the return 3 months ago. The package was too large to take to UPS. Seller arranged by THEM for pick up. They gave me a label...,Oh no! It sounds like you may qualify for our A-to-z Guarantee Claim. You can read more on this here: 1/2
60225,"Hola, no. Que tengo que hacer? Gracias","¿Realizaste la compra por medio de la aplicación de Prime Now? De ser así, puedes reportalo directamente desde la App."
60237,Cast to the firestick. So can you tell me how im suppose to watch content on the tv?,When you attempt to play Amazon Video on your Fire Stick what happens? Are you getting an error message?
60250,"Preciso de mais para me acalmar nesses dias antes do ENEM, ainda bem que com o Kindle não existem barreiras. 😬","Olá Francisco, sem dúvida! O Kindle é uma maravilha! Você gostaria de recomendar um livro aos nossos amigos leitores? 😍📚"
61023,The problem is not the service itself the problem is that you don't communicate this is gonna happen! 😡 I lost 4 months of membership.,(1/2) Other Amazon sites offer separate memberships to Amazon Prime for benefits at that particular site.
61050,We submitted our app to over 2 week’s ago; why is it still in progress? We’re very disappointed & annoyed 😡,I'm sorry there hasn't been any progress on this. Please reach out to us at this link here:
62384,you guys seriously need to get customer service reps w/ some semblance of common sense. You royally screwed up my order!,"Oh no, I'm so sorry to hear about this! Without providing any personal or account details, can you tell us more about what's going on?"
63851,"I'm sorry, I have no idea who it was.",That's fine. Were the items received ok?
63863,Absolutely wrong practice by Amazon India. Order#407-6746802-0925919. Item 1: price 149 while placing the order. Charged Rs. 25 for shipping on delivery. New way to cheat...very small amt but new way to overcharge... SHAME,I understand your concern regarding the delivery charges. Orders with items that are Fulfilled by Amazon worth Rs. 599 or more will qualify for free delivery. Please refer here for more info:
63890,Yay! My entire Subscribe & Save order is 'delayed' - no estimate... just 'delayed',"I'm sorry to hear this, Darren. Has the order dispatched yet, or is it still preparing for dispatch? You can view this information here:"
63947,Yes 2 days then emailed after said wanted another 2 days and still nothing,"Emails can get routed to your spam/junk folder, did you check there?"
64018,"Par un vendeur tiers, mais dans le suivi c'est marqué qu'il avait bien envoyé les produits","Votre commande est bien expédiée. La livraison sera effectuée d'ici le 15/12 au plus tard comme indiquée. Pour en savoir plus, je vous propose de contacter le vendeur directement via la page suivante :"
64064,I've received a tampered product...i want my refund asap.. i spent hour talking to your customer support and they were useless,I understand your concern regarding the refund. Please drop in your details here: and we will assist you.
64081,"Ouiiiiiiii, bien suuuuuuuûr... PARCE QUE VOUS ALLEZ AVOIR UN GESTE COMMERCIAL AVEC MOI, PEUT-ÊTRE???? Vous ne l'avez JAMAIS fait, alors...","Si le problème persiste, je vous invite à reprendre contact avec notre service client s'il vous plait. Bonne journée."
64182,"Three days, and case still unresolved. It doesn't even seem your people ""get"" what the problem is. Escalate the case to tech or whatever to investigate where the missing credits went. Replied to A1OMV7KNFMOJF0 and barely managed to sound patient.","Sorry to hear that, were you given a waiting time period?"
65701,"Sorry, I fail to see how pointing me at your self help page is meant to help. May as well just call again. Please take ownership of the case and give me regular updates. While I've got your attention. It would be nice to have a case management section in account details.","Hi. The link we provided previously was the ""Contact Us"" link. As we are unable to access accounts through social media, it is the best means of proceeding."
65793,Already filled it multiple time but no reply from your end.,"We haven't received your details yet. I request you to kindly fill in the details once again through: so that we can work on this right away, without any further delay."
65893,Your agent says it is third party delivery.. he can't reschedule it as it is already paid... He kept calling.... Order 406-9195017-4997117,"Please don't provide your order details, we consider it to be personal information. Our page is visible to the public. 2/2"
66206,well done amazon! I’ve just identified a fraud on my account & your advisor was reassuring & sorted it all out! Great customer service 👍🏻,So glad we could get everything sorted out! We take account security extremely seriously!
67440,"Hey , when is Vikings being released? I thought it was supposed to be today?","Hi, we don't get advanced notice of when it will go live. Please check back for updates."
67582,Upto 20% off on instant gvs.. Why have you guys listed BOOKMYSHOW in banner when the offer is not available for Bookmyshow.. making us fool...😒,Could you please share the link to the promotion? We will look into it.
69721,"plz expedite the delivery of my order placed by mob no- 8010757001. Its urgent, you guyz didnt even give me option to pay 1 day delivery charge as well. Its my first order with u. Dont brk my trust. reaching twitter almost brks it.","I get your concern about the order, Talha. We ship & deliver orders as per the estimates shared with you. Please wait till the estimates, I'm positive your order should be delivered soon. Appreciate your understanding."
69721,My order is lying at Gorakhpur hub today since 6Am but no courier boy has been assigned for delivery though it is to be delivered in center city You cant even deliver one day before. Very poor service. Flipkart do mentions 3-4 but delivers in 1-2 day. My mistek chosse amazn,The package has to undergo a few more checks and scans before we hand it over to an agent for delivery. As requested earlier kindly wait until the estimates and this would be delivered at the earliest to you.
69860,Supuestamente me llegaba ayer porque pague un poco mas para que llegara ayer pero resulta que se ha retrasado y correos que es el transportista dicen que todavia no lo tienen cuando rn amazon ponr q si,"Gracias por la información Alejandro, en este caso lo recomendable es contactar con el Equipo de Servicio al Cliente para mas ayuda por medio del siguiente enlace:"
69957,Sir waiting for your early action. huge amount is blocked,I understand how worrisome such a situation can be. I'd like to inform you that we've sent the correspondence to your registered email ID. Kindly check it here:
71845,"been trying to login to my account to place an order, but it won’t let me! What’s going on?! #Irritating","Hi Zoe, have you checked to make sure your username and password are correct? You could always try to choose the ""forgot username/password"" option and follow the instructions from there."
71877,"Genau, ""Originals"" wie ""The Grand Tour"". Super, dann kann ich bequem reisen :) Danke!",Sehr gerne :) Viel Spaß beim Reisen!
71912,Hola ¿Qué puedo hacer si una pieza de mi último pedido no funciona? Gracias,"Hola Fran, lamentamos el inconveniente. ¿Podrías comentarnos si el producto fue vendido y enviado por Amazon o bien por un vendedor externo?"
72021,Thanks again another stress free ticket purchase this morning.. tickets in the bag for next July 😁 #LittleMix #amazontickets,"Eeeeeek, we're excited for you! Hope you have a blast! 🎤🎵🎵🎵 ."
73462,No idea. My app tells me it was delivered.,"Sorry about this, we're unable to access your account via Twitter to look further into this for you. Can you contact us here: so we can take a look?"
74719,"J'ai reçu un mail oui, ils proposent des raisons mais ne disent pas pourquoi exactement","Dans le cas de refus de paiement, c'est votre banque qui ne nous donne pas l'autorisation de prélèvement. Vous pouvez relancer le paiement de votre commande depuis votre compte. Si c'est encore refusé, veuillez prendre contact avec votre banque."
74732,"Il est génial, je n'avais pas été aussi conquise par un assassin depuis le grand Ezio. Il a une histoire très touchante et j'aime beaucoup sa personnalité, il me fait énormément penser à Ezio c'est dingue",Je l'adore aussi 😍 Son costume rouge et blanc me fascine.
74777,Waiting for further update.,We've sent a correspondence regarding this here: Kindly check and reply so that we can check further on this.
76049,my delivery didn’t arrive for the second day yesterday. This is ridiculous.,"Hello, I am very sorry to hear this. What is the latest tracking information available for your parcel? Have a look here:"
77339,Delivery date changed once again!!,"I do apologize for the delays you've experienced in receiving your parcel, Steffan. This is certainly not the level of service we strive to deliver. Could you contact us by phone or chat using the link provided so we can take a closer look with you?"
77372,"Amazon themselves, cancelled the order and ordered a (more expensive) similar item cause it wasn't to be in stock till first week of January after ordering Wednesday last week and it saying it was to be delivered today. Having so many problems with Amazon recently.",I'm sorry to hear about this! We are here to help. Please reach out to us here: Thanks for reaching out!
77421,"Please don't irritate me, I write 3 times in your given link but no proper solution they provide #UNINSTALLAMAZON",We've sent the correspondence to your registered email ID. Kindly check it here: and write back to the email. We will respond on the same.
77501,"Muchas gracias, ya está solucionado! Esta tarde lo tengo en casa! 🤗👍",Perfecto Carolina. :D ¡Que tengas una excelente tarde!
77523,I realise you and your executive not helpful for concern what I do? Please refund.i don't want product.,"I understand your concern regarding the order. However, we wouldn't be able to access your account on Twitter. Kindly reply to the correspondence you received from us for further assistance."
77530,"Hey , I think you have a problem... I'm not Ann, and I got an email yesterday saying thank you for activating my FireTV stick, that I hadn't yet taken out of the box, so I assume someone now has one attached to my account. #amazon #fail #badsecurity",Oh no! This is not what we want to happen! Please reach out to us here via phone or chat so we can get this sorted for you.
77574,Recibir un paquete de y que te lo dejen debajo del felpudo de la puerta de casa😂 y la opción de picar al timbre? Mi padre casi se tropieza jajaja #cosascuriosas,"Hola Núria, sentimos el inconveniente. Recuerda que puedes reportar lo que indicas con nuestros compañeros de Soporte al Cliente."
77581,"Ontem tava falando que ainda ia chegar o meu produto. Hoje diz que foi entregue na terça-feira. Nem a e a transportadora diz que ta entregue, pelo rastreamento. os porteiros dizem que não entregaram nada. E ngm sabe cade a encomenda. Que beleza","Oi Maria, sinto muito o ocorrido. Poderia me informar se você já reportou esta situação com nosso Serviço ao Cliente?"
78699,¿Os pasa que siendo Premium en últimamente aunque hagas un pedido un miércoles diga que os lo entreguen un lunes?,"Hola, HeishiroSakai. Debido al elevado número de pedidos realizados durante el Black Fiday, puede que los plazos de entrega sean más largos de lo habitual, lamentamos cualquier inconveniente."
78795,sie brauchen nur die früheren tweets zu verfolgen 71332205299377,"Wir haben hier über Twitter keinen Einblick in deine Bestellung, Till. Bitte wende dich an die Kollegen - sie helfen dir gerne weiter! Liebe Grüße"
80537,"I have used the link provided by you and sent the details, now do whatever but I want my order completed, how dare you people try to cheat customers in broad day light. I have Amazon Pay screenshots with me.",Thank you for sharing your details. We'll work on it and get back to you with an update via email soon.
80545,I am still waiting for help. How come my balance deducted and it's not there in Amazon Pay Balance Account Statement? It's simple cheat from Amazon India.,"You must've received a correspondence from us on this. Please find it, here: and kindly revert to it if needed."
80590,Hay es donde está el detalle desde ayer y lo que va de hoy los mensajes de texto no me llegan :(. Siempre me llegaban rápido,"Hola Jubert, en este caso te recomendamos contactar a nuestros compañeros de Servicio al Cliente para que te puedan ayudar con este inconveniente. Por favor sigue este enlace:"
80637,If you are paying for a premium rate call you at least expect to get someone who speaks English,"Can I ask what number you contacted? And where you found it? Our contact number is not a premium rate number but freephone within the UK. Additionally, if you contact us through the website we'll call you back rather than you call us:"
80703,c’est normal quand on a le prime que le livreur balance le colis et l’indique comme livré à un résident ? Je savais pas que ma pelouse était une personne ! Je suis franchement en colère.,"Bonjour Olivia, je suis sincèrement désolé d'apprendre cela. J'espère que votre article est intact. Afin que je puisse remonter cela, je vous invite à remplir le formulaire suivant :"
80756,No me sale la opcion “cambiar” como indica en las instrucciones,Mónica en ese caso te aconsejamos contactar directamente con Soporte al Cliente por medio del siguiente enlace:
81752,I had a chat with them. I want it delivered by today or please cancel it.,Apologies for the delay with the delivery of your order. We'd like to help. Kindly share your details here: and we'll have this resolved at the earliest.
83340,What the Hell is this ??? This is how u cheat with us ??,I'm sorry about the trouble with the order received. Definitely not an intended experience for our customers. We'd like to help. Kindly report it to our support team here: and we'll have this resolved at the earliest. 1/2
83374,"Already replied. Ur representative had replied totally out of context. I want to ask when you are giving instant discount in lieu of the interest charged on EMIs for partner banks one of which is ICICI, why am I not getting the discount?","If you have written back to us, we shall surely review the situation and get back to you at the earliest. Appreciate your patience here."
83545,Have already share the order ID. U can check,We do not have access to your account details over twitter. Please share your details from the secured link provided by me earlier and we'll look into your concern. Appreciate your understanding.
86181,how long already 24hrs over.😏,"That's strange, Akarsh. Could you check here: and let us know If you've received any email correspondence from the social media team regarding the issue?"
89113,Just got home... and my sis informed me that IT NEVER CAME!! Our USPS delivery person WAS here.. but didn't deliver it... seriously..,Sorry to hear it Lionel. Have you gotten in contact with us about this new 'attempt' via:
89149,HQS Tbm estão 90% de desconto?,"Oi Alisson, é só clicar no link para conferir os produtos que estão em promoção."
89163,why does your service suck so badly lately???? Why bother being prime if you alll don’t deliver as promised,I'm sorry to hear that you are unhappy with Prime. Without providing any personal information can you let us know what has happened?
89320,"Not sure why Amazon love to use Aramex. They are seriously shit. Not sure why they say my address is incorrect. They are the only courier that can’t find TIA office, #fb","Hi, I am sorry to hear the problems occurring with your parcel. I understand the carrier is unable to locate your address. Have you been in contact with the carrier to get this corrected?"
90205,He was reluctant to do this and finally agreed to email the information. This was at 4pm. It’s now 23.29 and I’m still waiting,Is it possible it may have gone into your spam or junk folder? You can also check for messages sent by us in your Message Centre here:
91296,"Package due to be delivered today. Two hours ago your tracking page said ""Driver is making 3 deliveries before yours"", now it says there are ""7 deliveries before yours"". Is it being delivered in a DeLorean per chance? #backtothefuture #timemachine","Hey, apologies that your package is stuck in time and space! Packages can get re-routed due to bad traffic, construction, or weather. Sometimes the delivery schedule needs to be juggled. You should still receive your package today! ."
91303,"An item was missing from a multi-order box. The gift receipt is there, but the item isn't. Can you point me to a link where I can resolve this?",I do apologize about the missing item! You can definitely reach out to us for further assistance here:
93499,"Gnihihi. Klasse. Da werden mir vier Produkte angezeigt, für die ich ein Verpackungsfeedback abgeben kann. Nur das betreffende fehlt. 😂 Trotzdem danke für die schnelle Antwort.",Behalte mal den Link im Blick. Teilweise dauert es etwas bis die Funktion aktiviert ist. :)
93608,"Yes! regardless of the jargon you have just mentioned, I am paying for a service and expect it to be done! I needed my item by Wednesday and it still hasn't arrived. Poor service",Have you had any further update to the tracking on your order? Have you been given a reason for the delay?
93617,"Yeah, all of them and I still have no parcel. What's going on!?","Hi, what date was the parcel delivered? You can check here:"
93661,Hi. Please see attached :),"Thank you for the image! We would like to assist! As we do not have access to account specific information via Twitter, if you could reach out to us via phone or chat here: we will be happy to review the promotional code error further."
93740,iPhone X seems to double costly on Amazon India . Check it out👇,"Prices on our website is offered as per seller's discretion. However, we will consider this as feedback and share it internally to get this checked."
95345,So annoyed that I've paid next delivery on my order and it's now being held at depot and I can't even go and collect it😡,"Truly sorry for the wait, this isn't the delivery experience we expect! Have you contacted the courier? If so, were they able to provide any additional insight or options? Please, let us know. We're here for you!"
96659,It was next day Delivery FYI!!! PLEASE DELIVER TODAY OR CANCEL THE ORDER ORDER WILL BE REFUCED AT THE TIME OF DELIVERY.,"My apologies about the delay, Abhishek. Allow our support team to look into this. You can connect with us here: and we'll have this checked for you right way."
96665,"Nein. Auch keine Karte. Leider kein Einzelfall, in den letzten 2-3 Wochen häuft es sich. Pakete ohne Zustellversuch bei Läden abgegeben oder Angeblich nicht angetroffen. Ein Paket ist ganz verschwunden. Support ist informiert, aber so geht es nicht weiter!","Der Support wird die nötigen Schritte in die Wege leiten. Bitte melde dich nochmal, wenn wir etwas tun können."
96836,"I noticed that song ""ride"" does not play at all... Even though I have downloaded it....","I'm sorry to hear about this! What device are you using? Are you having trouble with any other downloaded music, or just one song?"
98597,merci pour la livraison avant l'heure de #U2SongsOfExperience 😀,Ohhh je suis ravie pour vous 😍 Fan de U2 ?
98659,Los de han conseguido que el siguiente pedido de me llegue a un locker. Allí sí reparte Seur y llegan al día siguiente (que para eso tengo el prime).,"Hola Rafa, ¿tienes algún pedido pendiente o algún inconveniente con la entrega?"
99770,"Entiendo que pueda estar sobrecargado pero no admito la falta de consideración ni la mentira, si no lo recibimos hoy, mañana mi hija sale de viaje, le diré que lo devuelva","Comprendemos tu molestia. En este caso, te recomendamos que reportes la situación directamente con nuestros compañeros de Soporte al Clienta para brindarte asistencia personalizada."
99861,"The original date was 11/27 (I ordered on Sunday), then it became 11/28, and now it's ""we hope you get it by Saturday""","Have you tried reaching out to the carrier? If so, what options or insight was provided?"
101735,"Ha pasado más de un mes de una devolución a y todavía no ha dado señales de vida, para comprar si que es fácil....#comerciolocal",Lamentamos los inconvenientes con tu devolución Javier. Podrías indicarnos si el producto que devolviste era vendido o gestionado por Amazon o si era de un vendedor externo?
101775,idk why I pay for prime anymore... my packages haven’t been coming in two days & even tho I specified to leave items on the porch they keep throwing my packages on the lawn or in the flower bed. Unacceptable.,"Are you noticing this trend with a specific carrier? We'd like to help, but need more information!"
102897,Normal de recevoir une carte graphique sans carton de livraison et ouverte dans cet état ?,"Bonsoir, je suis vraiment désolée que l'article soit arrivé dans cet état, est-ce que l'article est intact ?"
102967,Je n'y crois pas un seul instant. Je n'aime pas qu'on me mente ou qu'on me manque de respect. Votre service clientèle n'est plus ce qu'il était.,Avez-vous reçu un retour par notre service?
103108,Which one of you is to blame 😧,"Hi, Alyzande! Please visit us here for some troubleshooting information:"
103998,È facile dire mi dispiace,purtroppo da Twitter non abbiamo modo di verificare il tuo ordine. Per assistenza puoi contattare i miei colleghi del Servizio Clienti al link: Buona serata!
105096,hi! I ordered eight trackers and only got six in the bag. What should I do?,"I'm sorry you received less than you ordered! We'd be happy to help! When you have the time, please visit us here: and we can explore our return options."
105158,Yesterday I was promised delivery today. The person tried to phone today but I was teaching. When I phoned I apparently wasn’t able to be transferred to him or speak to a manager. Amazon you promise much and deliver little. It’s becoming more frequent.,I understand. I would like someone from our Social Media team to look into this for you. You can reach out to us here:
105281,"I’m having some trouble with Alexa, any troubleshooting tips?",I'm sorry to hear this! We'd love to help. Can you provide more info on the issue you need to troubleshoot?
107233,so much for service? screw all your deliveries. Then proceed to be the rudest customer service explaining sometimes the drivers decide to not deliver. sarcastically end the conversation and delete the chat. Beyond annoyed. Prime is so great now,"I'm sorry to hear about the experience you've had with us! Please give us another chance to help you. Without providing your account details, can you give us more information on the issue you're having?"
107246,Can help me with my statistics class? #MBA2018,"I can't promise it will help with your class, but there is a statistics skill you can add! 📈 We have a variety of skills to expand the things Alexa can help with. Additional details can be found here:"
107304,"any idea all day been waiting, it dose not take all day to get from Enfield to Harlow now does it.....","I'm sorry to hear about the recent delivery issues! Couriers are out making deliveries until 21:00, if not received by then, please reach us directly via phone or chat so we can look into available options for you:"
108160,"Não consigo efetivar minha compra no cartão de débito com vocês, . Vocês podem ajudar ???","Olá Sérgio! Sentimos o acontecido, me diga, apareceu alguma mensajem de erro ou você recebeu algum e-mail informando sobre algum incoveniente?"
108267,"vaya vergüenza de servicio. Primero me pierden un pedido, después vienen a entregarme otro cuando he pedido un horario específico, paquetes abiertos... ¡Vergüenza de servicio! #BlackTimo #AmazonDeVergüenza","María, lamentamos mucho que tu experiencia fuera insatisfactoria, en este caso, te solicitamos enviar tus comentarios a nuestro Centro de Servicio para que ellos trabajen en la mejora de nuestra plataforma al siguiente enlace:"
109780,"Oh, I always have issues with Amazon couriers. It's super sketch just to have a random dude show up with an Amazon package for you with no identifying logo. And why does it matter if it's 3rd party or not? It's still your platform, your responsibility.","If we've missed the delivery date provided in your Order Confirmation e-mail, we're happy to review available options with you here:"
109819,has literally delayed my prime delivery twice now and I feel like an asshole complaining about a first world problems but cmon,"I'm very sorry for the delays, Richard! Has there been any reason given why the delivery was delayed?"
109876,before sending checked with live chat I'd get a full refund. They said yes. I returned. Now you're saying the credits lost,I'm sorry to hear we've let you down like this! I'd like a member of my team to look into this with you further: Thank you!
111744,I have already done so. Where is my response? In the bin also?,"Did you send us an e-mail? If so, e-mail responses can take up to 12 hours. If you haven't already done so, you can set up your Unattended Delivery Preferences here:"
111968,"Hi Amazon, have some questions about Echo and compatibility with previously built in home speakers. is there a number i can call? Thanks.",We'd be happy to help! You can reach out to us by phone or chat here:
114296,De nuevo me canceló mi envío 💔.,"Hola, nos podrías indicar cual fue el motivo de la cancelación de la entrega por parte del transportista?"
114318,"Difícil é escolher só um.. Mas eu amo o Kal-El, dms!!! E a Mulher-Maravilha tmb! Dá empate kkkkkk",Dá empate sim! Eu amo a atriz Gal Gadot do filme Liga da Justiça! Ela é inigualável! 😍👏
114372,"Das hab ich. Allerdings würde ich das Spiel gerne zeitversetzt sehen (1-2 Stunden), nicht erst 12 Stunden später. So geschehen am letzten Freitag. Geht das auch früher?","Leider nein, aber ich gebe dein Feedback hierzu an die zuständigen Kollegen weiter."
114400,3 colis non reçus alors qu’ils sont notés « livrés » sur votre site ! Toujours à la même adresse ça commence à faire beaucoup 😤😡 ça vaut le coup de payer Amazon Premium tous les ans,"Bonjour, je suis navrée pour ce désagrément, quel est le transporteur en charge la livraison de vos colis ?"
115867,"That worked... but it's now reverted back to only allowing Express Delivery (Monday). Have deleted and re-added my address again, but this time it's not allowing Sat/Sun delivery.","Hmm... just to confirm, Gavin, when you delete and re-add your address, are you opting to allow weekend delivery?"
115951,"23min in der Warteschleife, dann sagt grad jmd. ""Hallo"" , ich stelle mich vor (mit meinem ausländischen Nachnamen) und er legt auf. WTF ?!?!?",War bestimmt ein technisches Problem :( Hast du es nochmal versucht? Lieben Gruß
117904,Your customer service and still no delivery,I'd like to have a member of our team look into this for you. Please provide details here:
120153,Tudo do kindle unlimited,Sério Parzial! Há quanto tempo você assignou o Kindle Unlimited😱?
120178,"Quick question, why is there no ""List view"" option on Amazon Canada, as with ""Grid view"" and ""Image view"" are basically the same thing, and less useful than ""List view"". Thanks.","Hi! That is interesting, are you using a web browser or the app, and which device are you using? Let us know!"
120207,"Creo que es un vendedor externo, ErgodeBooks. Los pedí el 23 de octubre y el pedido llegaba entre 2-5 semana.",Verito sería importante contactar primeramente con el vendedor para que pueda ofrecerte la información actualizada de tu pedido. Para enviarle un mensaje al vendedor puedes seguir los pasos siguientes:
121063,no me dieron mi numero guia porque me pidieron una info de la direccion de facturacion y no me han dado respuesta de eso.,Podrías verificar el estado de tu pedido en el siguiente enlace para asi poder obtener más detalles de la situación:
121089,Hi it's been 5 days now since I placed my order and still hasn't been dispatched. The product went in and out of stock couple of times and your support is of no help unfortunately. Care to assist?,"I'm sorry about that. Unfortunately, there are some delays at the moment #cmw Via Twitter I can't tell what exactly is going on, sorry."
121147,do i️ have to cancel my current membership and sign up again to get this deal?,"This offer is only for new subscribers. If you've had a membership in the past, you won't qualify for the promotion."
121974,I sent a message about my account being blocked. Please help,I'm sorry for the trouble! We've responded to your DM. Please check your messages.
122000,possibly the worst customer service of all time,"I'm sorry, JJ! We're here to help! Without revealing account information, please tell us what's happened."
122774,Me tiene que llegar hoy un paquete de por No sale en entrega.. Empieza el drama.,"Hola Fernando, sentimos las molestias. En caso de que no recibas tu pedido hasta el final del día, por favor entra en contacto con nosotros."
123403,Ok sounds good thanks. Done.,You're welcome. Do keep us posted for any further assistance.
124027,Mi pedido está en ruta de entrega desde temprano. Tendré que esperarlos mañana :(,"Ady las entregas de los productos llegan máximo entre 8:30 p.m. a 9:00 p.m. Te recomiendo contactar con el transportista de tu pedido, te ofrezco la información de contacto:"
126122,It was a great help from ur side with ur pre scripted n repeated answers n yes for delivering a soap in d packet of phone.,We understand you have received a different product than what was ordered. This being a public platform we would not be able to access your account/order details here. Kindly reach us via the link provided earlier and we'll get in touch with you soon.
126810,"Kkkkk Sim já vi o anime, e virei fã, agora estou empolgado para ler os mangás.","Que legal! Com certeza você vai adorar a leitura dos seus mangás, Lian! Abraço! :D"
126842,Olá acabei de comprar o produto Thor bomba divina na promoção e quando eu fui fechar o pedido ele parece que saiu da oferta. Por favor posso entrar em contato em detalhes com vocês?,"Olá, Scott! Por favor, confira estas informações:"
126878,Na expectativa de uma promo na Black Friday para garantir o meu,Fique pendente de nossas surpresas Thiago😉.
128121,Pero vale 450 al mes!!!,"Hola, te comentamos que Prime Video es uno de los beneficios de la suscripción Prime, si tienes tu suscripción activa no tendrás ningún costo adicional por el servicio de Prime Video. Puedes ver más información aquí:"
128714,Amazon.in Order # 408-1528738-0576311 I ordered shoes which need to be delivered yesterday. I m a prime member and it was assured delivery by yesterday. Delivery agent post wrong update that customer was not reachable when we already had conversation on delivery.,"Please don't provide your order details, as we consider them to be personal information. Our page is visible to the public. (2/2)"
129213,"Vale, entonces si no me ha llegado un correo diciendo que no se ha podido realizar el pago, es que está todo bien, no? De momento sólo tengo el correo de confirmación del pedido. Gracias por la rapidez en la respuesta!","Correcto Sara, solamente es cobrado al momento en que es enviado, por lo que el valor no se debita hasta que recibes el correo de que ha sido enviado."
130350,Not yet.. Have to time to do tweet number times please let me know by when you can deliver my product.. Have already shared my order number. Please do the needful.,"That's strange, Sunil. Could you confirm If your email ID is associated to your Amazon account? If not, please add it here: and fill the form again so that we can help you out accordingly. Appreciate your understanding."
130854,What reply in that only false commitment u guys giving,I get your concern. However our team is working on having this resolved as soon as possible. Appreciate your patience and understanding in this regard.
130854,As discussed with ur executive it should be delivered at my other address on 13 nov,"As mentioned earlier, our team is working on having this resolved as soon as possible. Appreciate your patience and understanding in this regard."
132359,Spoke to 2 people yesterday who basically just read out the information I already have via your app. Raised it as a complaint but heard nothing back! I've emailed your customer services today. I await reply.,"Please keep us informed about the reply you get, Joel."
133629,Amazon a procédé à la mise à jour de mon compte sans mon consentement et cela a engendre l'impossibilité de commander sans devoir ressaisir le numéro de ma CB,Pourriez-vous m'expliquer davantage SVP ?
133634,Pourriez vous me renvoyer le lien pr le formulaire svp?,Le lien est le suivant:
133676,"Thanks, kinda stressed as I'm away, and my husband needed the trousers for a night out tomorrow. Wanted them at latest today to make sure they fit. Ordered on Tuesday Very very disappointed.. I've ordered from a catalogue now and want a full refund. Really stressed!",I understand your disappointment. Now that you have provided your details a specialist will be in touch and can take a look in to that for you.
133715,Die Sendung wurde noch nicht Mal im Verteilzentrum bearbeitet. Aber ich warte gerne auf den Anruf von .,Ich gebs dem Kollegen gleich weiter.
133762,"Bekomme morgen das erste Mal eine Lieferung mit Amazon Logistics. Gibt es irgendwie eine ungefähre Uhrzeit, wann die zustellen?","Nur ein sehr großes, generelles Zeitfenster: Zustellungen erfolgen von Montag bis Samstag von 7 bis 21 Uhr. Infos zum Ablauf der Zustellung findest du hier: Gruß"
133845,I want to know the status. Am I going to get my money back? Or is it that you are going to keep sending the same kind of emails every time? #Pathetic #cheaters #worstcustomerserviceever,"As mentioned earlier, kindly respond to our correspondence which you have received. If you are unable to find the mail in your Inbox, request you to check in spam or junk folders."
133896,what is this my package is in Gujarat since 3 days,All the packages are shipped on time so that it reaches you by estimated delivery date. Could you confirm me if we happened to miss the mentioned time frame? (1/2)
133916,Merci beaucoup pour m'avoir bloqué mon compte sans mon accord juste parce que j'ai passé une commande d'un autre ordinateur... Un peu d'aide please ?,"Bonjour, je suis désolée pour cela, avez-vous reçu un e-mail avec la raison ou la démarche à suivre afin de débloquer votre compte je vous prie?"
134867,#Amazonsuffers Almost 2 weeks chasing you all just for a simple replacement. Seems either people out there are dumb or really no one cares wht customer is facing. Wakeup & imagine life without fresh drinking water for 2 weeks. Wht a shame. Hope someone responds. Phew!!!,"I am sorry for the trouble you are going through. Please share your details here we would assist you accordingly. Please don't provide your order details, as we consider it to be personal information. Our Twitter page is public.​"
134924,"I have another parcel being delivered today, but this one (the only one I actually care about selfishly), seems to be in the ether.",What does the tracking say on that one?
135043,"Wenn man die Internetadresse eingibt, kommt: Wir konnten diese Schließfachinformationen nicht herunterladen. Versuchen Sie erneut, den Barcode zu scannen.",Ich gebe es weiter an meine zuständigen Kollegen. Danke für deine Mühe!
135059,Si !!!! Es el HP que esta en oferta.,En este caso el producto que nos has indicado si tiene unidad de Dvd.
136153,"Hey , was soll das? Einfach die Bestellung stornieren und dann sagen: ""da können wir nix machen"". Aber nachträglich stornieren ging noch? #angebotdestages #amazon #fail","Hi! Kann ich verstehen, dass dich das ärgert. Amazon behält sich vor, die Bedingungen zu ändern oder ein Blitzangebot zu beenden. So verhält es sich auch mit hierzu aufgegebenen Bestellungen. Tut mir leid 😐"
136169,It's not a usual thing for not to have dispatched items 3 days after ordering is it?,"Hey Stephen, have you had any updates to the tracking of your order?"
136895,"Thank you for this insight .... But still it doesn't change the fact that none that I know of, has ever won anything in these contests :(","We don't intend to let you down, ever. We would rather wish you the very best for the upcoming one."
136914,Meine neue Fernbedienung von FireTVStick 2 funktioniert nicht. Bekomme sie nicht mit dem Stick gekoppelt. Gerät und Fernbedingung sind Neu! Bitte um Hilfe!,"Mhm, komisch. Am besten mal schnell hier durchklingeln und prüfen lassen:"
136920,"You will notice I have historically praised Amazon for their support, but today the support has been appauling. I spoke to a supervisor who told me I must not have raised my order in the right period.",I'm sorry to hear about the poor experience. Without giving account / personal info can you tell me what the issue was?
137025,Hey - What happened to my next day delivery?!?,Hi Charlie! One day delivery would also depend on stock availability and the delivery address selected. May I ask what you're purchasing so we can take a look?
138183,"Es ist so, der Artikel ist gerade 44,95€ günstiger als sonst. ;)",Vielleicht kann als vorübergehende Lösung jemand für dich bestellen?
138200,"Oui un mail pour erreur de prix, mais des commandes ont été honorées, donc je ne vois pas pourquoi moi la mienne a été annulée",Quel est l'article en question s'il vous plaît?
138272,Missed it...will it be available only for one hour everytime? Becomes inconvenient as people would not b free right in the middle of the day,I'm sorry you weren't able to place your order for the One plus 5T. The deal lasts till it has been 100% claimed and doesn't have a specified time frame.
139930,Is there a customer service hotline or email to contact? this is by far my worse and most disappointing Black Friday/online shopping experience,"I'm sorry to hear of this. Without positing any personal details, can you let us know what happened?"
140929,"Danke an ! Weil ich dieses Jahr noch nicht über 100€ bestellt habe, darf ich das Handy für 250€ nicht per Lastschrift bezahlen! Find ich super! #Kundenservice #keinPrime",Leider können wir diese Entscheidung nicht ändern. Gründe hierfür: Tut mir leid. Lieber Gruß
141086,Recevoir un colis à réceptionner avant le 30/11 (mail à l’appui) et recevoir un mail disant qu’il est reparti au dépôt aujdh 24/11 c’est normal ?? Cadeau de noël de ma fille. Merci le service 😠,"Bonjour, désolée pour cela. Pourriez-vous nous expliquer davantage la situation s'il vous plaît?"
141102,What should i reply in this? Is it a resolution? Why you guys are playing around? See no big moto just will keep you reminding everyday.,Kindly reply to the correspondence sent by our team so that we can assist you.
141116,Guys can i get a response. it more than 24 hrs. yet waiting for your mail.,Could you please confirm if you have shared the details through the secured link provided earlier. Twitter being a social platform we will not be able to access your account details from here.
141131,"Comprei 6 e-books que estavam na minha lista hj...Obrigada , vcs são demais! 😘😘",Super bacana!! Há quanto tempo você estava aguardando pela promoção?
142056,". - Order not delivered. Customer support team says order delivered. And for any investigation further, you need aadhar card to verify me? SERIOUSLY?","We're sorry to know that you haven't received your order yet. We'd like to have a closer look into it, please share your details here: and we'll get in touch with you."
142140,Thank you for your help,Of course! We'll be in touch soon!
142790,"Loving the fact that Amazon’s One-Day Delivery service that I pay for is taking 5 days at the moment. Pathetic, Amazon.",Hi. I'm sorry to hear that. Was the order received later than the estimated delivery date given at the time the order was placed?
142872,Well as I said it’s multiple but I would have thought if I ordered something from prime today (Friday) at 10am I wouldn’t have to wait till Monday to receive it? Plus I’m in Swansea and the amazon warehouse is about 4 miles from my house 😂,Thank you for the information. Some items can take longer to process. You can find more information here:
144089,"Hi team not sure if you want to resolve the issue , not a single call or reply from your end, kindly confirm if you want to deliver the product or not ....Atul Mishra mob - 9899320750","I apologize for the delay in resolving this issue. Our team is working on it. We'll contact you once we have an update. Please don't provide your details, we consider it to be personal information. Our page is visible to the public."
144148,Tengo debilidad por ciencia ficción/terror/thriller. Pero todo es bienvenido!😉,"¡Wow, qué generos tan geniales! A nosotros en ciencia ficción nos encanta Star Wars😍. Cuéntanos un poco más de tus títulos favoritos a través de este enlace:"
145845,#amazonIN Please make Cash on delivery for the pincode 625518. Due to inconvenience of COD people choosing other online store.,"I realize it must be upsetting, Harish. Multiple factors may result in unavailability of COD on a particular pin-code. You may refer to this page for more information:"
145856,cuando yo lo compré estaba a 26€,¿Nos podrías decir si el producto que compraste es vendido por Amazon o por uno de nuestros vendedores externos?
145900,"Hey I have an issue I can't get to fix. Lived in the USA for 6 years, now I'm in italy. I have two accounts (.com and .it) and would like to merge. Nobody seems able to help by phone","Hi there, I'm sorry you weren't able to get an answer to your question before! At this time, we don't merge accounts in that way. -RD"
147239,"Having problem with delivery, pls get in touch",I'm sorry to hear about the concern regarding the delivery of your order. You may arrange a call back from our support team via and they will be able to check it out for you.
147335,"Até eu me surpreendi! Vi q tinha ido pra instalações da transportadora, pisquei, minha mãe gritou q já tinham entregado o livro. Medalha de ouro em entrega 🏆🏅",Só queremos que você seja feliz! Agradecemos muito essa medalha 😌 Você ganhou também uma das nossas estrelas 😉
149166,o sistema de avaliação de vocês está com problema? Não tem como clicar nas estrelas e não carrega o campo pra escrever a avaliação dos livros que comprei.,"Olá, sinto muito pelo inconveniente. Você tentou limpar os cookies do navegador de internet ou utilizar outro navegador?"
149181,I have deleted it unfortunately. Can u send me a complaint email address pease,You can send an e-mail here:
150540,When claim they failed to deliver a parcel to me today when I am sat right where I can see the front door and no one has been!!!,"Hey, sorry to hear that. Did you receive an email with a reason for the failed delivery?"
152122,"Hi, whats wrong with new update. Just look how's it working on several page. :😱😁😁😁","Sorry for the inconvenience with the app. I request you to please uninstall and reinstall the app. If the problem still persists, kindly reach out to us here:"
153702,Great birthday present but I appear to be missing the disc....,"Oh no, Issy! I'm sorry to see this. Let's look into available refund/replacement options here:"
156786,à encore frappé... Pauvre enveloppe pour un envoi fragile international....,"Bonjour, je suis sincèrement désolée pour le désagrément causé par cet incident. L'avez-vous signalé à notre service client s'il vous plaît ?"
156804,"¿El ""y muchos más"" incluyen HBO GO y Plus? Y no me manden ala página de detalles que no dice nada. Gracias","Hola, Rocket. En el siguiente enlace puedes ver el material que tenemos disponible: Saludos."
158848,Please share the Next G.I.S Dates? :),We currently do not have any update on this. Stay tuned. :)
160404,Voy a gastar todo el dinero de mi tarjeta en,"Hola, Andy. 😊 Tenemos buenas ofertas que puedes aprovechar para no quedarte sin dinero. Ojalá y puedas organizarte para que te alcance para lo que quieres y necesitas sin quedar en ceros. 😁 ¡Un saludo! Y feliz black friday."
163486,Cheap email sent by Account Specialist #poor #approach #cheaptactics #unethical #insane,I'm sorry for the experience you've had. Could you please elaborate on your concern so that we can assist you better?
163512,"Me ajudem: não consigo efetuar o pagamento do pedido que fiz na black friday (quarta 22/11). A página direciona para o banco, mas não oferece opção de pagamento.","Olá, Luidson! Neste caso, você recebeu alguma mensagem de erro?."
163591,"On a pas de fax, on fait comment ?","Dans ce cas, vous pouvez adresser un courrier à l'adresse indiquée sur l'e-mail?"
164799,"Son las 21h.Toda la tarde perdida esperando un paquete que lleva en reparto desde esta mañana.Solo he tenido problemas de entrega con Amazon cuando lo envía mediante Correos.Ahora qué.,me espero al Lunes?Muy,muy mal :(","Hola, disculpa todas las molestias ocasionadas. ¿Has contactado directamente con para verificar la entrega del paquete?"
166341,: ¿me estáis troleando o qué? Foutage de gueule. Sérieux.,"Bonsoir, je suis désolé pour le retard :\ Que dit le suivi de votre colis ?"
169467,"Posso fazer uma pergunta, essaa letras no final sao os nomes de vcs?","Isso mesmo, são nossos nomes, Jaciana 😊 O que você mais gosta dos livros dessa autora?"
169472,"Mhm I haven’t received an email yet, but if I’m not mistaken if the payment was taken out of my account does that mean it’s in the shipping process or has shipped already ?",Usually you will see a pending authorization when the order is placed which and then see a posted charge once the order is shipped.
169512,That didn’t end up working.,I'm sorry for the ongoing issue. Were you able to try claiming another lightning deal?
169603,não achei essa informação lá no site,Elfo o Código AO0456 confere com o ASIM ( Código de cadastro do produto no site). Os kindles tem um numero de modelo único por aparelho o qual é assinado em quanto voce realiza a compra.
170987,"Thanks, but the app should enable this as well...","The app does support creating a return label. If you already created it, we've sent you an e-mail with a copy of the label. It can also be viewed from the order. Go to: Your Orders > (Select the item) Return started > View return label & instructions. Scroll down."
171006,"this is just ridiculous, new credit card details out in and your still saying unable to update charge payment!!! I have customers waiting and you’re blocking the account!!! #disgrace #joke",Oh no! We'd like to help! Can you tell us more about what's going on? Are you a seller with us?
171047,Hi 😊 will you restock the 500GB playstation 4 at the 199€ price tag? It’s sold out 😕,At this moment we don't have information about when this product will be available again. Please keep an eye on our website :)
172224,"frustrating to get ""order delivered"" text with...no ""order delivered""...then get told...""wait 36 hours""...ugh",I'm so sorry you have yet to receive your order! We strive to meet the expected delivery date shown in your order confirmation. Who is the carrier assigned to your order:
172290,Nn ho pc dietro. Cambiata psw su browser ma cmq errore su app quandoi chiede impronte digitali. Grazie!,Che errore riscontri? Amazon non chiede le impronte digitali per accedere all'App. Facci sapere!
172298,sinon vous pouvez appelées vos informaticiens qui gère le site là parce que ça commence à être casse couille !!!,"Bonsoir, pourriez-vous nous en dire davantage sur le problème que vous rencontrez je vous prie?"
172298,Impossible de me connecté sur ordinateur et mon téléphone j’ai supprimer l’appli puis je l’ai re télécharger ils disent un problème est survenu et c’est tout,S'agit-il d'un problème de mot de passe?
174584,then I get a notification of delivery and they took a pic of the package sitting at my door! whuuuuut. so tight. #iloveamazon #prime,We're glad you're happy with what you're hearing and seeing from us! Enjoy the order!
175421,"Quiero resolver el problema de un pedido perdido en tránsito, dicen que me comuniqué con un representante pero no dicen cómo.","Hola, Juan Carlos. Lamentamos este inconveniente. ¿Este pedido es vendido directamente por Amazon o por un vendedor externo?"
175424,"I installed the new Appstore on my Galaxy Tab S3, but it never moves past the ""Continue"" button on the front screen, no matter how many times I tap it, or Force Stop the app. Any suggestions would be greatly appreciated. Thanks!","Hello, Brian! Have you tried uninstalling the app and reinstalling it? Also, make sure it is updated in the app store. Let us know if the issue still happens!"
177372,Your Customer Service is shocking! Not what i expect from a big company like you!,"We'd like to help! Without revealing account or order information, could you tell us more about the issue?"
179080,The book was in pristine condition and not damaged. I do not need a replacement,"If the book is ok, then you do not need to contact us for a replacement."
179135,asking for 6 more hour wtf tell me exactly how much more hours u need to send me a right invoice #Amazoncheat,I'm sorry the issue is taking longer than usual. We're working on it and we'll get back to you soon.
179141,My account is on the NL site.,Hi - pls use this for more info - and to contact us :
179200,Email sent - not very hopeful,Please keep us posted.
179233,"#Amazonfarji I have not received my product till now, #Amzagents not responding properly.",Sorry to know you are yet to receive your product. Please report this to our support here:
179544,Im in the US and order was placed Sep. 28,"Sorry, have you contacted EA about this:"
179561,Pehle previous #Contest ke winners announce karo ... I gave my bestest work & creativity but looks you didn't care at all #FireUpYourTV 😏,Winners of the previous contest have been directly contacted via email.
179846,"Although I've already share my order no, yet you are not able to track. Please initiate my refund",here: and we'll contact you soon. (2/2)
180024,"I ordered a hard drive from amazon india , after 2 days your courier partner told me to pick the product from a place which is 20 km away",I'm sorry about the hassle. Have you escalated the issue to our support team here: 1/2
180126,Reverse pickup is still not done. Why i have to hassle so much ?. This is how escalation works in amazon ?.,We apologize for the delay. We'll ensure to close this at earliest.
180133,"Any updates, issue still not resolved. What else i have to do. This is how escalation works in amazon.",We are working on the issue. We'll get back to you at the earliest.
180297,haaaaa la la et ont encore frappés mdrrrrrrr 😂,"Bonjour, comment pourrai-je vous aider ?"
180328,Yest again courier agent came around 1:30/2 but told my mom that ur pickup is scheduled from 4-7 pm and again left..just an update,We are working on your concern. We will get back to you with an update at the earliest.
180337,Send the courier person before 9 as I have to leave post that..and u can tell them to check IMEI from the invoice and don't create issues,We can't view or take actions on your order as we don't have access via Twitter. Please revert our email for proceedings.
180377,"After canceled orders and delayed order, the only thing left was your customer executives raising their voice. Pathetic services",We're sorry for the inconvenience. Please share your details in this link here: and we'll help you.
180386,"Current view even says FREE UK delivery, then adds £5.28 at checkout",I'm sorry you are seeing a charge! What shipping speed are you using for the order? Different methods have different prices.
180441,Thanks for advice. But now I want to search my product in another company.,"I'm sorry about the previous Tweet, we'll forward your comments as feedback to the relevant team for improvements."
180503,They couldn't help me. Claimed I get the beta key when the game ships next month.,Hi Bill- Was a reason provided for the wait?
180634,"Y después de hablar por chat con dos personas dedicadas a la atención al cliente, no saben decirme cuando llegará",¿Has conseguido hablar con la compañía de transporte para verificar lo que ocurrió con tu pedido?
180826,I appreciate patience I've written & tagged him 1000 time but no word from him this show mentality and CRM,"The resolution provided in the email is the best. Also, the issue is being handled by our specialist team.(1/2)"
180826,Can you please let me know what resolution been provided ?? this is really pathetic isn't it my old parents need to run to 1/2,email with further concerns/queries on the subject and we will revert on the same. (2/2)
180932,I am located in Florida. How on earth is this acceptable for a 1-day shipping order? This has happened TWICE in a row both 1 day shipping. 2 weeks to get 2 orders with 1 day shipping is ridiculous..,I'm sorry for the delays Jason. Please give us a call so we can get the information for these.
180957,"I have share details already. What should I do ? Can I cancel the order ? If I cancel , may be you will refund my money after 1 month","We've sent a correspondence to your registered account, request you to check. We'd appreciate your understanding."
180960,Is this the help you are giving me from 1 week ?,We've sent a correspondence to your registered email address. Please check and revert. (1/2)
182565,v disappointed with your customer service. Getting married Friday and got 40 of 160 paid for shot glasses. Rep wouldn't do anything.,"I'm sorry for the troubles with your order! Can you tell me who's the seller, Amazon or third-party:"
182574,hey - i am locked out of my account and i want to cancel my audible subscription ASAP. pls advise what to do. thanks.,"Hi there! Just to clarify, what message are you receiving when you try to sign in to your account?"
182601,"Again, a damaged product... Looks like you folks need to shut down selling large appliances on ! please connect",That's odd! Please report this to our support team here: We'll help you further.
182614,Samsung. I've been able to purchase music before via phone.,"Thanks for the update, Lisa! Let's take a closer look into this with you in real-time:"
182811,"Solucionado, después de 2 días de retraso el envío 24h llegó a su destino. Gracias.","Hola, lamentamos el atraso y nos alegra saber que ya tienes tu pedido. No dudes en contactar si requieres asistencia."
182823,I can pm you my order number to check,"Since we do not have access to orders or accounts over Twitter, we would not be able to access your details. There may ... 1/2"
182844,hi why does prime now suddenly cost 3.99 for delivery? Never used to and I still have Amazon prime,Did your purchase meet the minimum purchase requirement?
183278,Twitter handle? Dont know how to fill it. Order ID: 402-5426426-4839518. Fed up of follow up. Escalation team fit for nothing but lies.,We'll not be able to view your details via twitter. Kindly fill in your details as asked above and we'll help you.
183412,But no point they deny go give no cost emi and say that you ordered after promotion where over! So kind of tricking end customers,We'd like to help you. Could you let us know if you've shared your details via the link provided earlier?
183503,hätte ich nicht eine Bestätigungsmail bekommen müssen wenn das bereits von September ist? In „Mein Konto“ steht auch nichts.,Wir haben dir bereits per Privatnachricht geantwortet :) Liebe Grüße
183516,No sir now it was not showing 😁,Please reach out to us from the link here: and we will assist accordingly.
183554,Yet I haven't got the delivery of package which was to be delivered on 9th October,Sorry for the delay. We'd like to help you. Have you reported this to our support here:
191544,"... stilllllll waiting on Amazon to send me a code, placed my order in April 🤔",I'm sorry you haven't received the Beta code yet. Please contact us by phone or chat:
191576,Alexa - who is the chief minister of Tamilnadu ??,"Alexa can answer a variety of questions about people, geography, dates, movies, music, and some sports scores."
191660,Filled. Also sent DM with the details,Thanks for keeping us posted. We've received your details and we will get in touch with you soon.
191776,any word on if physical copy preorders will be available at all?? Prefer it over digital copy :(,On the link provided above you can choose a physical copy of the game and the platform. It will be released November 17
192298,"Shocking chat and phone support staff! Unknown bank transaction from ""Amazon Luxembourg"" they said it was from a free trial, but when asked why Luxembourg ""they couldn't see the bank transaction"" 1/2",So sorry for your poor experience. You can give direct feedback about an agent through the email that was sent after the 1/3
197617,Tell me when my acc. Will be blocked,"If you've received an email from our account specialist team, kindly reply to the same email (1/2)"
197836,"Have filled details twice, but no response yet. Reminder 2",If you've shared your details in the link. You might've received a correspondence from us. Please check your mailbox.
197888,"Tengo la cuenta bloqueada sin motivo alguno y ya mande la información necesaria, ¿cuanto más debo esperar????","Si ya mandaste los documentos, por favor aguarda una respuesta hasta 24 horas laborables desde el día que los enviaste."
197991,you haven't send me the form link. I got the contact us link. Send me the social medial complain form link,I'm sorry for the confusion. Here is the form: Please fill it and let us know. We'll check this.
198001,"Não aparecem. Eu já desinstalei e instalei, mas não resolveu. Na minha conta, no site, eles aparecem em conteúdo, mas no app não 😢",Pode falar com o SAC ( eles te ajudam!
199981,I received a damaged product today from amazon. order number 406-3167131-0133142 . amazon india,We apologize for this. Allow our support team to investigate this. You can report this here: (1/2).
200040,oi oi eu to muito triste por favor manda meus livrinhos pra eu ficar muito feliz 😢🔜😍,"Oi Gab, qual é a data prevista de entrega do seu pedido?"
205025,I've tried them already. They're not answering my questions & are just trying to get me to sign up for a new account. Any other suggestions?,The link sent by GL is how to reach out to the Associates Program about your account. Are you unable to sign in?
205066,I love but just had our first casualty 🐣,Oh no! Sorry to see this happened! Have you reached out to us to look into available options? Let us know!
205223,When 2-day shipping takes 3 days and you have to wait another day for your book... 😫,"(2/2) If we’ve missed the date in our order confirmation e-mail, please let us know here:"
205691,"No this menu is to set up lighting groups. Multi-room speaker groups should be set up in ""Settings -> Audio Groups"" but it isn't there!!",We'd like to troubleshoot in real time with you here. Please use the phone or chat option:
205780,Hasta que hora hacen entregas?,Hola Hugo. En este enlace puedes ver los diferentes horarios de entrega de los transportistas:
205962,"I pre-ordered on pre-order day, was scheduled for tomorrow delivery, I checked my order this morning and noticed it gave me an option..","Hi, making any changes to a pre order can affect the dispatch & delivery date. Sorry for any disappointment."
206190,Filled this form out about 5 days ago. No one's contacted me yet.,If you haven't received any email. Kindly share your details once again in the link provided earlier & I'll contact you soon. 2/2
206756,please advise of your complaints process. Your agents on chat and phone refuse to log a complaint.,"I'm sorry to hear that. W/out giving any order/account specific details, can you let us know what your issue is?"
206773,1h33m call full of contradictions. Somewhere a parent who needed school shoes for their kids is probably on the phone too...,I'm sorry for the mix-up! Were we able to provide any options or information? Please let us know! We'd like to help!
206930,"I appreciate that but I'm just concerned where my parcel is? It's been ""out for delivery"" for 5 hours",I'm terribly sorry for the delay! Please reach out to us via phone or chat here: for more assistance!
207551,Three orders in a space of one week not sowing up - one order has not turned up for two days? Awful service and diabolical customer service,Were these orders shipped and sold by Amazon or a Marketplace seller?
210304,"pay next day - Now expected 4 Oct - 6 Oct We’re sorry your parcel is late. If it hasn’t arrived by Saturday, 7 Oct - seems legit.",Please contact my colleagues from the customer service: They will be pleased to assist you.
210468,But i am complaining you about selling same product at multiple different prices.,"Harshad, the prices on our website are solely to the discretion of the sellers, and they're the ones who decide the prices.1/2"
215087,Beginning to think is protesting Because the app never works on my firestick,I'm sorry you're experiencing issues! Are you receiving an error code? Have you tried un/re-installing the app?
215748,"yo, real quick... shout out to for literally having everything and anything you can think of, and having at my doorstep hours after I order it. it's basically magic.",Thank you so much for the shoutout! We love hearing you've had such great experiences with us.
218044,another day. Another package not delivered as expected. I'm out of patience for you. #WhatsThePointOfPrime?,"I'm sorry to hear we've let you down, Ron! Have we missed the delivery date shown in your confirmation e-mail?"
219484,I do appreciate the swift response via tweet.,Please keep us posted and let us know if there's anything else we can do to help!
219541,you always reply the same and my reply it always the same THAT I HAVE NOT RECEIVED ANY NEW COMMUNICATION.,received from our team and we will respond on the same. (2/2)
222688,"Late deliveries are a normal occurrence, why are we wasting money paying for Prime?",I'm sorry for re reoccurring delivery issues. Are you noticing this trend with a certain carrier:
222796,Please resolve I am waiting for 2500 cashback from last 8 days,We've sent a correspondence to your registered email address. Please check with the same.
222868,But didn't get the mobile,This offer is inaccurate. Please refer to genuine offers only on Amazon.in.
222868,Inaccurate I went mad downloading these apss,and do not open any attachments or click any links it contains. (3/3)
222898,"Como siempre un excelente servicio, no hay mejor opción para comprar en línea que ustedes.","Para nosotros es un placer, monoblock. Esperamos verte pronto. 🙂"
222910,It was 2 day shipping and had only been 1 day so im hopin it was just some kind of mistake and will arrive on the 2nd day,Have you checked with neighbors for your package:
223877,have completed all the conditions but it's still fucking my mind Everything is fake #amazonfraud,risk by submitting any info about yourself. Refer Amazon.in app/website only for genuine offers. 2/2
223932,It says delivering today but it also said that yesterday. I'm just not impressed that Amazon says prime 2 day but it's not.,Please keep us updated on its arrival!
224189,"Evry dtl hs bn snt. Prsnl flwup ws asrd by mail, aftr 2 days cm 2 know pkg ws lost. That 2 bcz I cald. I dnt wnt anothr flwup, only my ordr.",and we'll get back to you soon. (2/2)
224204,"Dite donc, vos colis sont souvent en retard en ce moment, la livraison en 1j c’est du passé ? J’vois pas l’intérêt d’être Prime","Bonjour, je suis désolé d'apprendre que vous rencontrez des soucis de livraison. Avez-vous une commande en cours en retard?"
224269,"Yes, 10/3. no response yet. Always high ticket items get held up.","If the seller doesn't reply back within 2 business days, please see here for more options:"
224631,Amazon team reached out to me and got the product delivered yesterday itself... Really good turn around..!! Thanks,Glad to know that we were able to meet your expectations. :)
224814,I have a need the sales invoice as per the attached details kindly send on my Registerd mail id Asap,"As this is a social media platform, we can't view your order details. Sorry for the trouble with your order.(1/2)"
224938,"Yes Everytime we report bt do nt get any solution,just get fake assurance tht it wil nt happen nxt time.Bt Shockingly happens.No improvement","In that case, please drop your details here: we'll get back with an update."
225018,Stop making fool of people,We would like to make things better for you. Kindly fill the form for us to help you.
225257,Do u realise dat its illegal & wrong that you charge 150 fr morning dlvry & then don't deliver?missed mom's birthday gift bc of u,Sorry about the bad experience. Kindly get in touch with us here: and we’ll be glad to help you.
225336,I’m using the app on iOS signed in to the US store,"Hi, you can use the Safari browser to download Kindle books on iOS. You can find more info here:"
225532,"Hey marketing price is 20,548 and and final price for same product gets to 29,500 + Delivery Charges ?? What's going on ?",We'd like to have a look into this. Kindly report it here: and our team will revert shortly.
226085,"Okay, kann ich den Artikel denn jederzeit stornieren? Weil es ja kein garantierten Termin gibt? Wann wird das Geld abgebucht?","Stornieren (Versand durch Amazon) geht, bis sich der Artikel im Versandprozess befindet. Belastung findet bei Versand statt."
227059,Then what is this ? The way to making #GST as horrible !,Sorry for the trouble. Kindly report this to our support team here: and we'll check this.
227059,Please ensure when your pickup carrier coming today,Sorry for the delay with the pickup. Have you reported the issue to our support team using the link provided earlier?
227717,Package arrived on Saturday and going to send it back this weekend. It is not opened/label still on. What should I do?,Reach us here: so we can check into this for you.
227889,I haven't received any call till date this is really annoying and can't wait for more how long really not feeling to give even a star,We've sent you a correspondence addressing your concern here: kindly revert for any clarification.
227917,I did it through the app was buying an iron box and a bag. Paid through the net banking then.,"That's rather strange. I'm glad you could complete the purchase. Having said that, did you report the error (1/2)"
229053,"i was asking for showing different prize, bt wen i go to buy it , prize increases, y so","I understand your concern, we've responded to your query here:"
229072,I have already done that,"In that case, we would get back to you with an update soon. Appreciate your cooperation."
229081,I'm talking about the cashback discount and the Exchage amount deduction on my purchase why I be at a loss because of Amazon's misconception,Please reach us here: and we'll check this for you.
229081,What is that I suppose to do in it..It is the package tracking status,That link will connect you with our support team for further assistance.
229923,Bonjour Déjà 2 fois que des vendeurs tentent d'acheter mes commentaires moyens ou négatifs. Il va peut être falloir surveiller ça,"Bonjour Benoit, je suis désolé d'apprendre cela. L'avez-vous signalé à notre SAV ?"
230006,No one came to pick up the the containers. I have a baby and these are taking up tons of space in my NYC apt. Someone needs to come today.,"Sorry to hear that, contact us here: we'd like to help"
230155,"Or if you can't help, Forget the money. Keep it. You need it more. Last purchase ever from Amazon. #BoycottAmazon it is now.","I get your disappointment. Please reply to the email which is sent across from our team, and we'll assist you further."
230159,And then you trouble you customers like this. For sending fake product and charging them 700 bucks for it!,"I get your concern, we'd like to make things right. Please share your details on the link mentioned earlier."
230635,"Muss mein Mann machen, der hat bestellt.",Ja da hast du Recht :-) Wenn er der Kundenkontoinhaber ist. :-)
230840,Can I use someone else's on my fire stick?,"Hi, you would need to register the Fire TV Stick to their account so you would need their permission!"
231503,"aber schon mal blöd: auf lässt sich nicht via #Alexa ansprechen, oder 🙄?","Hier müssen wir dich bitten, mit dem Sonos Support in Kontakt zu treten.Danke!"
231769,- was all this packaging really necessary?!!!,"Hi, sorry to see that, it looks excessive. Please submit more feedback here:"
231859,"If package is sealed, then I dont think there is any issue in returning",Thanks. We'll check and revert at the earliest.
231863,I have shared the details . Thanks,Thank you for providing details. We will check and get back.
231940,Ca fait 5 mois que me mène en bateau sur le transfert de ma société ! #amazon #ecommerce,"Bonjour, pourriez-vous m'expliquer davantages, je vous prie?"
232178,Already contacted the team regarding courier service but again need to start from scratch #loosers #nodelivery #allarecreep #wasteofmoney,and I'll get back to you on this. 2/2
232193,"ur things rate with paking charge most heavy rate in market prize,,",Pricing and offers are decision of the sellers. The constantly changing marketplace(1/2)
232214,The email mentioned a refund within 3-5 business days and it came in on the 25/09/17 making today the 8th business day without a refund.,"Sorry to hear that, please contact us: by chat to get a refund reference number to track the refund."
232733,being a prime member I was supposed to get this yesterday and now it's changed?,Sorry for the delay with the order. It's rare but delays can happen.
232843,When will you guys add moto g5s plus for an mobile exchange . Please add it too soon .,The list of used products accepted under the Exchange Offer program is dependent on our buyback partners and 1/2
232895,"But the discount is very less, any seller sell in dozen only ?","Also, items available on our website are subjected to quantity limit, appreciate your understanding. 3/3"
233431,Pathetic Service provided by Amazon to Costumer . Order I Phone 6 on 24th Sep but still not received any confirmation.,Request you to kindly wait as the issue is still being investigated. Twitter being a public platform we do not have (1/2)
234525,need help with regard to contact number that is given in my profile,How may we assist you?
234770,Everything Amazon team giving fake commitment but not giving my money back.. Request Pehredar plz help me,"I'm sorry for the trail with your concern, could you confirm if you have seen social media 1/2"
235109,"sad Diwali ,prices not realis tic ,GST ,taxes ,",Pricing and offers are decision of the sellers. I'll be sure to pass your feedback internally.
235142,Cashback against ORDER # 402-3909699-4838731 .,"Please don't provide your order details, we consider it personal information. Our Twitter page is visible to public.(2/2)"
235762,Explain how receiving an order next Friday is two day shipping if I ordered it today?,Two-Day Shipping refers to transit time once item ships Some items may be out of stock or unavailable to ship immediately.
236220,How would I know? All I got was an email from AMZN Customer Service. I honestly don't think it ever was resent.,"You can check who the carrier is from Your Orders, here: and let us know!"
236231,. explain why im paying for 2-day shipping with prime but its oct. 5 & my order is telling me 2-day shipping will arrive in FIVE days,"Hi there! Two-Day shipping refers to the transit time, & is calculated in business days. More info:"
236255,"Correspondence says dat due 2 non availability of courier services in my area, I'm unable 2 place an order. Contd..",Kindly reply to our email correspondence with further query on this and we'll be happy to take it over from there.
236630,"Sure! One thing, there’s three people living at this address - which one of us missed a delivery?","I'm sorry, but we can't access your account. You can check if you had a parcel out for delivery here:"
237702,Got another email they are repeating same thing if u really want to me help me please do anything,We've received your revert and shall reach out to you with an update soon.
237714,Given information about the product do needful asap,Thanks for sharing your details with us in the link. We'll be sure to help you.
237731,Haven't received any new mail till now. Last mail was apology mail sent by Akash M,Please check for email from Social Media Specialist.
237794,Ohh shit.. you guys still are asking me what went wrong.. are you guys seriously looking into the query I raised?,Sorry for the trouble. Our team is working on the issue. We'll get in touch with you as soon as we have an update.
238119,I mailed the support service and they said it's a fault from their side. And promised to resolve it within 2-5 business days!,"Rest assured, this will be taken care of and you shall receive an update anytime soon."
238461,"Yes, I have. Still nothing. :-)",Apologies - pls use the link previously provided to contact the Seller Support team for an update
238623,Brachte leider keinen Erfolg. Auch ein Neustart des Smartphones brachte nichts.,"Log dich mal aus und wieder ein in der App. Wenn das nicht klappt, melde dich bitte hier:"
238917,Hi the payment for a recent order did not go through earlier but now the money has been debited twice. Kindly help.,to your account and you should see the refund in 3-5 business days. [2/2]
240139,"I have responded to the email with same comments. Please do take it seriously, 33k is at stake.",Thank you for letting us know. We'll reach out to you soon. Please revert on the same email for further assistance.
241516,I am looking for a call and not any emails. Emails are just a way to fool customers. First a call and then an email,I've noted your comments and passed it internally. We'll get back to you soon.
241723,My old order #1__credit_card__ for which damaged piece was delivered. Placed new order #1__credit_card__ 1k cashback awaited,"Please don't provide your order details, as we consider it to be personal info. Our page is visible to the public. 3/3"
243192,received order Your Amazon.in order (#171-8585375-1879560) but who is going to install it ??? Please confirm ASAP,"Please don’t provide your order details, we consider them to be personal info. Our Twitter page is visible to public. (2/2)"
243215,order no 405-1802560-1066729 of 5081/- divided in 2parts charged 60/- for delivery & disqualified from 1200/- ICICI cashback cheat,"Sorry to hear that, Sundeep. Please contact us here: and we will assist you further. 1/2"
244115,Then u can track my amazon account,"As informed earlier, you must have received a correspondence from us. Please revert to it for any further issues."
244742,when I pay 23.54 I don't expect 32.54 to be taken. On hold now for 28 minutes to sort it so far. Now been cut off!!!!!,Which Amazon website was the charge taken on?
245843,my bed ws supposed to reach on 6thSep..no trace till date as well no reply of my mails from supplier and Amazon. Pls resolve,don’t provide your order details as we consider them to be personal information. Our page is visible to public. (2/2)
245902,"Ich würde den falsch gelieferten Artikel gerne behalten, ist es möglich, das ihr mir Preis dafür abbucht und die eig. Bestellung neu schickt","Das können leider nur die Kollegen prüfen, die Einblick in deine Bestellung haben. Bitte melde dich über obigen Link. :)"
245921,"pepper spray bottle I ordered from you is defective. Don't even want to try fixing it,with fear of harming myself or someone else.",Apologies for the trouble. Kindly connect with us here: and we'll sort this out for you.
246323,How.may times I raised a request on Amazon and call u,"I'm sorry for the stretch, I’d like to help you. Please share details: and I’ll contact you soon."
246366,My point again that you advertising it as released tomorrow yet I it's not,"Hi, could you send us a direct link to the vinyl you are referring to ? We would like to take a closer look."
246436,"Update* thanks to amazon for re arranging delivary for this evening for me, parcel has now arrived 👍","This is wonderful news, Jonathan! Thanks for letting us know! We hope you enjoy your weekend! 😊"
246439,"Mi è arrivata in ritardo, purtroppo so di alcuni pacchi fermi per molto e non volevo rischiare. comunque sono stata prontamente rimborsata!","Mi spiace per il ritardo, i miei colleghi hanno sicuramente inoltrato la tua segnalazione ai nostri dipartimenti."
246452,"I haven't received any update from your team, I have emailed you the details many times, you guys have the worst service","We'd like to help, please respond to the latest correspondence you received from us and we'll reach out to you soon."
246949,"hello....first study the case, these all are old updates...m not asking for order confirmation but i m asking why the product is delayed",so that we can get in touch with you soon. (2/2)
246949,this was filled yesterday as well..tell me bere what details do u required,"If you've dropped in your details using the link provided by , then we must've already got back to you on this 1/2"
247018,"There is no correspondence in last 24 hrs, are you kidding me. This is just harassment of customer",Sorry for the delay. We're working on this. Kindly revert to our correspondence and we'll get back to you at the earliest.
247467,I can't return what I don't have. Will you give me the money back? Will you call? Will you respond? #disappointed,We'll reach out to you. Appreciate your understanding. 2/2
247473,they do nothing onlygives assurance to wait for more days...then why should i call or them if they do nothing. Awful.,Sorry for the hassle. Please share your details in the link above and we'll surely check this for you.
248084,Is #primevideo #4k on #ps4pro #canada?,Thanks for the inquiry. 4K is only available on certain TV models. More information here:
248105,"No porque quizas es un fallo vuestro ya que el producto ni a salido, la fecha de lanzamiento es mañana",Entra en contacto con Soporte al Cliente para que puedan verificar lo que ocurrió:
248139,"Hola, desde las 9:14 am mi pedido está en reparto pero a las 20:56 casualmente ha habido una incidencia y se ha reagendado la entrega.",¿Has intentado contactar con la compañía de transporte para obtener más detalles?
248152,Will you please take care to refund my Rs 100/- unethically charged for shipment .,You would receive a correspondence shortly regarding the concern. Appreciate your cooperation.
248596,I waited most of the day. Wasn't told I needed a signature but didn't want it left by the bin. Absolutely no idea where it is now!,I'm sorry for the trouble with your delivery. What's the latest tracking update listed here:
248654,Which is pretty frustrating considering I was notified twice in the last two days that it was delivered,Please keep us updated on your replacement. We want to make sure it arrives.
248659,"I ordered an item on Prime Tuesday and it was due for delivery today, now I have an email advising a delay. Can you tell me why?","Oh no, we're so sorry for the delay! Has your delivery date changed? Let us know, Charlie, we are here to help!"
248718,hey when are you releasing arjunreddy telugu movie,We haven't made an announcement on that yet. We will continue to add new content. Keep checking 1/2
249884,Fourth time u have cancelled my order .Amazon is a big fake company u don't think I will let u go this time u have to face consequences,"Your level of dissatisfaction is completely justified. However, I assure you that we will take care of your concern at once.(1/2)"
249924,received a targus laptop bag 2day.with d WORST quality.n u people r nt even giving us return option.What to do with this garbage?,"Sorry for the trouble, Khushboo. Kindly reach out to us via: and we will have this checked."
249974,Will sending a case of beer to the right address increase my chances ? :),"We're as excited as you are. As mentioned earlier, keep on eye out for the invite. 😁"
250014,Ohk but plz check my product where is my product I am not able to see from website,Do keep us posted in case of any further concerns. (2/2)
250025,My order I'd 403-1636958-1685135 which refund is still waiting,"I'm sorry for the poor experience you had with this order, your order details on Twitter will not help us gain 1/2"
250546,Already have. Your rep couldn't find a tracking either. No one knows what's up with this package. So what now?,When you contacted us what options did they provide for you?
250577,"shiiiiit I love how amazon is like, “the delivery driver is 5 minutes away from your house” they’re most consistent than the girls I’ve talked to","I'm so glad we're able to come through for you, Bree. When others fail, we'll always be there!"
250703,Amazon does not have any customer care at all. My complaint is still unresolved even after 5 days.,"Sorry about the trouble with your order, Karan. Please revert to the correspondence you've received from us. (1/2)"
252818,Nothing..it's just my package was stuck there for two days & it was showing it will be delayed so.... btw now he's on its way,The packages are usually moved according to the delivery estimate. Do keep us posted in case of any further concerns.
253334,ANOTHER DELAY. Everything I am ordering is getting delayed and estimated delivery dates are pushed out!!! Why do I even pay for Prime?!,I'm really sorry about the delay! Please phone us here: to discuss the available options.
253348,"You can go through my tweets, you’ll get to know why",Apologies for the trouble. Could you kindly let us know the exact situation. We will investigate.
253360,"I didn’t get anything, could you please resend",resolution in 12 hours post submitting the form here: with requested details. 2/3
254049,"I've been trying for the past few days to reinstate my prime membership, but it's still telling me there's an error. Help?",I'm sorry for the trouble you're experiencing! Can you please tell us what the error message is?
254571,"It just states it’s on its way, 3 rd party delivery no tracking",Thank you for confirming. Who is the carrier of the item? You can check that information here:
254577,"Lieferung ist HEUTE, am DONNERSTAG, um etwa 18:45 Uhr #angekommen.","Danke für deine Rückmeldung - zugesagt wurde dir aber Mittwoch, oder? Gruß"
254611,"Vie de ma mère vous m’avez pris pour un teubé, sinon mes câbles ?",La date de livraison est prévue pour quand exactement ? ^ Ko
254654,Superb service brought down my pathetic courier like ecom. Fake tracking info just to clear backlog order ID 406-9943208-5906764,"Sorry about that. Kindly connect with us here: and we'll look into it. Also, please don't provide. (1/2)"
255733,How can I do it though because it changed my email and only option is resetting password when I click on I can’t log into my account,The link provided by CE will allow you to reach out to us without signing in!
256630,Hahaha non pas a ce point la mais justement j aimerais assez vite pouvoir m en commander un et pouvoir en receptionner un justement ^^!!!,Il faudra faire vite alors😉
257161,"Sometimes,refunding the money doesn't solve the problem. It's all about the need.Wastage of time #406-5454364-0037135",Apologies for any inconvenience. Please reach us from here: we'll assist you accordingly. (1/2)
257171,tampoco me deja hacer reclamación en web. A pesar de que el seguimiento sigue actualizándose no reconoce referencia envío 😒,"Reme, por favor contacta nuevamente a nuestro Servicio de atención al cliente ("
257697,I preordered a digital game and now I wanna cancel it but there's no option to cancel. Help?,You can cancel orders that haven't entered the shipping process. Read more about it here:
257712,will I be able watch Thursday night football on prime if I live in Massachusetts,You sure will! Kick-off begins at 8:25 ET. Watch (or add to Watchlist) here:
257820,"No, nothing has come through. It still says 'out for delivery' on the tracking.",Deliveries can be made up to 10pm. Please keep us updated on its arrival! We're here to help.
258861,#amazon Is anyone there?,I want my team to look into this! Please fill your info and details here: Our team will reach out.
260356,bonjour pour savoir est-ce que vous auriez un écran pc 4k et si possible qu'il fasse du HDR,"Bonsoir, je vous invite à vérifier cela via ce lien ^ Ko"
260386,"I am looking for replacement/refund for oneplus5 I ordered as camera is defective. Already spoken to 1 cust guy, he said he will then u stop",Sorry to know about your order. Please share your details here: I'll reach and assist you.
261277,What do I think of delivery service? It's bullshit. My package says delivered but I didn't see it at my front door 😡,That's not the experience we want for any customer. Please reach out to us via phone or chat here:
264388,I’d like to regard a refund on a few items that haven’t arrived months after the purchase of them.,Sorry about the delay. What estimated delivery date were you given? What's the latest info here:
264680,I have already reply for your comment but no any action taken i need my refund very poor service,I'm sorry to know that the issue hasn't been resolved yet. Kindly drop in your details here: 1/2
264714,"none mail received yet?elaborate about where it will be occurred ? Important Messages ,Related To Your Orders, Related To Your Account Other",I'd request you to check all the email folders and respond to the latest correspondence you received from us.
265001,"<<CR>>, ¡que flojera me das! Haz bien tu trabajo, mandan #MD o llámame, finalmente tienes mis datos.",Lamento saber de este inconveniente.Puedes contactar nuestro Servicio al Cliente en este enlace:
266881,Tienen toda la temporada o solo los partidos de jueves??,"Hola, guakadroopy. Los partidos solo estarán disponibles para ser vistos en vivo."
267301,how does this make sense,Hello Ty! Thanks for reaching out today with your question. Please review here: for details.
269130,My Gift card code is not working. Please help,Sorry to know you're facing issues with gift card. Please reach us from here: we'll assist you.
270906,"Sold by Amazon, in stock. Power, Politics, and Universal Health Care: The Inside Story of a Century-Long Battle. I really wanted to read it!",I know how inconvenient it can be not to have an item you're anticipating. What was the date in your confirmation e-mail?
271580,Hi what do I need to do to ensure I get an Echo Plus? Pretty please send the invite to me :D,Request for an invitation from here: and I hope you receive it soon.
271595,Earlier today. Does it take a couple of days?,"Unfortunately, beta offers expire 3 days prior to the beginning of the early access period:"
271874,What has changed? Today quick look shows it at Rs. 811.24. BUT no one selling the product at that price! . this is false!,"Pricing is a decision of the seller and our prices do fluctuate on regular basis. Also, I'll pass this internally for review"
272453,"Pathetic service! It was a gift, thanks for ruining it. No update given even when the mistake was made by your courier service!!",a new order with the fastest shipping speed and we'll ensure to deliver it asap. (3/3)
272858,"Hey, , would you please consider adding “Janet” as an Echo Dot wake word? #TheGoodPlace",We're always looking to improve! You can share your feedback/requests directly from the Alexa app:
274095,Well it's been 6days now guys!! The only response I have got is to wait for 24-48 hours......Nice! #amazon #badcustomerservice,Sorry about the hassle. Please revert the correspondence email received from us. We'd help you further.
274100,Have already replied on the mail........Soni wait for another 24-48 hours?,We need you revert to check back. We can't directly access your account owing to security reasons.
274226,what are you people actually for harrasing customers like me and then giving the excuse of terms and conditions.,"Your level of dissatisfaction is completely justified. However, I assure you that (1/2)"
274233,"how can i purchase Redmi 4A(16 GB) from your website. Every time i add it to my cart , it shows me some error message",could you help us with the error you are getting when placing the order? 2/2
274248,How do I get a refund for a parcel I never received?,Hi Lara- Sorry to hear about your parcel- Was it marked as delivered? Who sold and fulfilled the item?
274248,Sold by Amazon EU SarL via Royal Mail who claim it was signed for. But it wasn't delivered to address on the label & I didn't sign for it.,Thanks for confirming Lara- Have you gotten in touch with us directly regarding this 'delivery'?
274254,Your system doesn't allow me to request a call back via a switchboard and extension number,Please input your home or mobile number.
274260,"why is in India so unreliable? Cashbacks never arrive, and now even money loaded doesn't reflect even after an hour",we'll check it for you. (2/2)
274460,"Hey if I already have a Prime subs expiring in a month and buy an Echo now, will it get extended by year now?",Your prime subscription would be extended by one year on the purchase of Echo.
274473,I add ₹1000 on 22nd August 2017 during 25% extra cash back offer but i haven't received my cash back into my amazon pay account,"here: we'll get back to you soon. Please don't provide your order details, (2/2)"
274695,No use done everything still worst service from amazon..pathatic,I get your concern. Kindly check for the latest correspondence from our team sent to your registered email address.
275164,"Pretending to be amazon. Sending me an invoice for my prime subscription (I don't have prime, have checked my account, definitely don't!)",You can report the email here:
275172,guys need your help,"We're here to help you, please elaborate on your concern."
275516,Amazon届いた⋆⸜(* ॑꒳ ॑* )⸝ﾋﾟｮﾝﾋﾟｮﾝ 買いまくってしまったイエベ秋似合うという化粧品⋆⸜(* ॑꒳ ॑* )⸝ﾋﾟｮﾝﾋﾟｮﾝ とずっと気になってたケイトのブルーグロス⋆⸜(* ॑꒳ ॑* )⸝ﾋﾟｮﾝﾋﾟｮﾝ,|´-`)ﾁﾗｯ Amazonのご利用、誠にありがとうございます(*ˊᗜˋ*) ( 秋色ですね～🌰 )O o｡.(´-`*) HM
275539,Team we already replied on your mail. Please check . Why ask same question again,"If you've replied to the mail, we'll review that and send you an update shortly."
275864,you delivered a defective clock and now opposing for returning it! Either give me a good clock or else refund money.,here: we'll get back to you soon. (2/2)
276422,I have already filled the details .Why are you asking it again and again??,we receive your details of the account associated with the order. Request you to resubmit your (2/3)
276426,I have filled the mentioned its your duty to help me in getting the product.,Thank you for the heads up. We'll get back to you once we receive the details. Appreciate your understanding.
277104,I ordered something through prime and now it’s going to be almost a week. And yet it says order by today to receive in 2 days?,Were you given any reason for the delay?
277125,now Amazon also cheating with customer's for refund..,Kindly confirm if you've share the details that we've asked to share via the link?
277151,Will I get a call on the number I have provided or not just tell me that,"If you've updated your contact number, our delivery agent will give a call to you before delivery. (1/3)"
277175,call i will tell you all in detail 9085953161,"Hence, please share your details from the link above to assist further. (2/2)"
277207,Sorry been busy. No u have taken the money after the authorisation!!! So please refund the money with immediate effect,We can't access your details here. Please get in touch via
277259,Which is false as we are open from 8am and have had nobody come in asking if we are expecting any packages,I'm sorry your parcel wasn't delivered. Please keep us updated and let us know if an attempt is not made tomorrow.
278686,What a mockery on one hand I had been told that the hand set is undeliverable as it got damaged on the other you send your person2 recollet,we are unable to re-ship them. I'll be sure to forward your comments as a feedback to the right teams internally.(3/3)
278850,Yes. They hung up and sent us 3 more return labels. We've been sent 9 labels for 3 items!!! 3 faulty/used toasters and 9 return labels!,What did the emails advise? Was there a link at the end to leave feedback on the agent? Did you complete it?
278963,you guys are lazy. Returned the product 5 days ago. Still didn't receive my refund.cx service is disconnecting the call. Nonsense!,about 5-10 business days for a returning order to reach our fulfillment center. 2/2
279181,Dear Both your team is harassing me for faulty product delivered by them. I don't want refund or replacement anymore.,"Apologies for the trouble, kindly share your details in the above link and we'll surely look into it for you."
279321,"Item ws returned on 30 Sep n today is 6th of Oct, yet I hav nt received my refund. NO updat aftr 1st oct, wht is wrong? Pls refund my money.","We apologize for the trouble, Sumit. As you've previously mentioned that your Amazon account is on hold.(1/3)"
279337,"I have already responded, but that does not resolve my problem ... I just need my money back",I get your concern. Kindly wait for our team to get back to you.
279407,"I have done multiple time . You owe me my money, you closed my amazon account. How can you say you wil not refund my money","As you've responded to you their email, they will get back to you on this."
279514,hi is amazon music included in a prime membership or is there an extra fee,"Hi, you get access to Prime Music: but Amazon Music Unlimited is separate:"
279703,Half my ordered hasn't even shipped yet!!! 😤😡😡😡😡😡,Hi when is the delivery estimate?
279963,"ordered return of order-id:171-3922605-5090734 on 22nd Sept'2017, but the return hasn't happened yet. SHAME ON YOU, Full of SHIT!!!",Please don’t provide your order details as it is personal information. Our page is visible to the public.2/2
280132,This is the replacement product I got completely Damaged Philips induction cooktop !! Plz arrange for pickup and my refund now. Dissapointed,"Please don't provide your order details,we consider it tobe personal information.Our page is visible tothe public.(3/3)"
280411,I guess you surely not aware about the issue. I have been asking for refund as I cancelled it. You are talking about product delivery delay,We apologize for the miscommunication. Please contact us here: and we'll get this sorted on priority.
280676,"How can someone hack into amazon.in account.Change email id, ph no.on top of it my order gets cancelled,paybalance account blocked",Sorry for the inconvenience. Contact our support team here: we will assist you further.
281329,Still awaiting my refund,I see that we've sent you a correspondence. Kindly check the same here:
281331,Ask ur kapadvanj office for delivery of docket no.962757665 immediately,"Please don't provide your tracking details, we consider it personal information. Our Twitter page is visible to public."
281338,this no. Is switched off. I can't trace the agent. Pls help,"The agent assigned for the delivery must be driving, so he might've switched off his mobile. Kindly wait till the (1/2)"
281686,They haven't given a return address so I opted for the first option they gave. On the package the only other address I see is in china,Please get in touch with us here: and we'll investigate this for you.
281720,Mentioning higher MRP then giving discounts. Unethical practice by you to take business.,"and our efforts to offer you the lowest price, may result in fluctuations in our prices over time. (2/3)"
282160,"Hi, who do I contact from your side as yiur system us unable to recognize my phone's IMEI number for exchange. I own a S6 edge","Apologies, Gaurav. You may reach our support team here: and we’ll be glad to help you"
282213,I have been highlighting for weeks this exact same issue... I have higher expectation of :-(,"Hello, what have you been advised when you reached out to us ?"
282227,What I ordered and what I received. 1 bottle is missing. Please check. Disappointing!,here: selecting the appropriate reason and we'll have this reviewed internally. (2/2)
282717,Nope. I called customer service and the only options were to wait for it or get a refund. I have no idea why it’s late or where it is,"Apologies, we always aim to deliver by the date stated in the order confirmation email."
283144,#AmazonGreatIndianFestival now not ready to give a fixed time for delivery. They have messed up everything,I’d like to understand this better. Please fill this form: and I’ll contact you at the earliest.
283148,but you make customer to fool in every sale,I'm sorry for the inconvenience. I have taken it as a feedback and sent it to the concerned team internally.
284040,408-3137785-3626763 this is my Order ID... Please Make a confirm that This product won't be Cancelled,Please don’t provide your order details as we consider them to be personal info. Our Twitter page is visible to public. (2/2)
284830,Piratage de compte amazon... faites attention les gens ! Mon adresse mail n'était plus associé à mon compte... .,"Bonjour, je suis sincérement désolée pour cela, avez-vous signalé cet incident à notre SAV afin d'y remédier ?"
285119,order is not delivered but its showing delivery maybe the delivery executive handed to other person or wrong address,"Please don’t provide the order details, we consider it to be personal info. Our Twitter page is visible to public. 2/2"
285140,I ordered phone but I don't gate Customer service is terrible #AmazonIndia 👎👎👎👎👎👎👎👎👎👎👎👎👎👎,We're sorry for the mix up. Please fill this form: and we’ll contact you soon.
285518,It’s saying it’s undeliverable,"Hmm, that is odd! We're unable to access account info via Twitter. Please reach out to us here:"
286247,"... ¿Dónde están las ediciones en español de Cuando fuimos huérfanos, Los restos del día, Un artista del mundo flotante, etc.?","Agradecemos tus sugerencias, en este caso puedes contactar a la editora para disponibilizar los libros en forma digital ."
286316,putaça porque tentaram fazer uma compra de U$ 800 na minha conta da . email de suporte me falou pra usar o site mas NÃO CONSIGO.,"Oi Mulan, sinto muito pelo acontecido. Por favor contate-nos pelo SAC acessando aqui:"
287428,"hi, how do you get your package from a DHL box? No help on website... So hi",Did you order it to the DHL box?
287873,"Dear Your staff is saying that you have delivered the product to me, then what I am following with last 10 days.",Kindly check for our correspondence on the link provided below. You can choose to revert to the same if you feel.
288015,"i dont know , it tells me im on both settings , this is what it says",Please reach out to us directly here: and we can look into this further.
288021,"bought an echo and a dot , the dot is perfect but my echo drops connection every 2 days & i have to go thru set up again , help","Hi, sorry to hear that. How far is the Echo place from your router? Is it connected to the 2.4GHz or 5GHz band?"
288060,i dont want any excuse.pickup the product from my address today before 5 PM .after 5 pm i will file a case in,"I'm sorry about the pending return pick up, revert to our correspondence & we'll check for any updates with your concern."
288117,What does the term 'guaranteed' means when u commit guaranteed delivery & dont deliver & e customer 2 cancel order & deny compensation,It's certainly upsetting. I'll be sure to forward your comments internally as feedback.
288254,Why i have not received my ordr till date!! Its was out for delivery yeasterday only id-8750738😡 #horribleservice,Apologies. Have we missed the estimated date? You can check it here: keep us posted.
288990,Managed to get a lady on the phone to do it on my behalf.,Great - let us know if you have any further issues once the claim is completed :-)
290501,No. Switched from CHROME to SAFARI & movie now plays. CHROME issue? Would not play at all on CHROME.,"Glad to hear that it is working! If you have any other issues, let us know! We are always here to help!"
291332,"#amazonunfair ...Amazon is charging Rs.250 delivery plus other , yet delivery date and item availability uncertain. Downfall !",Once the order is placed you'll be notified about the delivery date through email. Please check with the same.
291723,"Had to cancel my train,,but order yet not delivered,, pathetic situation,,don't waste money 4 express delivery __email__","Please don't provide your order details, we consider it personal information. Our page is visible to public.(2/2)"
291735,"ya me podíais dar vales descuento, con todo lo que os compro jajajajajja",novedades son anunciadas por ese medio anunciadas por ese medio. 2/2
292890,Ok. Plz help me. Solve my prblm.,"I understand how upsetting such a situation can be, Rajesh. I apologize for this delay. I'd like to have a closer look 1/2"
293307,It told me it was being shipped today and told me by 9pm then changed at 3:50pm to tomorrow 😥,I'm really sorry for the delay! Please let us know if it doesn't arrive tomorrow by 9PM.
294224,I'm definitely not sat watching the Prime Now delivery page in agony as my delivery driver is stuck waiting for the Woolwich Ferry...,Keep us posted! We want to make sure you get your order!
294715,Wow ! Vous êtes top vous :) merci bien,"À votre service, merci d'avoir partagé vos impressions :)"
294818,here attaching the inbox page of registered email id. plz assist in a proper wat rather than harassing #AmazonIndia,"We're sorry for your trouble. We request you to revert to the email sent by our team, so that we can resolve this.(1/2)"
295339,"However, I'm subscribed to the text message service and I'm not getting any texts. Tracking says they tried to deliver at 7.30pm: I was out.",Have you checked to make sure your Trace Text Settings are up to date? Learn more here:
295343,That takes me to the page to sign up for text trace. I was already signed up but I don't get any texts.,Which carrier is it with Jo?
297347,What do u do.... they did the same thing again with My another order.,I'm sorry to know about this. May I know if you have filled your details through the link provided above?
297419,"I only just now started to open it, and I'm thinking I didn't get a new one. No shrink wrap & box is all messed up. I paid for new.",That's odd! Have you had a chance to checkout available return/replacement options here:
298449,"Hi received the below,supposed to b 4 safety but it has holes in it? Just ordered a New one bit wont b here till Sunday now!?","I'm sorry this item was damaged. Let us know when the replacement arrives, we want make sure it's in excellent condition."
298451,so ready to enjoy this beauty !!! Gracias #vinyl,"Woow, ella es la mejor, lo vas a disfrutar demasiado 😍."
301069,"Ordered a cell phone case from . Tracking info says it was delivered yesterday, but I never received anything. So annoying.","I'm sorry this has happened, Robyn. Can you tell us who the carrier is? You can check here:"
301835,est-ce le transporteur qui décide d’étiqueter directement ss emballage un jouet qui aurait dû être une surprise pour l’anniv de mon fils ?,"Bjr, je suis désolé d'apprendre cela, probablement, il s'agit d'un article envoyé dans son emballage d'origine, puis-je 1/2"
303494,I have sent my 26th message. I hope you guys straighten this out,Please keep us updated on the outcome so we can be sure you're taken care of.
304015,Discovered fraud ($189.00) in my account. Do you think wanted to give me my money back? No... Calling #betterbusiness This is bullshit sitting on a billion wanna fleece me for two hunnid.. nah,"If a fraudulent order was made, and we were unable to cancel it, please formally dispute the charge with your bank/lender."
304402,So why do some items labeled as Prime now take a week to ship? Unacceptable.,(2/2) Shipping times start once the item leaves the warehouse. More info about this here:
304586,My email id was not registered advise any other way,We'd like to have a look into this. Kindly report it here: and our team will assist further.
306177,"ordered an item prime delivery, hasn’t turned up? It’s been four days fml",I'm sorry your order hasn't arrived! What delivery date & tracking info do you see listed here:
306565,All it says is that it was expected by October 5th to be delivered by USPS. The last update was Tuesday,Please get in touch with us directly: so we can review available options with you.
307195,My order now says it will be delivered Oct. 10. That's ridiculous. What's the point of having Prime?,"I'm sorry for the delay! Has your order officially shipped? If so, who is the carrer?."
309229,"my package came, thx tho blood",Thanks for keeping us updated. Please let us know if you need anything else!
309936,"When it's mentioned an amount in lightning deal, on check out it mentions something else. when I go back , it shows again the discount",You must add the item to your cart from the widget to avail the lightning deal. You'd not be able to avail the deal if 1/2
311555,Still awaiting for any msg from your side. Can you let me know what it is taking so long.??its 11th day now.,sent by our Social media team and we'll reach out to you shortly with an update. (2/2)
311586,"perfecto gracias, todavía no pasa ni una semana así que los regresaré. Una duda, aproximadamente cuánto tiempo tarda un reembolso?",Con gusto Alen. Puedes accesar el siguiente link para informaciones sobre reembolsos.:
311887,Team waiting for return of damaged order since 5 days order num :403-2673568-7195537 no response yet .kindly help,Don’t provide your order details as its personal information. Our Twitter page is visible to public.(2/2)
312820,I want the full refund as you agreed. If you do not want to refund the amount why are you promising?,please reach us via the link provided earlier and we'll reach out to you soon. (2/2)
313290,Thanks.. i'll tweet again when issue will be resolved.,"Sure, do keep us posted."
313308,What happens when you pay for guaranteed delivery with but you don't get your parcel on time? I called them already though,Sorry about that. Kindly drop in your details here: and we'll work on it.
313669,Whays the point of even doing same day shipping when the deliveries aren't even attempted... home all day and no one came by.,I'm sorry for the wait! Are there any new updates on the order details:
313821,Hy friends don't buy any products form Amazon India because I have one product returned at 6-02-16 but still we not get any refund,automatically to your original payment method. (2/2)
313856,You’ve taken my prime money though,Hi Paul- Are you referring to a Prime subscription?
313862,"My order got misdelivered and idk how to fix it, yay",Oh no! Available replacement and refund options can be found here: Let us know how it goes!
314007,i don't know why Amazon also providing worst service to customer.without my request it's showing delay in delivery.,That's an unpleasant experience you've had with the delivery. Let us check this out for you. Please drop your (1/2)
314038,So I just got Madoka pt 3 from and was worried I got a bootleg because of the low quality print on the cover. Then I opened it up.,Sorry to see this Anthony- Who sold the item? Amazon or a Seller on Amazon?
315238,"when am i going to receive my ordered products?, i have been waiting for more than 2 weeks now",Apologies! Orders placed with us are basically shipped and delivered as per the estimates provided. 1/2
315292,I have not got any mail regarding this. So can u please contact me at my phn no.which I provided to u,"Sorry for the trouble, Preeti. Kindly check your spam/junk folder in your inbox related to the email address you've shared."
315491,Danke. Ich habe sehr lange nach diesem Link gesucht. Ihr solltet es Kunden einfacher machen so etwas zu melden.,Dein Feedback dazu gebe ich sehr gerne weiter - vielen Dank dafür! Liebe Grüße
316350,"Hi My Prime membership ends on 15 Oct but if I buy new prime membership again today, will it be applicable from 16 Oct or today?",You will be notified to renew the subscription. Stay tuned for the updates regarding the renewal.
316519,Can you provide the address of Amazon office in NCR? Would like to visit them #AmazonGreatIndianFestival #AmazonGiveaway #AmazonSucks,I'm afraid we'll be unable to provide the requested info. Could you let us know what is the error message that you're facing?
317447,"Also an liegt’s nicht, iOS-App geht via WLAN auf allen Geräten. Die App auf dem Sony-TV startet nicht.","Danke! Wir sind bereits dabei das zu prüfen. Kann leider nicht sagen, wie lange es dauern wird - aber wir sind dran! Grüße"
317716,terrible delivery service amazon not fulfill ur promise see i haven't get my phone yet. #BakwasAmazon,Sorry to know about the delay with the order. Please share your details here: and we'll reach out.
317718,I have already shared my all details. #BakwasAmazon,"We have received your details, appreciate your patience while we get back to you. 2/2"
318055,", i bought (Oneplus 5) (Order#Order Id: 408-3921694-9663556)month back. Now it started behaving weird .",That's quite an unpleasant experience you've had with the phone. Have you tried reaching out to the manufacturer (1/2)
318199,Not missed yet but it's to b delivered today & m w8ng for it @ my ofc on holidaylsaturday,"If you've received a notification that the package is out for delivery, kindly wait until the end of the day."
318457,who do I contact about a problem with a seller? I ordered & paid for 100ml product and been sent 50ml. Seller ignoring all emails.,"Hi Claire, sorry to hear that. How long ago did you email the seller first?"
318463,"mine not connecting with Sonos. Been in contact with Sonos for a few days, nothing wrong their side. Dunno if you can help?",Please contact us directly in the link below and we can look into this further:
318592,can u people help me plz i am unable to contact you guys.Its really urgent no customer rep plz call me.9910573161,provide your account details as we consider them to be personal info. Our Twitter page is visible to the public. [2/2]
318612,is it uncensored 3hr 40min version,We have responded to your query through DM you can kindly check the same.
318632,A fight which resulted in £1440 of emergency vet bills. They do not behave like this with any other driver. How can you get it to stop?,So sorry to hear. Have you added this safe place to your account? For security reasons our drivers 1/2
318802,",Hi What's Ur logistics system . My ordered is placed in 26 sep'17 . You say to delivery date is 6 SEP. But i not got this order.","Sorry about the delay, Chandan. Please connect with us here: and we'll sort this out."
318833,Again received email from your side it is delivered but it's not. Pathetic.,"I understand and I'm sorry about the status. Have you shared your details as requested? If not, please do so."
319198,I was suppose to get my package today by 12 and it’s already 4 and now the courier guy’s phone is switched off,"I'm sorry for the delay, have you reported this to our customer service team here:"
319411,I have gotten multiple responses but 0 resolution. I mail said I ll get the refund in 7-10 days other one says I wont. Is there uniformity?,I'm sorry about the stretch. We're following up on this and we'll update you.
319510,"surprisingly there is no fluctuations for last 6-8 months, even in sale there the price is constant.",I get your concern. I'll be sure to forward your feedback internally for review. Appreciate your understanding.
319720,"No not at all, I'm just passing time here -_- Of course I came here after checking it -_- #AmazonSucks",Sorry for the trouble. Please revert to the email you've received from us and we'll check this for you.
319820,Also the fact that it has taken so many hours out of my day for a £60 hoover is so annoying,I'm sorry for your trouble Lucy!
320049,No option to reply for any email .. Please ask support manager to call me ASAP. Its urgent!!,"In that case, please share your details again from here: and we'll get in touch with you."
320371,Thanks it’s a uk order via Amazon shipping,"Thanks for confirming, have you set unattended delivery prefs on your acc: if the order is eligible?"
320371,I’ll pop out and hope for an evening delivery 📦 😊,Ah right. Keep us posted if there is any issue with the delivery. We will keep our fingers crossed your back in time too. :)
320647,Hey! Your customer care executive is asking for my credit card details in order to change the address. Please assist immediately!,"If they ask you for the last 4 digits of the card, that should be fine. That is for verification. Hope that helps.."
320871,"the mantra used to be based around 2-Day Shipping, but I have yet another “delayed delivery”.",Is there a new delivery date on the order?
321128,I have been requesting a pwd reset but have not received the email with details as yet. It should not take 15 mins to arrive,I'm sorry you haven't received the password reset e-mail! Have you double-checked your junk/spam folder for it?
321133,"Je ne sais pas encore peut être mario pour me rappeller de bons vieux souvenir et je vais tenter de streamer tout ça, des conseils ?","Super Mario, un classique, y a Street Fighter Turbo 2 et Star fox aussi, vous avez l'embarras du choix"
321360,"Amazon Logistics bien entendu, histoire de changer de d’habitude. 😐",Je vous invite à prendre contact auprès de notre SAV via ce lien afin de vérifier cela pour vous. ^ KO
321382,"hello, my friend. how are you? we have some product for review in CA Amazon, if you prefer, welcome to pm me..thanks",Hi! You can learn more about leaving product reviews on the site at this help page: Hope this helps!
321661,I didn't receive my promised cashback. Neither am I able to contact customer care. There's a robot on the other side. :( Help ASAP,we'll reach out to you at the earliest. 2/2
321979,For trimmer and bedsheet means the same !I can keep the bedsheet if it's a Diwali gift but send me the trimmer I had ordered ASAP,Write to us here: & we'll get in touch with you.2/2
321986,"Eh. I suppose I should. I was kind of waiting to see how it all worked out, for the sake of the humor. :)",Haha! The main thing is you've received the order. ☺️
322295,I guess my English isn't that good that's what if you can't reply to my query correctly hire new staff,I see that we've sent you a correspondence. Kindly check.
323720,"Yes, but I blame my local post office, who lied about attempted delivery yesterday (there was none) & that I could pickup at PO today (nope)","We appreciate your patience. Please, reach us in real time so that we may leave carrier feedback:"
324236,I want my order to be delivered today else cancel the order no use of prime membership Order 407-7611937-1951563 It's frustrating,Sorry for the hassle. Please report this to our support team here: and we'll check this. 1/2
324358,"Thanks. I will be returning, I understand you will be paying return postage ?","You will not be charged for return shipping due to our error, Toby! Keep us posted if you need us for anything!"
324460,Why refund so late this order? #407-6568100-3189931,Sorry about that. Kindly get in touch with us here: and we’ll be glad to help you.
326298,406-5251809-1751532 why charges for amazon pantry when the order is above 1k,Apologies. Request you to connect with our support team using this link: and it'll be sorted. [1/2]
326311,Your service sucks . #amazonprime is a scam.,I'm sorry for the disappointing experience. Kindly contact us here: and we'll look into this.
326386,"hi there I pre ordered the wwe 2k18 cena nuff edition for PS4, it comes out on the 13th, is that when you take the money for it ?",Thanks for reaching out! We process the charge for items once they're being packed and prepared for shipment.
327586,". will mich verarschen. Gestern & Heute angeblich keinen angetroffen, obwohl jemand da war. Wozu hab ich dann Prime?","Hi, gerne kannst du dich dazu bei den Kollegen im Kundenservice melden: Gruß"
328455,"Merci, je ferai suivre les réponses sur twitter et FB.",Je vous en prie ^ Ko
328489,2>and ur customer service also not satisfactory. evry tym getting different different rply. ORDER # 403-4737858-7535512,Sorry about that. Please drop in your details here: We'll connect with you on this. (1/2)
329187,After so many conversation again you are failed to help me. stop this type of activities and don't make fool again n again..Big Big Shame on Amazon.in,"If you've filled the details in the link provided above, I can assure you that our team will look into this and get back to you soon."
331304,I need to talk to your customer care provide me the no asasp it's very urgent,Please report this to our support team here: and we'll look into your concern.
331946,votre livreur Colis privé se fout de ma gueule (15 jours de retard et indique des points relais bossant plus avec lui) AIDEZ MOI,"Bonsoir, désolée pour cette mauvaise expérience avec colis privé, l'avez-vous signalé à notre SAV, je vous prie?"
331967,(1/2)kindly provide contact no./address of your delivery person. Or else I have to cancel the order by today evening.(cont..),"As this is a social media platform, we can't view your order details. Hence, please send your details from the link (1/2)"
332379,"Hi MB, still no sign here. Order # 204-0202259-5682746. Thanks.",Thanks for the update. Please contact us here so we can look into this and explore your options:
332746,Mail an : Ware wurde nicht geliefert 1h später: Amazon ändert Status auf „Ware zugestellt“. Fall erledigt. Danke für nichts!,"Hi, hast auf deine Mail bereits eine Rückmeldung erhalten? Gruß"
333148,"Über eine PS4 mit der entsprechenden App. Nein, ich habe nur die ganze Zeit diesen grauen Startbildschirm. Inzwischen seit 15 min.","Danke für die Rückmeldung! Magst du bitte mal versuchen, den Router vom Strom zu nehmen und erneut zu verbinden?"
333202,But it should be not more than mrp.actual price of mi a1 is 14999.,"As Amazon.in is a marketplace, the products are sold by individual sellers/suppliers. (1/2)"
333587,This situation is Shared Previously also and by your side not taking any action. Just making fools by saying sorry only....,"I've just checked, we haven't received your details yet. Please share your details and we;ll get back to you."
333587,Done please check. I have submitted all details in given link.,"If you've shared your details, we will look into it and get back to you with an update shortly."
334031,I don’t get why I pay fir prime when you seem to always miss delivery dates,I'm sorry to hear we've let you down! Have you had trouble with a recent delivery? We'd like to help!
334084,Just pre-ordered an Amazon Echo. Patiently waiting for it 😍😊 Please deliver it soon 😢,We are all up on our toes. Thanks for sharing your excitement though.
334099,Hope however is getting my orders enojoys the expensive gear. Worst delivery service ever.,This isn't the experience we expect! Who is the carrier that is delivering your order? Check here:
334105,Despite compliants made on app and on twitter we still have not received the ordered item,"We've responded to your query via DM, request you to check the same."
334476,Its october 7th. Where is my case????,"I'm so sorry we haven't delivered your order yet, Nathan! Who was the seller, Amazon/third-party?"
334486,talked to 3 customer service people who have not resolved an issue of getting refunded since sent two items back in 1 box. Need help,(1/2) I'm sorry for the return troubles. To avoid delays we recommend using both labels in separate packaging.
334877,Disappointed in the customer service from the past two days. Considering canceling my prime membership over poor customer service.,This is definitely not what we like to hear! Do you mind telling us what's going on? We'd like to help in any way we can
338148,Need to take a moment & brag about . They just took really good care of me insuring I’ll keep purchasing my supplies there.,Aw shucks! Thanks for the shout out 😁❤️
339702,"I'm not comfortable connecting my amazon account to social media accounts for a variety of reasons, is there another method I can use?",(2/2) You'll be able to add more info about what's going on and it ensures a member of team is looking into it for you.
340878,"Still no email to reset. (Not in junk) After 2 days of this, I give up on Amazon after being a member since 2006. ✌🏼","Have you contacted us using the link provided by JR? If so, what options/info did we provide you?"
341433,"Order- 408-0220088-5589958 Faulty unit shipped earlier and then post posting replacement request,pick up not happening since a week.","Please don't provide your order details, as we consider it to be personal info. Our page is visible to the public. 3/3"
341433,"You made me fool again , material not delivered today again..nobody called me..Thanks Amazon for such wonderful services..",I'm sorry for this delay. Please revert to the correspondence email sent to you by our team. We'll help you for sure.
341523,"What type of bulshits services Amazon is providing to his PRIME CUSTOMERS, how much time u need to solve the fraud case....? Hve sme limits","I get you being upset, Jaspreet. As requested, please respond to the correspondence for further assistance and I’ll 1/2"
341580,I have checked my mail and even spam folder no mail received today as of now.,Kindly check for the correspondence here: . Do keep us posted.
343139,Me pregunto si el Black Friday también estará en,"Hola Eduardo. Por el momento no tenemos información al respecto. Cualquier novedad será anunciada en nuestra página web. ¡Mantente atento! 👀😀 Saludos,"
346738,Hey - data breach? U said ‘someone’ sent me a package using my info? Using My Customer data?,"If you're seeing any unauthorized activity, please contact us here so we can look into this:"
347359,I sent them an email almost a week ago via the Vine help page & have not received any response. What next?,"Oh no! I'd like a team member look into this personally for you, Angela! Let us know more here:"
347479,"Hi I still didn't receive my below order, request you to please look into it... Order no: 404-1723987-5697113",as we consider it to be personal information. Our Twitter page is visible to the public. (3/3)
347748,can't DM you? Need help,"That is unusual, Gagan. Could you please let us know if you are getting any error while you are trying to DM us ?"
347930,Then atleast train your customer service and inform them about the new offers. Also start a dedicated toll free number for customer service.,Apologies for the inconvenience. We'd like to work on it Shashank. Kindly fill in your details using the link (1/2)
348059,Cannot access site. Dont tell me prblm wid intrnet or brwser as it sumtyms (5%) wrking. U r loosing ur business if not fixed.,Please follow the troubleshooting steps as mentioned in the screenshot. (2/2)
348367,I have not got credit card cash back on many transaction done in last 6 months,The amount should be processed according to the time period if all the terms and conditions are met for the offer. (1/2)
348508,"No No I am sorry sir, bcoz i believed amazon providing good services. But v all knw what is going on in ur company services.",Apologies for the unpleasant experience. We're working on the issue and we'll get back to you soon.
348665,WHERE IS MY PAID PRODUCT FOR ORDER NO #406-3971997-7415546 CT -09101222439 LAST WAS 6 SEPT NO DETAILS IN MY ACC NO TRACKING DETAILS,The orders are shipped and mapped for the delivery based on the estimates. (1/2)
348670,"not rcv my 1 paid product till now,other 3 nos had been rcv before 1 mnt in sane cart.I shall go to consumer court or pay intrest for it.",I'm sorry about the delay. Kindly share your details here: and we'll look into this. (1/2)
348794,Still no updates. Disappointing,"If you've shared your details, our team might be working on it. We'll get back to you at the earliest."
348970,It was a prime eligible delivery item as well,"Sorry to hear that, what's the current status of the tracking?"
349131,Abused by the delivery person(+91-8777520421),"Apologies for the inconvenience, we certainly do not want our customers to go through such experience. 1/2"
349146,"en 1-2 le mail, en 3 votre site lorsque je veux me connecter (je n'ai plus utilisé ce compte depuis quelques années",Cela ne provient pas de Amazon. Je vous invite à le signaler via le lien suivant :
349379,Your guys mark item delivered in morning and then deliver it to us in the late evening. I expect better from you 😐,"Also, please don't provide your order details, as we consider it to be personal info. Our Twitter page is public."
350330,You may contact on 9560548717,"Twitter being a social media platform, we wouldn't be able to contact you. Request you to contact us through the link 1/2"
350493,selling Echo devices without Alexa app for India.. how am I to use it at all!? Where is Alexa?,"Our Echo devices are Alexa enabled and Alexa is a cloud-based service designed around your voice, for more details 1/2"
350590,If i buy prime membership from my existing account and pay by Pay Balance... Will i be eligible for the 20% Load Money offer..?,We have replied to you DM.
350613,On 130 odd books that too mostly kids’ !! You folks had elaborate sale on books on several days even 2-3 years back !,I understand your concern. I'll forward your feedback to the concerned team internally.
350784,Dishonest delivery setup. Worst cust care. Order no 404-1061350-8629132 against canceled order at high price & late delivery.,Please don't provide your order details as we consider it personal info. Our twitter page is visible to public.(2/2)
350999,"Pls refer Amazon.in order number: 408-8121690-7261949, delivery is delayed by 5 day and on. Still I am not getting clear status.","here: and we'll look into it right away. Also, Please don't provide your order details, as we 2/3"
351443,Received a faulty product n requested for return. 10 days still pick is not done. it keeps on re-scheduling everyday. #PoorService,I'm sorry about the delay in pick up. Please drop in your details here: We will look into it.
351837,the packaging of Philips qt4011 trimmer is different.is this the original product or duplicate?.pls help.,"All the products sold on our website are genuine. If you have any concerns, please reach us here:"
351837,I know that I am just worried about the packaging.it normally comes in a blue box.but as you see in the picture it is packed in a cardboard,As mentioned earlier all the products sold on Amazon are genuine.(1/2)
351911,Amazon.fr and i noticed the issue on amazon.fr. Haven’t tried the com one yet,Could you please contact our Customer Service to check this directly :
353619,Help! I placed an order Friday using Prime. Guaranteed shipment today & now we’re being told we won’t receive until 10/10!,Terribly sorry for the delay! Has there been a reason given via e-mail for the delay?
354028,we have a wishlist that we use for our charity fundraising but I don't get notifications when someone buys from it? Pls help,Let's take a closer look into this with you in real time here:
354038,"I ordered a product with extra money for guaranteed delivery on account of my wife's birthday, but you guys made me fool.","Apologies, Atul. Please contact our support team here: and we’ll be glad to help you."
354456,"Where d hell is my package, it's showing as it is in Chennai frm day1. Plz stop fooling around Amazon.",Sorry to know your order isn't delivered. Kindly fill in your details here: I'll look into it. 1/2
354630,The only thing this tracking number tracks is LIES. (This is the replacement for the preorder games that didn't arrive on Friday),I'm sorry! Our team would like to ensure this is addressed. Please provide some details here:
354686,"meus livros chegaram uma semana antes do previsto, por isso que amo comprar na ❤️","Assim o coração não aguenta, né Gabi! ❤"
355564,One of the best replacement policy in the industry.The replacement watch arrived the same day defective piece was picked up.Simply wow'd me,"Aww thank you, we appreciate the kind words and we're here to help if you need us :)"
356741,Earth's Most Customer-Centric Company : Thanks for living up to expectations time and again! #GreivanceRedressal #CustomerService👏🏻,"We are grateful to you for your love and support. BTW have checked our sale, last few hours tic toc tic toc?"
357334,Hey nice careless toss by your delivery guy. This guy should be repremanded. #amazon,Oh gosh! I'm so sorry for this experience. We want take a closer look. Please reach out here:
358764,"Thank you, it was outstanding, the seller helped me immediately, better than I expected. Best wishes.","You're very welcome, thank you for the update! 😃"
359230,Ok thank u very much for your same link everytime,I can imagine the inconvenience. I request you to share the details in order to help you resolve this right away.
359518,7873795935 Hope this Helps and let me know what do u mean by this,I'm sorry your order couldn't be delivered. I have forwarded your comments as feedback to the relevant team for review.
359739,No they said they couldn’t help and yes the amount is the same every month,What insight/options did we provide regarding this matter?
360665,"Sus recepcionistas no deberían ser tan amables, saludos❤️","Alexis, ¡nos gusta dar amor a nuestros clientes!❤️😊"
361001,Hey how about getting a delivery option that doesn't lie. No package; no note. Been home all morning.,(2/2) and let us know if you're unable to locate it:
361016,"Hey, what's the point of us paying for prime if it takes 2 weeks for a package to show up?",Oh no! We aim to deliver by the date provided during checkout. Have we missed our mark with a recent order?
362431,amazonindia pls allow me to buy adult walker on cash delivery as I urgently need walker .pls help,"During the checkout process, if the option is disabled, the pin code does not have COD facility. (2/3)"
362471,Want refund instantly for my amazon pay order.,"I get the urgency, Nitihsh. However, I'm afraid that it doesn't work that way. Appreciate your understanding."
363691,maybe you can help??,"I'm sorry for the discrepancy in information! Without posting any account details, can you let us know what's going on."
364015,If this is a social platform then this is the best place to show how is making fool to customers,"If you could elaborate on this, we'll be able to get you to the right team. [2/2]"
365179,when is the amazon great diwali sale? Flipkart starting his sale from 14th oct 1/2,"We haven't made any announcements on the upcoming sale, Bunty. Please stay tuned to our website for an update."
365182,Echo blieb heute bei einer Folge der Drei Fragezeichen wieder 2x an der selben Stelle stehen. Hab bald echt die Schnauze voll.,"Hi, bitte informiere - am besten telefonisch - die Kollegen vom Echo Support zur Prüfung:"
365219,Bought a note8 as per the terms and instructions I registered with galaxy app and within 4 days I should have got the coupon to redeem the,"We'd like to get this checked, could you help us with the link to this offer?"
365269,"Not that. Suppose I was watching a film, stopped it midway, shut, logged out. When I log in again, should show what I ws watching, till when",I have checked and you will be able to resume the video from where u left. (1/2)
365969,I started attempting to order from Amazon at 11am today it's now 1:24 and still no food 😭😭,This isn't the experience we want for our customers. Please let us look into this with you here:
365979,Somehow the product remained in the package thankfully. It was completely open! #AmazonFail,I'm sorry your item arrived opened. Who's the carrier on your order? You can find this info here:
365992,Just inform once you resolve this issue,Sure thing! We'll revert to you at the earliest once the issue is resolved.
367403,I've ordered something from you 3 times. It hasn't arrived once. Why not? I have complained by email and phone but got nowhere.,I'm so sorry for the frustrating experience! Can you tell us what the most recent dispatch scan from your order is showing?
367438,I want multiple products at Mount abu,"The delivery options differ based on the products and pincodes. Hence, kindly let us know your pincode and we'll check it."
367460,what you say about this fourth day on the run waiting for this,I'm so sorry for the issues you've had with this delivery. Have you reached out to the carrier to see what info they have?
368747,Desde que troquei da pra BR eu não tenho mais descontos do Audible e o Whispersync não funciona mais.. é isso mesmo?,"Olá, Diny. A opção de audio books ainda não está disponível na Amazon Brasil. (1/2)"
371094,Bonjour ! J'ai un problème avec ma commande la carte bancaire passe pas,"Bjr, je suis désolé d'apprendre cela, s'agit-il d'une nouvelle carte ?"
371121,Shoutout to and for totally fucking up my delivery. Shipped within CT and now it’s in NJ?,Oh no! I'm so sorry for the troubles with delivery! Let's take at look at this together by phone:
371425,I’ve redeemed a us code to an account but need it to be in GBP not dollars.. how can I convert ?,"I'm sorry, this isn't an available option. You can only spend gift cards in the market that they were purchased for."
374181,package I ordered was supposed to get here today hasn't even left the state it's being shipped from yet 😑 why am I paying for prime?,I'm very sorry for this wait. Did you receive a notification on a change in delivery estimate?
375263,Please make sure my shipment will be delivered today as I am not in town from tomorrow. Tracking no.447196094053 #nokia6,We'd like to know more about this. Could you confirm if the estimated delivery date of your order has passed?
375828,Prolly shoulda used better judgement on a Sunday delivery from but I PAID THE SHIPPING COST. WHERE'S MY STUFF??,I'm so sorry for the wait. Did you receive any notification of a change in delivery date?
375832,"Original delivery date WAS Oct 8. Carrier was/is AMZL US (no idea who that is, but that's what my account stated)",What's the current status of the tracking: Have you been given a new delivery date?
376811,"Yo amazon where is my package 👀 if it's ""on time""","I'm sorry, have we missed your delivery date?"
376822,PSA Don’t buy an Alexa BECAUSE THEY DONT EVER WORK!!!!!! 😒😒😒,"We'd like to help, if possible! What are you trying to do? Are you receiving an error message?"
377041,I downloaded the app but am unable to go to jackpot🙄 RSVP🤕,I'm sorry I wasn't able to comprehend your concern. Could you please elaborate on your concern?
378322,So .... do I get the book at the reduced rate???,"This is fixed now and unfortunately, we don't have a bug bounty program. 😉"
378431,U r putting the customers in trouble..my reg no-7008524488 not providing the charger cost..not proving hand to hand replacement,Apologies for the unpleasant experience. We'd like to look into it. Kindly fill in your details (1/3)
378454,So amazon in email agree that I have got less cash back but won't pay it till I reply back to email? Don't I have any else work? Replied now,Thanks for the heads up. We'll check and reach out to you with an update soon.
378473,There are n no of emails which has been sent to seller but I dont see any reply in past 1 month. So there is no use of sending email,I understand your concern. We certainly did not expect this to happen. We've received your details and working on it (1/2)
378496,"Hey Have a question about a recent purchase, Can we connect?",Sure thing. Kindly get in touch with us here: and we’ll be glad to help you.
378833,Details dropped. I however don't expect this to be solved considering how this has been handled so far by the team.,"Be assuref, we'll get back to you soon on this."
378964,Pathetic condition of Customer Support Team of Amazon. Never recommend or use again.,"Please don't provide your order details, as we consider it to be personal information. Our page is visible to the public."
378997,"Nee, ihr habt mich falsch verstanden: ""Türschild für Mädels-Wohnung und Mädchen-Zimmer"" schließt meine Jungs irgendwie aus. 😉",Wie wäre es mit diesem? Einfach und aussagekräftig 😉 Gruß
379009,I dnt even have d contact details of the delivery boy. WTF is Ur service upto. Worst worst worst service by,..that once you fill the form we'll be able to check the same and help you further. (2/2)
379297,Did multiple times and all the executives same old story wait for another day then will initiate refund.Why u hv 1 day delivery at all?,I understand your concern regarding the order. We'd like to work on it. Kindly fill in your details (1/2)
379455,at its worst again... You people can never improve.. lairs..,"Apologies for the trouble. I'd like to have a closer look into this, kindly drop in your details here 1/2"
379584,how can I get an invite for Amazon Echo. maybe you can help.,Check this link out for an invitation. You would find it on the right -hand side of the page.
379822,Amazon primed everything I hope it actually comes before the 13th...,Oh cool! Order anything exciting? � 🙂
379832,Today. It was and then got an email saying it couldn’t be delievered today. No explanation as to why,"As we're unable to view your account via Twitter, pls contact here: so we can look further into this."
379839,Very bad experience with delivery this time. Despite multiple calls-2 day delivery not adhered to.Had to eventually cancel order.,I'm sorry for the unpleasant experience. We'd like to look into it. Kindly fill in your details (1/2)
380131,"Okay, this is it😠. You are sending the same emails again and again, just changing the sender names. I filed a complaint in consumer affirs.","I understand that waiting can be tiresome, Jogendra. I'd request you to revert to the email from our team."
380697,It was a gift and he very old and gets confused. I am trying to fix it without having to complain to him and making him a problem.,An Amazon FR gift cert can only be used on Amazon FR. The gift giver would have to be contacted or the cert used on FR.
381025,"- Have booked and paid 4ur Echo Plus, which includes one year prime membership. My Prime Membership has not been renewed!",Your membership should be activated once the order is delivered to you. 1/2
381699,Why my order (ORDER # 404-7131892-3959558) got cancelled. please let me know.,"Please don't provide your order details, we consider it to be personal information. Our page is visible to the public."
381706,i want my refund back against order number #408-0910267-8989113,"Please don't provide your order details, we consider it to be personal information. Our page is visible to the public.(2/2)"
381998,"Dear sir, you guys have my all details, order no contact no, know what extra u want ????",Have you replied to the email correspondence which we have sent? 2/2
382225,Please resend the link,"If you were unable to share your details using the previous link, please try this one:"
382388,no mail......i haven't got any mail today so far,Request you to check your junk/spam folders.
382649,"Ordered an umbrella & seems like delivery guyz need it more due to rain,Tele-customer support is disabled, Helpless !!",Apologies for the inconvenience. We'll take this as a feedback and forward it to the team internally.
382741,Deliver it to me track the shipment,Please share your details in the above link and we'll check this for you.
382860,Tracking says it was handed directly to me yesterday. It certainly was not otherwise I’d not be wasting my time here.,We're not able to view your order here but would like to view options. Please reach us here:
382868,Hi I hv tried to reset my password to access on that form but it's not working,You can request for a call back here: and get help with your password reset.
382875,Pathetic services!!!Poor Customer service!!!,I'm sorry to see you upset. Could you please elaborate your issue so that we can assist you accordingly?
383279,Please read the series of tweets and note. There has been no follow up,Apologies for the stretch. Please respond to the email sent by our team and we'll get back to you soon.
383311,Oggi sono particolarmente felice. regala gioie di lunedì mattina.,Ti sei creato una bella collezione! 😍
383358,I don't want to email I need someone to call me,Please call us at 08081453760.
384130,"actually lads you probably can help me, my tracking stuff hasn't updated in two days and I'm getting a bit worried",Sorry to hear. Please reach out - we'll be happy to look into your concern further. Keep us posted.
384160,yesterday I had ordered Canon DSLR today there was guarantee delivery date but still is not dispatched by Amazon seller. Why,Kindly provide your details here: and I'll get back to you on this. 2/2
384203,Últimamente estoy super descontenta con los envíos de . Me tendría que haber llegado un pedido el viernes y al final llegará hoy.,Lamento esta experiencia. Recuerda que puedes reportar cualquier incidente con Servicio al Cliente.
384210,I am facing an issue with the an order of mine..Can any one help?Order# 171-4621281-5524352. Its sounds so silly that you can't exchange a shirt with a lesser size. does it all the time and it is so good at it. Please help. I am a prime customer as well.,"Please don't provide your order details, we consider it personal information. Our Twitter page is visible to public."
384512,How else could you help me?,I'm sorry for the experience. Please reach us via and we'll look into this for you.
384792,"Yes.Mr Gaurav help me in the process,but I am unable to log in my Amazon account to post the pics so used this medium..",and we'll get back to you soon. (2/2)
384858,"#Amazon #Amazonlogistics ""après avoir étudié votre dem, nous n'avons pas jugé qu'un bon de réduction soit ici approprié."" trop de clients","Afin de mieux vérifier votre dossier, je vous invite à remplir le formulaire via le lien:"
385378,never delivers on time dont order from here,Sorry you feel that way. We dispatch to meet the estimated delivery date. Did we happen to miss it?
386170,in my address before all item are delivery but not any problem of finding address & before delivered the product not any problem.,We've answered your query here: Kindly refer.
386495,"I ordered a pair of pillow covers on 7th Oct, the order was eligible for prime, yet it's being delivered 6 days after.",courier and delivery location. Kindly wait till estimated date provided. Package will be delivered accordingly. (2/2)
386776,why do amazon give delivery agent's mobile if its not active or switch off?,"I'm sorry if you were unable to reach the delivery agent. Packages are ideally delivered till 8 PM, please wait until then."
386866,"Hi, I'm an Amazon prime user and I've just become a student, is it possible to change my account details to the 50% Prime student offer? May be the only way I can afford to keep my prime membership upon renewal","Hi, when is your renewal date?"
387132,Amazon so what is actually happening with this please. Looked at my account and nothing. Also why do i have to do this over an open twitter,Have you had the chance to call or chat with us using the link provided? We'll be able to assist in real-time!
388355,"oui 4/5 fois ces derniers jours, sans compter les appels où après 20min d'attente on me raccorche au nez.",Pourriez-vous nous expliquer davantage la situation s'il vous plaît ?
388797,Worst shopping n service. Unable to deliver the package even after 10 days of scheduled delivery date. Feeling cheated by Amazon,Apologies for the trouble. Have you tried reporting this to our support team here: ?
389669,Worst seller solve my problem,Sorry but we weren't able to comprehend much about your concern. Could you please elaborate?
389938,"Hi, I didn't expect such service from amazon. I am expecting my product to be delivered by today, but still it is not delivered.",Please don’t provide your order details as it is personal information. Our Twitter page is visible to the public.
390442,And the point of prime is what exactly?parcel already 2 days over due!,Oh no! I'm so sorry to hear that. Can you tell us the delivery date provided in the original order confirmation e-mail?
391626,Pls also note that d delivery guy askd me 2 return d package n delivery it d nxt day after he had secured d change...is dis customer service,That's unusual. Kindly connect with us here: and we'll look into it for you.
391642,^ clicked there. They said they can’t help. What’s the link for the UK one?,"Oops! Sorry about the incorrect link, Sinead! You can contact UK support here: Hope this helps!"
392571,app on has not worked for a week. What's going on? #techsupport,I'm sorry for the trouble. Please reach us for real time troubleshooting here:
392582,Why do I not receive any replies for my concerns?,Apologies for the ordeal Name. Please share your details here: and I'll get back to you.
392587,Dear Jeff and CEO Sir pls respond. This is urgent.,Apologies for the inconvenience. Please reply to the correspondence sent to your registered email. We'll check & assist.
392613,They should get back to me within tomorrow. I'll reach out to you again in case this does not come to a satisfactory ending,Keep us updated! We want to make sure this is resolved.
393078,Je viens d'acheter : 'La Fête Est Finie' ~ Orelsan via,Profitez en bien :)
393101,Not accepted such crap service from you..this is not done at all. Shame on amazon... and that fu***ng delivery service.,Sorry for the hassle Nitin. Please report this to our support team here: and we'll check this.
394028,you cancelled my order inspite of receiving the payment and cash back confirmation. Not good service . Sad,"The cashback correspondence which you see is an automated email. If your order is canceled, (1/2)"
394418,Hey could you maybe notify a person BEFORE you charge them for a year of Prime?,I'm sorry you weren't expecting that charge! We can send a reminder to your e-mail but the reminder is set by the...1/2
394883,everytime they told me to wait for 7 days,"I get your concern regarding the cashback. Since Twitter is a social media platform, we'd not be able to check/access your account. Kindly drop in your details through the link provided earlier and we'll reach out to you with an update soon."
394897,"It's extremly shockin n surprisng tht no one is interestd in reply. To save sily bucks u peopl r ruining ur name, image, goodwill. HW CAN U FORGET THT I M A REGULR CUSTOMR OF AMAZON. Don't u hav courtesy? Extremly unprofessionl behavior 🙏","Apologies, we definitely didn't intend this experience. Kindly share your details using this link: we'll connect with you shortly."
395490,The mailman was outside my house but drove off. It says the package was in my mailbox. It wasn't. Nor my closest neighbors. ¯\_(ツ)_/¯,"If you're still unable to find your package after following the steps, please contact us here:"
396856,hi i orderd dr.morepen gulcometer...pls send original piece pls...feedback is not good..but i order because of believe in amazon,"If you've any issues with your order, please reach out to us here: and we'll be glad to help."
396878,"what is the use of being Prime customers if u can't deliver it in a single day. Orders 406-4107004-3313111, 406-4376349-1697952",I'm sorry for the experience. Could you kindly contact us here: We'll sort it out right away. 1/2
397311,"Not good company Amazon,9723269852",That's odd. Please let us know if we missed out on anything ? 1/2
397437,"So, nachdem ich mit im Haus kurz auf die Suche gemacht habe... Das Päckchen lag im Briefkasten vom Nachbarn... -.-",Oje - dann meld dich wirklich mal bei meinen Kollegen - diese geben dann eine Beschwerde für dich auf. Gruß
398765,"Already shared my details but still waiting for any fruitful response,",We've not received your details yet. Kindly fill in the details using the link again. We'll get back to you soon.
398774,there is no useful information in that email I just want replacement product not refund.,This being a social platform we can not access your account details. (1/2)
399111,When your parcel was supposed to arrive yesterday but still hasn't been dispatched :(,Apologies Hannah. Have you been advised of any delay? What delivery option was chosen?
399115,"Y si las temporadas que llevan meses pendientes se activan de una vez, ni os cuento :)","Cuéntanos, ¿cuáles estás viendo actualmente?"
402230,If that wasn't an option why did they offer it?? I've been waiting for this now since 6th Oct!! I'm so disappointed with the service!,We'd like to look into this and make sure this is addressed. Please reach out to us via the link JM provided.
402558,do I still need to say anything 6 october was the date how long do I have to wait for a respond,Sorry for the trouble with your order. Please write to us here: and I'll reach out to you.
402564,"2 weeks of frustration with , customer support is appalling. Constantly told I would be contacted in 24-48hrs. Never happens.#angry","Oh no! I hate that you've had this experience! Without including personal info, can you tell us more about whats going on?"
403544,Of course Amazon decide to take £80 out my account when I'm waiting to be paid for new job so have no money anyway! That's just great! 😳😡,"This sounds like a Prime renewal charge, Charles. If so, you can cancel by clicking the link:"
404085,"Yes, I finally got one, but they want me to fax (who still has a fax machine?!) a load of information about a card that has been cancelled - I've since phoned and tried to explain that and I just get told that they'll email me again in 24 hours...still waiting...","Most libraries have fax machines for public use. Alternatively, you could use an online fax program to send the info."
404618,Poneis mas trabas... parece que os desentendéis del cliente!!,Puedes hacerlo a través del siguiente enlace: (2/2)
406600,The issue is the alexa always defaults to the radio. It’s weird,"We'd like to troubleshoot this further with you, please reach out to us by phone or chat here:"
407493,"Yo , your driver left this in plain view without anyone giving them permission to do this and the box is SOAKED. Do better!","I'm sorry your package arrived in this condition. To clarify, who is the carrier for your order:"
409344,"Chatting with customer services right now. Rahul looks very bot-y to me, should I say.",Hi there! Please keep us posted on the outcome of your chat! We want to make sure you're taken care of!
411112,I participated in a promotion which should have given me a 10 dollar credit. Its not in my account. Help?,"If you received a credit, it'll appear on the Order Summary before you complete your order. Read more"
411885,"Was told to call back after 5, when did differ rep said she couldnt locate it bc USPS was closed after 5. i'll have another package by Wed??",We can't view order info via Twitter. Did you receive a notification for an updated delivery date?
411892,Are you kidding me? lost my package yesterday. Had me reorder it for today it’s pass 8pm and it is not here 😡❤️😡,Oh no! I'm sorry for the inconvenience. Have we missed the delivery date confirmed for your order:
413078,"#AmazonBuyUs #AMAZON SUCKS! YOUR CHAT USELESS & YOUR ""CUSTOMER SERVICE"" BITCH HUNG UP ON ME AFTER WAITING OVER 12 HOURS 4 NO PACKAGE 🖕🏽🖕🏽🖕🏽",I am sorry about this situation. Please use the link sent in the earlier message so our team can look into this for you.
415465,"I feel for the son who gifted his mom a TV, which was wrongly delivered 2 me & hasn’t been taken back for a week now! #happydiwali",Sorry for the mess. Please revert to our correspondence and we'll reach out to you again.
416745,Yesterday this package was out for delivery and now it's going to take 2 more days to get to me????,We're sorry for the delay! We strive to get your orders to you promised. Please keep us updated on its arrival.
416955,He obviously hasn’t returned my messages,"(1/2) In this case, you might eligible to file an A-to-z Guarantee Claim. Here are the conditions:"
417010,"Okay. It shipped yesterday with an estimate arrival of this Sunday. Five working days seems long for a hairdryer, yeah?",Will you tell us who the carrier is for your order? Have you checked their site to see what estimated arrival date is there?
417790,when can I expect the reply? 3 days crossed already . I am waiting for your quick positive reply.,"Sorry this is taking longer than usual, our team is actively working on this and we'll revert to you soon."
418412,I return my order but no delivery boy come to take the order from me. My Amazon email I'd is __email__,"Also, please don't provide your order details, as we consider it to be personal info. Our Twitter page is public."
419164,My registered number is +917763807072. I purchased bluetooth speaker. Firstly it was duplicate. Second time no promotional benefit given.,Apologies for the inconvenience. Please share your details here: I'll look into it right away. (1/2)
419216,I had ordered a dell Vostro laptop 3468 price 25900 in sale . But mistakenly I cancelled ordered while checking tracking. Then I called,"Apologies for the mix-up, Nitish. We'll not be able to reinstate a cancelled order. Please place a new order in this case."
419230,That's why I am saying I have worst experience with #amazon,Apologies for any inconvenience. I'll be sure to share your comments as feedback with the team internally for a review.
419822,kndly help no option to contact supprt team.,That's strange!Could you please tell us if you are receiving any error while using the link given by 'KA' to contact us.
419900,bonjour concerne commande #406-2541840-1733118 merci,"Bonjour, c'est quoi le souci exactement ?"
420015,Hi ordered white color but recieved black? Can you despatch white and take back black?,It is a matter of concern. Please return the wrong product here: for the best available options!
420078,No problem Amazon. I dont need any kind of help. Keep Cheating People,any further insight into the issue. Appreciate your understanding. (2/2)
420215,"I have spoken to your customer support multiple times, but no avail. Please help resolve it asap. Also, I can`t see any link mentioned above",I'd like to help! Please share your details here:
420255,"I ordered an item in sep 4 And they said it would be delivered in 12 days and I didn't get it,and no one is responding to me","sorry to hear that, did you purchase this directly from Amazon or a marketplace seller"
420405,"My Amazon username is Dave Lampert, my account password is amazonsucks, my cell phone is (cont)",Hi Dave- We wouldn't recommend you provide any personal info here as this is a public platform. 1/2
420448,My personal email ID is __email__ My hand phone number is +91 9029558838 You may please refer to mail sent to Mr. Jeff Bezos,Twitter is a social media platform we'll not be able to access any of your account/order details. Kindly provide 1/3
420653,Seem to be one of the few companies in the world that can't cancel a delivery from their own Carrier.,"Hey Michael. Should it not be possible to cancel, please refuse delivery. Your order will be returned and a refund issued"
420678,Order didnt shipped till the last day. Now seller has cancelled the order stating no inventory.,"Apologies for the inconvenience, Satish. You're welcome to place a new order with a different seller."
420938,No delivery yet.. estimated delivery is of 10 oct 2017,Please wait till the end of the day.
421374,408-9837948-7005946 May i know the status...,"This being a public platform, we wouldn't be able to check your order/account related info from here. 1/2"
421375,Tracking ID- 179442387 Why is Ecom Express Taking 2 Days to Deliver a Courier whose address is Just 1 km away from their Office?,Sorry for trouble with the delivery info. Did we miss the delivery date?
421387,They are not refunding money for damaged product,Sorry for any trouble with the order. Could you tell us more about the order and the refund? We'd like to help.
421401,Its so irritating to cancel a order without our permission after browsing 3 hours online and placing an order,"I'm sorry for the disappointment. However, we'll not be able to reinstate a canceled order. Kindly place a new order 1/3"
421406,Me that we are not gonna issue a refund sorry,Apologies. I'd like to understand this better. Please fill this form: I'll look into it.
421510,The product is not yet delivered it's estimate is 5 days,Please reach out to our support team: we'll check it right away.
421582,I do not know where is price match coming from.problem is simple you have sent me defective piece and not giving me replacement,I'm sorry for the confusion. Please fill in your details here: and we’ll contact you ASAP.
421875,"If it wasn't for the app pinging I would of been none the wiser, I'm glad it was nothing too expensive tho 😂😂",You were lucky 😆
422003,"s dr 1ly 1prdct relating 2 ansr in app treasurehunt , or the answer may relate to many prdcts under same name ? #apptreasurehunt",The clue offered will be for a single product. Find it and claim it for free.
422035,Warum funktioniert die SMS Benachrichtigung bei verspäteten Prime Lieferungen nicht? Einfach mal den Sendungsstatus überwachen? 🙄,"Guck mal hier: Wenn das nicht hilft, gleich mal beim Kundenservice melden: Gruß"
422037,hey where is my refund??,Please get in touch with our team using this link: and we'll look forward to assisting you.
422278,", Also I would like to add they're giving money back into amazon pay.why amazon is forcing people to buy only from amazon?","I'm sorry for the inconvenience you've faced. I'd like to have a closer look into this, kindly drop in your details 1/2"
422327,"Thanks! I should be working, this contest of yours is going to leave me jobless! 😁",Turns out the time was well spent.😅 Good luck for the next one. :)
422507,Already sent mail thrice and called customer care they are not able to do anything. They are sending me same apologies like you.,"Please don't provide your order details, we consider it personal information. Our Twitter page is visible to public. 2/2"
422908,Ernsthaft?!? Ich kaufe Bücher nicht neu damit sie dann so aussehen!!,"Oje, sieht in der Tat etwas zerdrückt aus :( Schau mal hier: Liebe Grüße"
423229,"Have no time left for market hopping, so shopping online like crazy, from past an hour for #Diwali Gifting, u better deliver on ⏰",Thank you for shopping with us. 😃 We will make sure all your orders are delivered on ⏰ 😀
423481,"order was despatched to wrong address where I no longer live, what can I do? I'm sure the adress was correct when I was ordering",Sorry to hear about this. Have the order dispatched yet?
423523,when are you bringing Alexa app to India ?,The Alexa app will be available in the App Store / Play Store when the devices start shipping the week of Oct 30.
423814,Yes I would love to scroll pages instead of flipping them. Please implement this feature....,"I get your point, Vivek. I'll be sure to pass this as a feedback internally."
424073,Yes I have shared the details on the link shared. I can share everything here as well point by point if you want,We've sent you a correspondence to your registered email ID. Kindly check it here:
424306,Ich weiß schon was ich an habe. Freitag lagernde Ware mit Prime Premiumversand bestellt und bis heute keine Ware erhalten.,Oje :( Welches Lieferdatum steht denn in deiner Bestellbestätigung? Liebe Grüße
424321,Can u put screenshot showing wher exactly is Mobile recharge in Amazon Pay page of Amazon app..can't find..al I c is AmazonPay partners info,Sorry for the hassle. Please report this to our support team here: and we'll check this.
425041,"Return says ""Next business day"" , following the print out from yesterday. Which should be today? Delivery, which had been a prime next day for the 19th, is now 20th to 22nd.",The carrier of your delivery and the pick up may be different. Who is the carrier for the order you are receiving?
425115,I have replied to it already you dumbbells and you have already taken 2 days as you yourself asked for. Are you solving it now?,"I understand waiting can be tiresome. Rest assured, we are working on your issue and shall resolve this soon."
425126,How do you want me to share my problems here?? Give my money back. I am warning you guys I will take you guys to court.,Kindly reply to the email you've received and we'll check for an update.
425139,It was an Amazon order. We spoke your customer services team and mailed them on saturday. They advised they would be back in touch within 48 hrs still heard nothing,"Thanks for that information! We do ask that you allow 2 business days to hear back from our team. If you've not heard back by end of day tomorrow, please let us know. We'd like to help!"
425389,"I just joined Prime. The very first delivery guy spoke rudely, claimed to not have been given my address, hung up on me.",taken accordingly. Do keep us posted in case of any further concerns. (3/3)
426988,Order# 407-8863334-9772366 Every time I receive a different response from CC for delay in order. Three days since the assured DD,to be personal information. Our Twitter page is visible to the public. 3/3
427318,"Vale pero es tan sencillo como que yo he perdido una mañana de trabajo x recibir mi pedido, y si vienen esta tarde no hay nadie...","Por favor, contacta a nuestro equipo de Soporte al Cliente mediante este enlace:"
428622,Haven't received my delivery yet despite which got the delivery confirmation message!! I have NOT signed anywhere.,My apologies for the trouble with delivery. Please contact us via: and we will have this checked. 1/2
428986,Oh order new cell got defacto product not ready to do compansation and refund 5 order 4 got defect no customercentic,Apologies for the ordeal Jaymit. Please share your details here: and I'll get back to you.
429065,pas une mais 3 franchement faudra peut etre arreter d'utiliser cette plateforme bcp de clients se plaignent a un moment donné ....,"Je suis désolé pour cela, afin d'éviter ce genre de problème prochainement avez-vous signalé cela à notre service ?"
430073,"no, i did not get anything",get back to you on this. 2/2
431111,such a hopeless competition. I've been giving all answers right since 2. Still no luck #apptreasurehunt #AIFWSS18 #AmazonIndia,"Due to the overwhelming response, the prizes were claimed quickly. There's more to be won, let's get ready for the next clue."
431123,it's genuinely shaken me so much i was gonna call the police and it turned out to be a fucking amazon delivery guy,"We tried to call just now but the line is very bad. If there's a better number to call, can you fill in the form again?"
431171,I dont understand why no one is calling or putting anything on mail. Do u understand what kind of fraud u all have done,Kindly revert to the email with your desired number and time. We shall connect with you accordingly.
431193,"Ugh, why on earth would you have autorip on a cd but not the vinyl? That makes zero sense and its infuriating.",AutoRip is offered when available. You can learn more about AutoRip here: We're here to help!
431629,I am injured and at home from the past 1 month and can no way refuse an item on the delivery date. Plz fix this - track 937111515249,I'm sorry the order got returned. I have shared your comments as feedback with the concerned team for review. [1/2]
432917,may I know why were these orders cancelled ?????????? #AmazonGreatIndianFestival doesn’t seem that great to me!,Kindly check your registered email address for more info. (2/2)
432940,"Havent received my order since 2 weeks after 2 complaints with call centre. Also, you guys havent called back on my complaint.",Sorry to know your order isn't delivered yet. Kindly fill in your details here: and I'll look into it.
434433,A parcel has been put through our letterbox for the 2nd time for a person at a totally different address in a different town!,I'm sorry for the inconvenience. We'd like to get this reported & offer options! Pls reach out:
434536,#AmazonIndia this is the latest update i got frm ur end ..no one is contacting me ..u r cheating the customers #AmazonGreatIndianFestival,Please don't provide your order details as we consider it personal info. Our twitter page is visible to public.(2/2)
434588,"Amazon logestic team has arrived my house and talking roude, that he has delivered to neibour itseems, and we don't no anyone there and","That's unexpected, I'm sorry. Please respond to the email you received from the social media team, we'll look into this."
435154,"Can you explain to me how my #prime order can go from out for delivery on 9th to expected ""sometime"" by 12th? #useless","I'm sorry for the delay. We'd like to look into this further, pls contact us by phone or chat here:"
435675,Not coming. What kind of after sale service is this. Now prices have increased.,Pricing and offers are decision of the sellers. The constantly changing marketplace and our [2/3]
435739,You are absolutely wrong. I didn't receive any email today. Now you are starting false statements in media portal.,"If you have not received the update, kindly reply to the email again. Our team will get back to you soon"
435749,"prime promises 2 days delivery, which is a myth. i'm cancelling my membership now.i had enough lies for one life time",I'm so sorry for the poor experience! Do you have a current order we could help you with? We'd love the chance the help!
436256,Ich gebe auf... Dann wird es in 7 Tagen zurück gehen😣,"Du kannst auch eine andere Bestellung erstmal auswählen und dann ""Telefon"" wählen und über eine andere Bestellung reden ;)"
436410,"Yes i have called them multiple times, emailed as well, but every time i got same reply 'we hv escalated issue and wait till end of day'.",Please share your details from the link here: to assist you accordingly. (2/2)
437367,My Mobile delivered to someone else.Waste of choosing 2day delivery.No response from CustomerCare.Feeling insecure to pay online,"I'm sorry about the trouble with the delivery. We'd like to help, kindly share your details here:"
438688,I have a question about one of my 1 day air orders and a bit confused on it hopefully you can clarify it for me.,"Absolutely, we'd be happy help! Tell us a bit more about your concern."
439129,I never received a call from delivery personnel and yet this says 'delay delivery on customer request'. Pathetic.,"Please don't provide your order details, as we consider it to be personal information. Our Twitter page is public.​"
439244,"never expected such pathetic delivery experience.Tracking #: 216237019191, please help if you can.",Sorry for the delay. I'd like to help. Please write to us here: and I'll reach out to you. 1/2
439613,"Also gives a 404 on Safari, on a Mac and on a mobile device.",Please call us on the number found via this link: (No log in required).
439697,Reverted but failed. Share correct email id,Please revert to the email you've received from us and we'll be able to check it. Are you getting any error?
439705,Following from last 3 days.. whether amazon doing any fraud as doing such things,"Oh, that's unusual! Kindly check the email from our account specialist team sent to your registered account and respond."
440026,"i am writing to you since Friday but only false commintments, my order was about to delivered on 9 Oct but not yet delivered.",Sorry for the delay. I'd like to help. Please write to us here: and I'll reach out to you.
440069,Yes ! I did check that but that doesn't solve my query Where is my refund cheque that acc to your mail I was supposed to get in 5 days ie 14,"We don't have direct access to your Amazon account. You can choose to write back to our correspondence, for updates."
440155,"help. i cant login into my account. It asks for code, but it never arrives. To log a ticket, i have to sign in! frustrating","Sorry to hear, please call us on the number found via this link: so an agent can look into this further."
440157,"Wenns heute noch verschickt wird, wird DHL das dann morgen, spaetestens Freitag zustellen. 3/3","Wenn sich das Versandzentrum im Ausland befindet, kann es ein wenig länger dauern: Gruß"
440239,"Hurray I got ur valuable reply, plz find the attached snap of reply.. #looteramazon","I'm sorry for the delay and the subsequent inconvenience. We're working on it, will communicate with you very soon."
440310,I hope you will be initiate my refund on 28 Oct. Reply me. .IN,"Twitter being a social platform, we wouldn't be able to access your account. Please reply to the email received."
440388,infuriated once again 2 packages in 1 month both not delivered. Both tracked and status as delivered. Is it really that hard? 😡,I'm sorry to hear you haven't received your parcel! Let's start with these steps:
440503,Les sims! Toute ma vie 😂 Et pokemon ou Mario sur 3ds ^^,Les grands classiques 👍! Une gigantesque fan de Nintendo je suppose ?
440946,"Orders 111-1160741-5677057, 111-1667431-2213828, 113-5225745-4764247, 113-1867452-8079446, 113-1608429-3881824, 113-2424670-2520233. Did I ever sign up to be your pre-alpha tester?",We don't have access to account info via Twitter! Please provide us your details: so we can help!
440990,"I refused an order at my door, as I had previously tried to cancel it. It is saying it has been delivered!!!",Thanks for notifying us! Did you contact the carrier to inquire about the tracking details?
441025,I want to cancel this item as it's arriving too late! I cant't cancel because it was 'part of a multi order',What was advised when you spoke to us at the link provided? Were any options offered?
441037,I need a break from bad amazon delivery drivers.,"Sorry to hear this Domiscius. Without sharing personal/account info, can you please advise what happened ?"
441796,"have placed an order ( No. D01-5674972-0914224) on October 01,2017 and I paid payment online by Debit Card but you don't deliver",I'm sorry for the trouble. Kindly contact our team here: and we'll help you. (1/2)
441841,"Yes, what are the settings for SD.!!","You just need to change the Streaming Video Quality on your device to ""Data Saver"" for SD quality video."
441841,There's no Data Saver option for iPad. !! Let me know if you want the Screenshot. !,"I just checked and the lowest streaming video quality available in iOS is ""Good""."
441858,#fraud by Bought a product after confirming details. Now denying their own words Complaint#463356,"we'll get back to you soon. Please don't provide your order details, as we consider it to be personal information. 2/2"
441937,"very awful and pathetic delivery , replacement and pickup service. Flipkart is 100 times better than amazon.",Sorry about the unpleasant experience. Could you elaborate what went wrong so that we can assist you accordingly?
442874,hi! Do your prime subscriptions not run on a constant year to year basis?,"Hi, Prime subscriptions are automatically set to renew annually unless you select the option to not continue."
444395,"Cuando introduje la dirección de envío la página se congeló, y en los detalles del pedido pone que llegará el sábado a una dirección errónea (ya no vivo ahí), y sólo quiero cambiarla por mi direción actual.","Julian, ¿el pedido ya ha entrado en proceso de envío? De no ser así puedes actualizar las direcciones de facturación y entrega en la sección Pedidos en Mi cuenta."
445441,No me han pasado porque me han colgado 4 veces despues de esperar 15 min en cada llamada,"Lamentamos esta experiencia. Recuerda que puedes reportar lo sucedido con nuestro Soporte al Cliente. Saludos, V"
446062,hello Amazon I order 2 guest chairs on Monday. delivered 1 this morning 5 Mins ago stopped to tell me same chair #2 is too big I have to go get it WtH,I'm sorry for the trouble with your delivery. We'd like to review your available options here:
446778,is really slipping lately. 2nd damaged item because of poor shipping packaging. 2nd or 3rd game cancellation because of delayed shipping speed with no good reasoning. Don’t mean to complain but why am I paying extra for prime? Suppose to include release date delivery😩,Hey Daniel! I'm really sorry about the experiences you've been having. Have you reached out to our customer support team about these?
447218,"., vous animez des stages de politesse pour vos livreurs ? Celui de ce soir m'a répondu ""vas-y putain fais chier"" quand je lui ai dit que je pouvais pas descendre récupérer mon colis.","Bonsoir, je suis sincèrement navrée pour la gêne occasionnée, quel est le transporteur en charge de la livraison ?"
447223,"HELP! has once again stolen money from my family and I! Claiming I've signed up to their stupid ""prime"" membership! NEVER DID SUCH A THING! The way they do business is DIRTY! THIEVES! NEVER SIGN UP FOR PRIME! EVER!!!! #ThursdayThoughts","We're sorry for the frustration. Were you able to cancel the Prime membership? If not, you can do so here:"
447301,"On the phonecall you said you'd refund me. No, I've not had any email to confirm this. Mess-up upon mess-up here?","We want to fix this. Please reach out to us here, so we can verify the refund and send a confirmation to you:"
448264,How do I find that out?,We do not have access to accounts via Twitter. We would like to look into this in real time. Please call or chat with us here:
448686,Yup. It was meant to be delivered an hour ago and it’s now saying it could be as late as Tuesday!,I know how frustrating this can be! Let's look at this in real time. Please call or chat with us here:
448753,"faire du 4x sans frais uniquement sur des ventes spéciales, c'est du n'importe quoi, celui qui a eu cette idée conne peut aller se rhabiller ! honteux, pourquoi le pas le proposer pour la totalité des produits mini 150e d'achat ?","Bonsoir, le paiement en 4 est disponible pour la majorité des articles sur notre site et non pas uniquement les ventes spéciales. Plus d'infos :"
448802,Do not buy this. Deliveries not arriving and customer service do not help,"Phil, I'm so sorry for your experience! Without giving any sensitive account details, would you mind telling me what's going on?"
449919,It’s happening on my phone and my laptop :-//,"It might be attempting to authorize the payment still. It should go through within 24 hours. If the issue persists, reach out to us here: We'd be happy to look into your Prime in real-time."
449924,I'm still waiting of two deliveries today and I'm not convinced they are going to turn up. I am paying for Amazon prime and just not seeing any benefits as sadly this has happened on a few occasions now,"I'm terribly sorry for the inconvenience, Kirsty! What is the current tracking status showing for your orders here:"
449924,It does say 'out for delivery' but with 33 minutes to go I'm not convinced!,Please reach out to us by phone so we can investigate this further with you:
449931,Hello! No emails in spam/junk. Account is through .co.uk,We aren't able to view account or order information via Twitter. Please let us look into this here:
450680,"""Vendido y enviado por Amazon en exclusiva para clientes Prime""","Geek & Tech, gracias por el dato. Podrías por favor revisar tus e-mails, ¿existe algún mensaje con relación a tu pedido que explique qué es lo que es ha sucedido?"
450733,Chronopost (171-9848344-0373941 le numéro de commande),"Nous ne manquerons pas de remonter cela, je vous prie également de le signaler à notre SAV via : afin d'y remédier."
450804,HEY!! if I’m paying for Prime why is it taking 4 days for you to get my package to my house?!,We're here to help! We always strive to deliver by the date provided in your confirmation e-mail. Have we recently missed this date?
451944,#amzl #amazon #amazonprime Amazon where is my package? It said it was delivered two days ago but was not in front of my door or in the office. Please help!,"We're here to help. When you have the time, please send us your details so we may look into this:"
453206,Pondering how prime delivery with can take longer than Royal Mail second class delivery to arrive. Package out for delivery today (ordered Monday!) then get email to say allow another day or two for it to arrive! #notreallyprimeisit?,"I'm sorry your parcel is arriving later than expected! We strive to meet the delivery date provided at checkout. When you have a moment, please phone or chat with us here: We want to make sure you're provided with a new delivery date!"
454559,A day later than requested on Prime and not even packaged. Thanks for not even trying… #delivery #fail,"works to reduces the overall amount of packing materials used. If you would like items to be shipped in Amazon packaging, you'll be given the option on the checkout page. You can learn more here:"
455468,Bought an #Dot for my office at work and can't get it to connect to the public wifi in my building. Any ideas/solutions?,"Sorry for the trouble, Mike! Have you had the chance to review these helpful tips:"
455502,anything you can do about this horrible delivery person throwing my package at the door?,"We would like to take a closer look and escalate this for you. When you have a moment, please submit the requested information here:"
455540,It’s UPS. It’s set to be delivered today but I’m gone for the weekend.,"We're unable to look into your account via Twitter, but we'd like to help! Please reach out via Phone or Chat: We can reach out to UPS on your behalf. They'll be able to provide the best insight, as they're in possession of your order."
458936,how i cancel my order and amazon still snatch the money out my acc 😐,"We do not charge you until your order is being shipped. If you have successfully cancelled the order, you're likely seeing a pending authorization, which will be applied back to your account in accordance with the card issuer's policies for pending authorizations."
459009,You were just selling it since 11/3/17 now all of a sudden you're not?,I'm so sorry for the trouble! I can definitely understand how frustrating this must be. Have you been able to reach us directly for your available options and next steps:
459038,I can literally drive to the fulfillment center that this came from in under 30 minutes,I'm very sorry for the delay. Did we give a reason for the delay? Who is the carrier for your order? They will be listed here: We're here to help in any way possible!
459978,whoa! I️ take back my compliment i was lied to by a rep and now being spoken to like a child by another,I'm sorry for the poor experience! We'd like to make sure you're taken care of! Could you tell us more about the initial problem was?
459986,. I wholeheartedly expect that you will come through in the next 15 minutes. Don’t let me down...,I'm sorry for the wait! What's the current tracking status for your order? You can find this information here:
460100,Of course my recent prime order wasn't delivered within their guaranteed 2 day window. It's only day 3. Not even sure why I pay for prime anymore.,I'm sorry your order hasn't arrived as expected! Have we missed the estimated delivery date provided in your order confirmation e-mail?
461296,UPS has no idea where this package is. I need your help to cancel this order as soon as possible.,"Were you able to get in touch with us through the link provided by EZ? If so, what information or options were offered to you?"
463312,"It does't give a date, and it is shipping to the UPS store a 20 minute WALK from my house, not to my actual house. No delviery was attempted, no slip left, no redelivery attempted either. And Fri night, Amazon rep said they would cancel & reprocess with expedited delivery -NOPE.",I'd like a member of our team to take a closer look at this. Please complete this form: for further assistance.
463414,Nice job ! You’re earning a lot of brownie points with me. Pretty sad that this is yet another item that was shipped right away and now it’s not arriving on it’s planned date. This is the message I received. In another message it states they “think” it’ll come Dec. 1.,I'm sorry for the delay! We'd like to make sure you get your package! Please let us know if you don't receive your package by Sunday.
465064,How gonna take a picture of my package being delivered but that’s not my house in the picture smh where my package at,Uh oh! We'd like to take a closer look at your order. Please submit your order and contact information here:
465154,"For example, I placed an order Tuesday that isnt coming until Saturday. I placed another order maybe 20 minutes ago, and it isn’t coming until Monday",Shipping speed refers to transit time once an order ships out. Some items take time to prepare: Hope this helps!
465158,trying to get tickets to the prime showing in champaign- but shows full price for tickets even with prime account connected?,We'd like to look into this with you in real-time. Please get in touch with us here: at your earliest convenience.
465178,No it doesn't help I already checked that can't you contact the driver to see where he may have put it ?,"I'm sorry, we don't have access to accounts via Twitter. Typically packages that may have been mistakenly marked as delivered arrive the next business day. If not received tomorrow, please reach us by phone or chat for direct assistance:"
465183,". I,Ordered a NOVA Hair dryer, Recieved fake and faulty some INOVA make!! #BoycottAmazon",I'm sorry to hear that you are not satisfied with the product you received. You may initiate the return here:
465193,#LGQ6AppQuiz will u please declare the results of the quiz..I'm desperately waiting man 😂,"I get your concern. There has been a delay. However, our team is working on this. Kindly stay tuned for an update. -John"
465774,I had 60 dollars on my Amazon account and now I'm down to 29 I obviously need help,"Oh no, Caroline! Unfortunately we are not able to see account information in Twitter. Please click here: so that a team member can further assist you."
466693,sono INCAZZATISSIMA !! ecco il bel servizio di per chi acquista!!! preparare le sostituzioni di OGNI prodotto! io le robe trattate coi piedi non le tengo!! CHE SCHIFO! #AMAZON,"Mi spiace, hai segnalato l'accaduto al nostro Servizio Clienti?"
467461,Poi se è possibile vorrei anche annullare l’acquisto di un CD in versione mp3,"Da Twitter non possiamo verificare il tuo ordine mp3, quindi ti suggerisco di contattare il Servizio Clienti da qui: Al punto 1 dovrai selezionare l'opzione ""Servizi Digitali""."
467471,"Ordered a package for one day delivery. It wasn't delivered, now it's a 2 day delivery which should be free, except I paid extra for one day delivery. Instead of helping with the issue, I had to go through 2 reps before someone gave some sort of help","Oh no! I'm sorry to hear you had a poor experience. This is not the type of experience we want our customers to have. When you spoke with us, what options were offered?"
467483,Can you please tell me how many times to reply??? I think you people are not interested in giving refund... #AmazonSucks,"We'd like to help; however, I see that we haven't received recent reply from you regarding this. Kindly share your details once again here: and we'll be sure to sort this and reach out to you with an update at the earliest."
468200,Still waiting for a parcel to be delivered! Should of been here by 8pm last night then 9pm? Now it shows as handed to customer when it that's a lie?,Oh no! Lets look into this in real time. Please call or chat with us here:
468253,"I have done so, but you tell me how it is ok to 1. send a defective mobile that we paid 30k+ for 2. assure replacement today (we have a defective mobile with us all this while) 3. delivery person assures he will deliver today 4. we wait and make arrangements and now this?",Thanks for sharing your details. We'll check and reach out to you at the earliest. Appreciate your patience.
468737,What is the update on this ? I didn't receive any call from investigation team yet? Are you gyus even doing anything?,I'm sorry about the delay. Kindly share your details here: and we'll look into the issue for you.
469394,why offer guaranteed 2 day delivery if you can’t actually deliver on the guarantee,Shipping speed refers to transit time once an order ships out. Some items take time to prepare: Have we missed the delivery date shown in your order confirmation e-mail?
470107,No I would like you to contact me please.,"We are not able to access your account over Twitter, that's why we'd ask you to contact us via the link provided by PJ and we'll look into this for you."
470771,"delivery service is shockingly poor, a 12 hour delivery window and items still not arrived after 2 Days. #badservice #amazon #prime","Apologies for the delay, what is the current status on the tracking?"
470799,"Nope, didn’t turn up, just as expected… Now what? Also, package hasn’t moved in the slightest since yesterday afternoon.",Can you please confirm from which website was this ordered? or any other?
470870,See how Amazon is fooling the people with their responses. Same cash back is considered for two different orders. Really embarrassing your customer service #shameonamazon 1/2,"As informed earlier, we do not have access to your Amazon account over the twitter. Kindly revert to our email correspondence with further query on this and we'll be happy to take it over from there."
471487,i have received the cheque with wrong name on 17th Nov 2017. I told amazon to give me a cheque with correct name... They told me till 25th Nov i will get it. Nor i am able to talk to your team on phone.. Call me Back i want to talk:-8447502439,"Apologies for the incorrect name on the refund cheque, Rinku. As this is social media, we will be unable to connect with you or access your details from here. Kindly fill in your details here: and we'll get this checked for you. (1/2)"
471540,"For context: I bought item A, which they ended up having problems with, so they informed me they were going to refund me. Just received a refund for item B I purchased months ago, and the amount refunded does not match (way less) the price of neither A or B","I'm sorry to hear your refund was incorrect. Please reach out to us here: so we may go over the refund and provide you with options. I'm sorry, I don't have access to your account via social media."
471579,"et comme d’habitude les colis sont ouverts, enfoncés,.... quand est ce que vous confiez les produits à des vrais livreurs et pas des sans cervelle ? Meme avec un piano en photo sur le carton, y a aucun soins !","Bonjour, Je suis sincèrement navré pour ce désagrément. L'avez-vous signalé à notre service?"
472360,I did. I received two “we have received your email” replies. I also replied to the unsatisfactory email I received in report of losing my item.,What were you advised in the email you received? Was there any indication of what were the next steps?
473137,Was supposed to have parcel delivered ydy. Contacted hermes today and was told that the last update on my ticket is 29/11 and because of that they cannot help. They say you have to deal with this now.,Sorry to hear that. We'll be happy to look into for you. Please reach out to us here:
473148,No chat option :(,"Hey Emily. Please reach out via the other available options, so we can look into your concern in more detail. Please keep us posted."
473163,not impressed with your service.. I better receive my parcel today! #unsatisfied #customer,Sorry to hear this Laura - what is the latest order status - and is there any tracking available ? Pls check here:
473232,No because it’s still not been dispatched yet says it’ll be delivered by 8pm today,Strange - please contact us so we can investigate the delayed dispatch:
473282,#Amazon Delivery drivers leave parcels on the step hoping you'll find them before someone else does!,"Hi, has this happened with a recent order you placed?"
473352,"If you order s.th. from it is delivered to Germany within 1-2 days, with amazon.de within Germany 3-4 days. If you order with in USA for a friend in the USA it takes 10 days or isn't delivered at all.",Sorry for the delay. Did you get in touch with our customer service? Kind regards
474187,"Nothing, we get normal emails into our inbox anyway, but yes nothing in spam and nothing in inbox in regards to what you are saying.",Could you please fill out some details here: so that we can investigate further?
474343,Now the shopping experience is getting worsen day by day. No refund after 12 days from return. No response for wrong delivery.,Our apologies for any trouble. We'd like to know more about this and assist. (1/2)
474365,Also am Fernseher fällt man nicht so tief... :-),"Melde dich doch mal bei uns, dem Amazon.de Social Media Team: Wir passen auf, dass du nicht fällst. ;)"
474394,i have not received any information nd doesn't pickup my product yet...product doesn't working...,"We're sorry for the delay with the return pickup. Please reach out to us, here: and we'll check this. Further, please don’t provide your details as we consider them to be personal information. Our Twitter page is visible to public."
475129,I cant even get into my account its been locked out because of possable fraud of an order i placed so i cant even go through that link i was the specialist team to call.me now,No worries! Please reach out to us here: Let us know If this helps!
476128,#amazon site is down,It all appears to be fine. Could you please let us the error you find on the website?
476193,"also, kommt genauso schlecht weg..Scandal 5 OmU, aber weder auf deutsch noch 1-4.. *hmpf* auch nicht schön.. ändert das bitte!",Gerne habe ich dein Feedback an die zuständigen Kollegen weitergeleitet.
476881,unable to find chat with customer service. Only e-mail or call option available,"You may connect with our support team via call and email. We are positive, our support team will be happy to help you on either of the medium."
477749,"I just got an email from that I ordered screen protectors, then changed the email on my account. I did none of these things. I go to their website to talk to customer service and it asks me to sign in. What do?!",I'm sorry for the inconvenience! You can reach us here directly so we can assist you in real-time:
477757,I am having issues with my OP 5T screen. It sometimes doesn't register touches. Scrolling through is also not what it should be.,I'm sorry to know that you're having issues with your device. Kindly connect with us here: we'd like to help.
477836,"it's large package of water purifier weighing above 10 KG, left in parking for my wife to lift and carry to 3rd floor. No documents or id demanded for the delivery.","I'm extremely sorry about the hassle you've been through for this order, Hitesh. Please provide your feedback through the link provided earlier so that we can investigate and work on it to ensure it is not repeated for your future orders."
478533,Amazon let me down again :(,"I'm sorry to hear that, have you had a particular issue with an order?"
478620,"Como me temía: el repartidor de Amazon lleva un paquete a para dejarlo en uno de los nuevos buzones CityPaq, y en Correos no saben qué hacer con él. La innovación va más rápido que la burocracia :-(","Hola, sentimos los inconvenientes, ¿nos podrías indicar si has contactado con el transportista?"
479319,Hola de nuevo. No me habéis respondido la primera vez que os escribí. Me ha llegado una notificación de que habéis entregado el paquete pero no ha sido a mí. ¿Podéis decirme a quién se lo habéis entregado? Gracias.,"Fictio debido al número de seguimiento te recomendamos ocultar esa información por seguridad. Para confirmar detalles de entrega se podría realizar unicamente a través de Servicio al Cliente, por favor contactanos a través de este enlace: ^ PC"
479409,First you lied you haven't received my details and now you suddenly found all my details. Anyways I have respond on the link you mentioned above for the action taken 11:16 12/03. Now deliver my order today itself! anyhow!,"I understand your concern regarding the delivery of your order. We have sent a correspondence to your registered email ID, please check and reply to the same. We will assist you."
480329,"purchased a TV from you on 23rd November, arrived partially destroyed. Partner has waited in 3 days this week for the collection (supposedly Monday) and the replacement, due 29th is now not scheduled until the 8th December. Online help portal unhelpful.",I'm sorry to hear you haven't been helped! Who is courier scheduled to collect the TV?
480447,"All this packaging for one footlong particular sword? Idk, , seems a bit much to me...",Hi Mark. You can submit direct packaging feedback to us via the below link: Thanks.
481480,"Not received my product. But status is showing delivered. Please check where is the product or refund my amount. Order date 23-Nov-2017 Order # 404-5816421-3911539 Order total 3,251.60 (1 item)","I'm sorry for the error in our tracking update. Please get in touch with us via and we'll sort it out for you. Please don't provide your details, as we consider it to be personal information. Our Twitter page is visible to the public."
481529,So annoyed at my rn. It won’t effing work 🤬,Oh no! I am sorry your device is not working! Can you tell us about what the issue is? What error message are you seeing?
481529,"It’s saying it’s not connected to my HDMI. I’ve unplugged it, restarted it, took my batteries out of my remote. But it won’t load to my home screen & it keeps saying “optimizing system storage & applications”. I’ve had it for 15 days.","Oh no, that certainly sounds frustrating! I'm sorry! Have you tried all of these troubleshooting steps:"
481607,"Yeahh, so it never arrived today 🙁",Please reach out directly to us via phone/chat here:
482349,Just spoke to CS and it's all sorted now. Courier company is shocking anyone xouks have stolen the rest of my parcels....,Thanks for letting us know alls sorted! Please don't hesitate to contact us again if there's anything we can do to help.
483152,Already reached out... They are just not saying anything.. but the real problem is that the delivery guy didn't respond to the call.. for 2 hrs...,We apologize for the experience. Kindly share your details here: and we'll contact you soon.
485248,Can u atleast provide your customer care number so that I can contact them ?,Kindly connect with us here: we'll be happy to help.
485285,I was anxiously waiting for my Amazon delivery yesterday. Eyes on the gps tracker. Saw the driver was in my neighborhood. 3 stops away.. (1),Please keep us updated on your package delivery. We're here to help!
485313,"Drivers getting lost, can’t cope with numbers, needs redirecting and today’s excuse is ?",Oh no! Could you tell us more about what's going on? Has your parcel missed the delivery date given in the confirmation e-mail? Let us know!
486658,Funny but I can order it now and it will arrive on Sunday yet mine which I bought on Tuesday gone won’t arrive till Monday,"I'm sorry to hear your order isn't arriving when expected. We always aim to meet the original delivery date given in your order confirmation e-mail however, occasionally unforeseen circumstances do occur. Please keep us updated on the arrival of your order."
486717,They said postal issue and I had to wait. When it was FedEx. Final result after 40 mins was issue resolved second agent,Thank you for letting us know.
486752,it was the Amazon rewards Visa.,"In this case, you'll need to contact the Financial Institution connected to the Amazon Visa. You can find their contact information here:"
486812,When it will going to announced ???,"I understand how excited you are about the contest, request you to wait while we announce the results. We wish you the best of luck.😊"
490469,Je pense qu' n'a pas livré le bon,"Bonjour, merci de nous joindre via afin de vérifier les détails de votre commande et y apporter une solution si besoin."
490563,"Please could I have some help? A leaky bottle was delivered which I'd like to replace for a whole one but that isn't an option online. It was part of your Daily Deal. Is there a number I can ring, please?","I'm sorry to hear about your delivery. We can be reached here, -RD"
490587,Promised phone call at 2 and no sign yet.. 2 hours later. Where is my product?,"I'm terribly sorry for the back and forth. For our specialist to contact you and look into this personally, we would need for you to fill out the information here: . As for the e-mail field, just put your phone number in there as well."
490596,"the and saga continues, still no parcel even though promised (lied) by Amazon it would be contacted today and Hermes know nothing of this. Advised by Manager at Amazon she would call us back, of course, no call back.","I am sorry to hear this Robert. When you spoke to the manager, have you been given a specific time that you would receive this callback please?"
492120,"Because I was promised that it will get here, I did not make any other arrangements. And now my husband's birthday surprise is ruined. He's 40.... This is awful and so stressful","I understand! Did they give a reason as to why a refund for less than the items worth was given, or as to why a replacement could not be sent? Let us know!"
492240,can y’all respond to my DM 20 dollars in my bank account depends on it 😔,We've responded to your Direct Message! Let us know what we can do to help!
492264,"Praise where it's due, . Driver tried to deliver my parcel to the pub this morning but it was shut. He just came back and handed it to me while I was having a pint. Lovely bloke too",Cheers! We appreciate knowing that our drives are doing their best! Glad you got your package and hope you did not have to share its contents with the rest of the blokes in the Pub!
493243,Ordered but no update neither I am able to contact nor got any update from Amazon,That's strange! Please wait until today to receive updates regarding the order. We will ensure the order is delivered by the estimated date. Appreciate your cooperation.
493244,Bajaj Card EMI Option will be available...??? Right Now There Is No Option For That,"As of now, there is no option available to buy One plus 5T mobile using Bajaj EMI cards. However, I'll be sure to forward your feedback to our team internally."
493281,"Hey , i got this email about my account being suspended due to unusual activity... it’s asking me for my SSN... i don’t think this is legit. Can i get some assistance to make sure i can access my account for Christmas shopping?","Thanks for reaching out, Amy. Looks like you may have a phishing email! Please use the following link to identify if, and report the email."
493292,"dude.. the Prime Video thing.. its not working.. few videos are being played. And few are not. ""Unable to play video right now""","I'm sorry to learn you are facing issues with the prime videos. Have you tried uninstalling and re-installing the app, then playing the video? Please keep us posted."
493316,so if I pay for 1 day shipping it’s just cool for you guys to scam me out of my money and send it regular shipping gg,We never want you to feel misguided when you shop with us. Have we missed the estimated delivery date given in your e-mail? Please let us know! We're here to help!
493438,very poor service in Amazon please don't buy ant thing from amazon also they are lair i have proof of it please i request every one don't buy anything from amazon other online shopping are better than amazon..,We would like to help you. Please share your details with us here: We'll get in touch shortly.
494833,HO SPESO 50€ PER QUESTO ACCAPPATOIO DI MERDA E MI È ARRIVATA UNA COSA SCADENTE CHE NON AVEVO CHIESTO. COSA HAI DA DIRE?! Rivoglio ogni centesimo.,Hai ricevuto un articolo diverso da quello che avevi ordinato? Si tratta di un ordine spedito da Amazon o da un venditore?
494857,I'm not going to put my account info on Twitter. This is the 4th time you have delivered to an unmarked door that I do not have access to. Now my chat on Amazon w CS is frozen cause u guys suck,"I'm very sorry that you've had trouble reaching out to us! Are you using the Prime Now app? Also, do you know who the carrier was for this delivery? Please let us know, we'd really love to help!"
494903,I hate Amazon Logistics. You'd have thought I'd learnt my lesson by now.,"We always intend to meet the estimated delivery date provided in your e-mail. Please keep us posted and let us know if your parcel doesn't arrive by 21:00, Sam!"
494929,"Nothing happwning its all automated , making fool and wasting customers precious time",I'm sorry for the unpleasant experience you've had. May I know if you've reported this to our support team through the link provided earlier?
497300,"If u have any faith towards customers, ask ur team to replace the device or help me claiming the warranty. Else it's clear that u Amazon is a fraud site where customer gets refurbished devices on the name of brand new. Will also aware all my colleagues about how I am cheated by u",All after sales services (warranty and repairs) are handled by the manufacturer. More info : Request you to get in touch with the support team of the manufacturer and escalate the details. 2/3
498356,"Order was supposed to be delivered on the 16th, still isn't here. I have repurchased the items either through amazon, or locally. I just want to get a refund for the items that did not show.","That's understandable. When you've spoken with us, what information have we provided? Were your items shipped by us or a third-party seller:"
498361,Ruining Christmas for children this year with their stupid advert!!!!!,I'm so sorry for the trouble! You can change your advert preference here:
498512,Nope I haven't. Please check the order in my account,We'll not be able to access your account over social platform. Please reach out to our support team here: and we'll be glad to help you.
498530,Lorem ipsum in action! 😁 #placeholder #html #text #webpage #website #lorem #ipsum #publishing,"Lorem ipsum dolor sit amet, consectetur adipisici elit, sed eiusmod tempor incidunt ut labore et dolore magna aliqua... Hast du mir mal einen Link, dann geb ich das weiter ;) Gruß"
499983,must be the only fucking company that can deliver a parcel on Thursday then on Friday say they can’t find your address with the second parcel #uselessfuckingcunts,"Oh no, Chris! I'm sorry for the troubles with your delivery. We'd be glad to look into this with you! Please contact us here:"
500797,what a joke! Bottle leaking and no wonder when the box is nowhere near big enough & there's only 2 sheets of paper as packaging,I'm sorry for the trouble this has caused! Was this item sold and fulfilled by a third-party seller or by Amazon? You can find this information within your order details here:
502469,"Ey , estaría bien que tanto en la app como en la web tuviérais un apartado de novedades, para ver lo que vais incluyendo en vuestro catálogo. Da cosa enterarse por otras personas o por casualidad.","Hola, te agradecemos la sugerencia, nos encargaremos de comunicarlo al departamento encargado. Por otra parte, recuerda que cualquier novedad en nuestro catálogo será publicada por nuestro sitio web y redes sociales. ¡Sigue atento!"
503568,It is now past 8pm. What is the point of Amazon Prime when the delivery guy is always late. I wish to make a formal complaint against this idiot. This is the 3rd order I've had that has missed the deadline. Absolutely ridiculous!,"I'm sorry for the trouble this may have caused; deliveries may occur until 21:00 of the specified delivery date. If you do not receive an update for this order, please contact us using the following link:"
503574,on 30th October I found my letter box on the floor like this. After four emails and a frustrating phone call I have still had no contact from Amazon Logistics as to how they will reimburse me for the damage. Please sort it out!,"Thank you for contacting us, Nicola! I am so sorry for the damages. We are here to help! I'd like to have a specialist from our team take another look at the this. For us to do so, please provide the requested details in this secure link:"
504918,"That's a first, ordered Gran Turismo Sport from France, factory sealed, day one edition....literally empty box, no disc, no code, no ad inlays. Again, sealed and new. Does that happen a lot ??","Hello, I'm sorry for the inconvenience, could you please contact our Customer Service to check this directly :"
504953,prime is nice but when your delivery drivers break our front door it’s not worth it. 😡,I'm so sorry for the damage! We'd like to look further into this. Please reach us by phone or chat here:
504955,He comprado: 'Taza Tipo Lego Con Diseño Bloques De Construcción Negro' de Curiosidades Express via,"Hola Fasari, dinos ¿hay algo en lo que podamos ayudarte?"
505003,Ok Amazon was so proud about delivering my package but this isn't a picture of my front porch I have no idea where this is 😂😂😭,I'm sorry the order wasn't delivered to you! Please send us your details with this secure link so we can escalate this:
505774,meu pedido ainda nao chegou e a trasportadora nao atualiza a pagina. Entrei em contato cm vcs ontem...,"Olá, Gabrielle! Neste caso você já entrou em contato com a transportadora? Por favor acesse o seguinte link:"
505946,Hey I didn’t know that “prime two day shipping” meant that 5 days later I wouldn’t have what I ordered :^),Have we missed the estimated delivery date provided in your order confirmation e-mail?
507162,Always 'Amazon Logistics'. Shame it's not an option to be able to choose another carrier. I just got an email saying attempted delivery to an office that closed nearly 5 hours ago.,I'm so sorry you don't have the order! Please reach out to us so we can see how we can help:
508196,Just dropped them off at the ups store. Sure hope this doesn't happen to anyone else,"Thank you for the update, and your patience!"
509369,"tengo un grave problema al hacer el proceso de devolución, me indica que la tarjeta no es válida pero me hicieron el cargo de la validación :(","Hola, Victor. Te pedimos disculpas por el inconveniente. ¿Has intentado eliminar y volver a agregar la tarjeta? En el siguiente enlace puedes encontrar más información de como puedes realizarlo:"
510282,"Hola señores/as de . Como puede ser que me tengan que traer un paquete de , no haya venido el mensajero a casa en todo el día y al hacer seguimiento del envío me ponga que está entregado? Su servicio de atención al cliente es nefasto por cierto","Hola, Alvarito. Lamentamos el inconveniente. En caso de que no recibas respuesta de SEUR informanos. Recuerda que también puedes reportar la situación con nuestro Servicio al Cliente."
510365,Nope! It was expected yesterday by 8 but tracking only shows it left Amazon Wednesday afternoon. Sounds like has it.....somewhere.,"If your item doesn't show up next day, please reach out to us directly by phone here:"
510393,"Can I reverse my business prime? I’ve lost my 1 click ordering, how do I reverse it? I’ve tried activating it again but no luck!","I'm sorry for the trouble! We'd like to look into available options. When you can, please reach out to us here:"
511629,"I have reset my password multiple times, but still cannot login. Frustration looming. Help needed.",I'm sorry for the trouble! Please reach us here: as this team is specifically trained to assist with your inquiry.
511654,"I have seen a lot of people doing the same, like complaining to local authories and even they didnt find any solution from them, so its probably a waste of time.",Reporting this to the local authorities is the best option as of now.
512355,"Sorry, I didn't realise I had to specify that a countryside wall in the rain wasn't a ""safe place""! You'd think that was obvious.","I understand, James. If you set up your delivery preferences via the link provided we can ensure that this does not happen again."
512379,why do I pay for a Prime account if my package still gets delayed 3-5 days every time I order something????,"I'm sorry for the trouble! Prime Two-Day shipping refers to the transit time after your orders been shipped, in business days. Have we missed the delivery date shown here:"
512379,The day I ordered the delivery day said 11/30. Yesterday it got pushed to 12/1. This morning it still said 12/1. Just checked & it’s now 12/4. Item was shipped on 11/29.,"I gotcha- thanks for letting us know. Has your order shipped yet? If so, would you mind letting us know who the carrier is? That info is also included in the link sent."
516583,And the new delivery date was today vs. Wednesday,"That's odd! Let take a look into this in real-time. When you have a free moment, please reach out to us through phone or chat here:"
516690,Es vendido por Amazon,¿Ya has contactado al transportista? Hazlo por este enlace:
517690,"Not having delays, you guys are starting to false advertise. Posting two day delivery but really it’s 3-7, transport to USPS might save you money but aggravates clients like myself.",I certainly understand your concern! We strive to meet the date given in check out. Our two-day shipping refers to transit time as some items may need additional processing time. You can view more information here: We hope this helps.
518827,Your aawful AMZL US delivery drivers are a joke! Every other package is lost late or they get lost or their car breaks down! You get subsidized money from taxpayer dollars for every package shipment and you still use this shitty service?!? Prime member sucks!,I'm so sorry for the poor experience you've had with us! Are you experiencing any problems with a current order being delivered by AMZL?
519772,Yes - you have been and are missing delivery dates - 2 orders on 11/28 missed delivery for 11/30 and 12/1. 2 orders that are still saying will be delivered by 8pm tomorrow have not shipped yet and I'm 99% sure I won't get them tomorrow.,"We'd like to take a closer look at these orders with you and assist directly. When you have a moment, please reach us via phone or chat using this link:"
520649,Is there a way to cancel the order of The Pope and Mussolini? I'll just buy it at my local Barnes & Noble and have it read before Monday.,If your order hasn't entered the shipping process you can cancel it here: We're also happy to look into this for you:
520662,Is it possible to buy books from the Italian/German version of Kindle in Mexico?,Hi! Could you tell us on which Amazon platform you would like to buyKindle digital books?
522436,okay. that helped 100%!!!!!!!!!!,Excellent! Happy gifting! 🎁😍
522457,okay let me show you another way,"Hi Rich, for us to help better with this you should contact us directly using the link provided by my colleague . Let us know how you get on."
522526,"Yes I Have, And All my Information Is Correct. I Just Want To Be Able to Access My Account Without This Happening Again",Thanks for the update. Have you received an e-mail from our Account Specialists regarding the status of your account?
523419,Hello I've shipped(self-return) an item for return. Do I have to send a copy of courier's receipt to amazon?,You can reply to the previous correspondence with a soft copy of the receipt. We'll assist you further with your concern.
524217,I received a worning from her father instead.,We didn't see that coming!
524847,I would like to request a call back regarding a delivery issue I'm currently facing,Apologies for the issue you are facing regarding the delivery. Could you confirm if you have shared your details in the link provided earlier?
524912,i have already contacted the customer care via call its not helping and saying to reorder the same product as fuck!!!! when i will get my order??? Order ID :- #408-0231829-4528313 its been 3days and still not Dispatched sort this out!!!,I understand your concern is regarding order not being dispatched. All the packages are shipped on time so that it reaches you by estimated delivery date. Could you confirm if we happened to miss the mentioned time frame?
527077,"Once again,a breakdown in communication.I understand the cost benefit of outsourcing jobs but when your CUSTOMER SERVICE doesn't understand a situation, you lose customers. Like me.","Hi, without providing any personal information. Can you let us know what happened?"
527091,"signed up to #Amazon #prime first delivery was next day. I've had 4 orders after that was late. Yesterday's was 3 days late. At £79 a year and your main selling point of next day delivery, you guys need to get your act together.","I'm sorry to hear that Sammy, we are in a busy period so some orders might have extended delivery window. Have the orders been delivered after the estimated delivery dates that were given to you in your confirmation emails?"
527634,disgraceful service. Parcel delivered to local Pass My Parcel supposed to give me bar code to pick up. No bar code😡,"Hi, have you checked your emails including the spam folder to see if a pick up code has been sent?"
527699,- I'm still waiting! :/,An email has already been sent with a reply. Kindly check it from the link shared here:
527701,Hi there! Yes raised it as delivery feedback with each delivery and not had anything backand yes my safe place is at the back of the house which is accessible. Quite disappointing as if it then goes missing who take responsibility?,"Hi, we would certainly do our best to correct the situation if the item were to go missing. Your safe place option should be followed through with the carrier. Are you aware of who the carrier ignoring the request is?"
529063,"I am highly disappointed with Amazons service, my order# 404-4688706-1243534 was supposed to be delivered by yesterday as a gift to a friend and yet not delivered. Your customer support has been of no help in tracking my. Disappointed!","Please don't provide your order details, we consider it to be personal information. Our page is visible to the public. 2/2"
529091,Got it. Email sent,"Thank you, please let us know how you get on!"
529191,I have filled this form 4 times. Request you to not make me fill this form again. I have dropped my number in your messages. Call me,We've responded to you via DM. Kindly check and feel free to get back to us for further concerns.
529202,"I subscribed to Amazon prime in july17 but after I signed out of the app and signed in again after sometime, it is asking me again to pay for it. I need help",Please login to you Amazon account using the same credentials. If you are trying to log in using a different account your Prime membership will not show. If the problem still persists you can contact our customer service team here:
529944,Un de mes jeux dit qu’il va devoir etre rembourser. Mais pour le reste rien n’est encore dit.,L'avez-vous signalé à notre SAV?
530055,"Oh , so let people see what your Flash sale is like ! How you people fool And cheat in name of Flash sales Truly disheartened by your Service Amazon.",We will take this instance as feedback and share it internally. We'll ensure to work on it.
530065,"Lieferung #AmazonLogistics 02.12.: Nicht zugestellt. ""Zustellung durch widrige Umstände verzögert."" Stand: 0/2 #PaketDezember","Oh, das sollte nicht passieren! Bitte melde dich direkt bei uns, dem Amazon.de Social Media Team: Wir kümmern uns darum. Gruß"
530860,No I have heard nothing other than a reply to my email 5 days ago saying that it’s being looked into and I would hear soon! But I haven’t! Hence frustrated tweet! Please resolve.,I am sorry to hear you haev not been updated Richard. Can I ask for you to reach out to us using the following link so we can look into this for you:
531531,is best rather than fake who gives only wrong information to costumer by customer service.,We haven't received your details. Please fill the form which is provided here: so that we can check and assist you accordingly.
531549,"Order item Friday 25th and as prime member should have received it by latest Monday 27th, now 2nd of December and management in Amazon refusing to talk to me","Thank you for contacting us. I am sorry your item hasn't arrived. We are here to help! Just to clarify, have you received any emails concerning a delay or a new delivery window?"
531682,"There wasn't any other options regarding packaging, have just double checked. Item isn't technically damaged itself but not sure how to gift it when the box looks so awful due to being opened and stickered to death. Any advice?","You should still be able to create a return label for the item for a refund, and place a new order selecting the ""ship in Amazon box option"". Hope this helps! -Sami"
532629,"Die Bestellung ist seit dem 22. November als ""Unzustellbar"" deklariert, aber bis heute hab ich das Geld nicht zurück bekommen. Muss man das irgendwo melden? Bzw. wie lange dauert das?","Du hast un deinem letzten Post angegeben, dass du dich an den Kundenservice wenden wolltest. Was ist denn da raus gekommen?"
533223,"I contacted amazon at 5:30pm (after the office was close) I was assure instructions were given to the driver to deliver today from 10 to 12, he apparently still tried to deliver a 7:05pm, instructions WERE never given to deliver TODAY",So sorry to hear that the information wasn't properly provided to the driver. Has the representative that you're on the phone with been able to submit the order for redelivery?
533266,No. It says nothing.,Does your residence require a security code for access? Have you updated this information in your account delivery settings?
533302,It would be more helpful if your drivers left cards which they NEVER seem to do. I've played this guessing game with neighbours far too many times. Can't you find out which house it's at?,"Did you get any emails confirming your order has been delivered? Email might contain more info, such as Lisa's house number."
533302,"No email, just marked as delivered in my account. ""Parcel was handed to resident. to Lisa"".","At this point, please contact us so we can investigate. We can see what options are available now for you. You can contact us by phone or chat here: Let us know if you need anything else!"
534136,Yes I've refreshed the map but the van's been there since 10.30 and still four deliveries ahead of me. I'll keep waiting!,Keep us posted on its arrival!
534185,"Ich wollte nachfragen, ob die Chance besteht ""I Am... World Tour"" wieder auf Prime zur Verfügung zu stellen.","Dazu liegt uns keine Information vor. Ich gebe deinen Wunsch zu ""Beyonce - I am World Tour"" aber gern weiter. Ob und wie lange ein Titel bei Prime Video verfügbar ist, hängt von den getroffenen Lizenzvereinbarungen ab."
534236,"blatantly not resolved, hence tweet. i give up!","Hi Vicki, for your security we can't access your account here. We'd like to see this sorted out for you. Has a replacement order been arranged?"
534988,I have still not received my courier!,We've reached out to transportation team and we're trying to get this sorted as soon as possible. We will get back to you once we have an update.
535001,Your email says that issue is escalated and you will get back to me within 48 hours..I have already responded that email. Why have you escalated today and not in Friday ? Will I get my product today ? No one has called me till now,"I apologize for the long stretch, Vivek. Since you've already responded to our correspondence, our team will get back to you with an update shortly. Appreciate your patience and understanding."
535104,Ich hätte lieber noch ein paar mehr Dokus 😉,Dein Feedback gebe ich gern weiter. Generell findest du alle in Prime Video enthaltenen Dokuserien und Dokufilme gleich über diese beiden Links:
535677,Pathetic packaging. What's the point of gift covering if it's torn so badly? Disappointed.,We apologize for the inconvenience regarding packaging of your order. Kindly reach out to our support team here: so that they can assist you accordingly.
535689,HURRY UP I WANT MY TREE,Hello! I understand you have an order on the way. Have we missed the expected delivery date shown on the order confirmation email?
535761,"Hey this isn’t good news, this is you saying my order is delayed a day. Also, you have conflicting delivery dates in the app.","Thank you for contacting us. We are here to help! Just to clarify, what date was provided in your order confirmation email?"
535767,"#fraudamazon #cheat #dontbuy Order id:406-1634211-8172338 Bought a product with 1year warranty, product damaged, no replacement or refund, seller cheated too. Never trust Amazon.in","So, kindly reach out to the nearest manufacturer or the service center for further assistance. Also, please don't provide your order details as we consider it personal information. Our twitter page is visible to public. 2/2"
536557,"Le montant est élevé, donc chez plus le client dépense moins il est considéré. Vos CGV annoncent 3 jours de délai et vous m'envoyez des emails tous les 3 jours pour reculer le remboursement de 3 jours.",Je vous invite à patienter SVP. Vous serez avisé par la personne ayant pris en charge votre dossier.
537406,Status says dispatched today and arriving on Tuesday and the courier is Royal Mail,"Oh! I see! Thanks for the information, Barry! If you'd like to reach out to us by phone, we will be happy to investigate this for you! You can contact us here: and we can explore available options for you! Please keep us posted on this!"
537408,Thanks I'll do that then. I can collect from the sorting office if I need to,"No problem, Barry! Please let us know if you have any other concerns or questions we may assist with. We're always here to help!"
537526,please bring bajaj finserv emi in payment option for amazon in india.,We value your feedback and insight. I'll ensure to share your comments internally to work on.
538494,"No, I’ve only ever had one amazon account which is the one I am using now for prime. Prime membership appears fine on that account which is why the letter is a bit puzzling.",Is the letter referencing Prime Video? Have you had a free trial for Prime Video or ended your Prime membership within the last year?
538510,Everyone should cancel prime his time of year and just use their regular free shipping. You're not going to 2 days shipping this time of year anyway. #fail #canthandletheseason #amazonwasniceonce,"Hey, Markus! Has there been a delay in delivery for your items? We'd love to help!"
538516,"Searching for ""My Name is Khan"" Movie. But Could't find. Please do Needful",We will be adding fresh content constantly. Kindly stay tuned.
538533,"are absolutely useless, had 3 parcels, in 3 days just dumped on our doorstep when we live on a busy street meaning one got stolen, customer services couldn’t care less 👍🏻🙃","Thank you for contacting us, Kirstie! I am sorry to hear one of your parcels were stolen. We are here to help! Just to clarify, what option were you given when you contacted us?"
540837,"Hey how is it that I've received every package I've ordered from Target, Walmart and Academy Sports yet I pay $99 a year for your services and have yet to receive my packages ordered at the same time?",We are sorry for the frustration. Have we missed the delivery date in your confirmation email?
540921,"Hi! Please allow customers to choose shipping options, between USPS and UPS! Cause USPS is a🐢","Hi, are you currently waiting on an order to arrive?"
542116,"I'm on day 4 of my daughter's birthday presents saying ""out for delivery"" and then not showing up. #notcool #sheis11",We are sorry for the delay in delivery. We would love to assist you with this in real time. Please contact us via phone or email here:
542222,please help I am not getting an appropriate help from your side I just need my invoice,As invoice contains sensitive information we will not be able to access the same. You may download the invoice by following the steps given here:
542254,J'ai un colis amazon pour des voisins et ils ne viennent pas le chercher... le livreur a mis mon nom pour la réception du colis. Ils pensent peut-être que je vais venir leur apporter/livrer.,"Bonjour, désolée d'apprendre cela :/ pourriez-vous nous communiquer le numéro de suivi de ce colis s'il vous plaît ?"
542261,i want phone call will you call me?,Kindly reply to our correspondence with a call back request & we'll connect with you. You may find all the correspondences from us here:
543570,I tried many times... But no avail. Always get same reply from ur executives that Send AUTHORIZED Courier Receipt. What to do now???,The resolution provided in the e-mail is the best we could offer at the moment. We would request your cooperation here.
545700,Todos enviados pela Amazon.,Entendi. Nesse caso recomendo dar uma olhada nas seguintes informações:
545700,Sou cliente há muito tempo e as caixas tem ficado cada vez menores com pouco enchimento entre os livros pra proteger,"Entendo, Stephanny. Agradecemos muito o seu comentário e feedback e tenha certeza que já encamininhamos seu caso para nossa equipe responsável. Para nós é muito importante melhorar o serviço que você recebe."
545754,Ordered oneplus 5t trackin id-910123673305 Order id-407-4264026-5042739 Status -delivered To whom? I (prime member)didnt receive it on d address mentioned while placing order! Time 2 turn to flipkart-Make In India as Amazon is Cheaters or theives?,Please don't provide your order details as we consider it personal information. Our twitter page is visible to public. 2/2
545812,Had a issue with delivery today said there was an issue with the address can you shed any light on this. Thanks,"Hi there, Ann! Have you had a chance to confirm that the shipping address is correct? You can do that here: If all is correct, please reach us directly here so that we can look into this for you:"
546337,You sent me an incomplete package,"I'm sorry to hear this. Has your order been split into multiple shipments, or does the shipping information show the items together here:"
546421,"Not sure if is ready for ""Prime"" time. 3/4 orders on Black Friday misfired with 1 still AWOL. Fingers crossed my order comes today",I'm sorry to hear it hasn't arrived. What's the delivery date and most recent tracking shown here:
546460,I've tried 6 times but it doesn't help me get my orders from your dishonest drivers,"When you had contacted us, what did we advise? Did we ask you to wait longer in case it arrives later or discuss refund/replacement options?"
546464,just delivered a package to our house and the address isn’t even close. Somebody is going to be upset because I’m not delivering it.,"Thanks for reaching out to us, Matthew. Please check out this help page for more information: -Roger B."
549387,Vendido y distribuido por Amazon,Gracias por la información. ¿Podrías indicarnos si has contactado hoy con Servicio al Cliente? de ser así ¿Podrías indicarnos que te han informado?
549430,"There are hundreds of buyers claiming the same issues with the same seller yet keeps striking off all 1* feedback. Your CS agent Pooja is ill-mannered,untrained, condescending and rude ( call recording available ) unwilling to listen to customers.","I understand your disappointment, Ashish. I'd like to inform you that all reviews on our website are published as long as they abide to the guidelines here: Please go through them and get back to us If you still have any queries. 1/2"
549513,"So amazon apparently delivered a package and ""handed to resident"".. so wheres my package? Cos it certainly was not handed to me...",I'm sorry you haven't received your package! Have you tried all of these steps: to locate your order?
550479,"Hola , pedí un libro por y estaba para llegar el 30 de noviembre pero todavía no llega. ¿Hay alguna posibilidad de rastrear el paquete?","¡Hola Ana.! Sentimos los inconvenientes con tu pedido. Sin compartir información personal ni confidencial, ¿Podrías indicarnos si el producto es vendido directamente por Amazon o si ha sido vendido por un vendedor externo?"
550551,"Your carriers picked up the wrong package at my address, and I don’t purchase the package through Amazon.","When you contacted in, what options were discussed regarding the wrong packing being picked up?"
550556,"Pedí un libro que al abrir el paquete, el pobre parecía que había sufrido un duro viaje. Como sugerencia, quizá habría que poner papel de burbuja o similar, para que no llegue, como en mi caso, con hojas dobladas y algo arrugado. ¡Un saludo!","Gracias por la información Marga, es muy importante para nosotros conocer tu opinión para mejorar la experiencia de compra. Por favor ingresa en el siguiente enlace para que puedas presentar también tu valoración de manera personalizada:"
550610,My order with order id 405-7338686-4915560 was not delivered today. Instead got an email that it could not be delivered because there was no one to accept. When called delivery person he said he was not able to do it today. Then why this lie?,"Please don't provide your order details, we consider it personal information. Our Twitter page is visible to public."
553328,Big shout out to #Dynamax for making my one day shipping last over two days... Still didn't get my package. should no longer support this delivery service.,Hi! I'm sorry that you haven't received your package. Do you see a new expected delivery date in your tracking? You can find it here: Let us know!
553334,"constantly gettign a message ""Your account has been locked for security purposes. Please check your e-mail for instructions on how to unlock your account"" had this issue for ages. Havent had an e-mail!","Oh no! So sorry for the frustrations! Please reach out, without signing in, here: so we can look into your account being locked."
553397,Hi why did you deliver one half of my order and refund the other item saying it’s ‘undelivered?’,Oh no! We don't have account access through Twitter. Please reach out to us here: so we may look into this.
554595,This is what free shipping gets you,Thank you for bringing this to our attention. May you confirm the carrier stated here: or on the label that delivered this order?
554655,"email reply from Amazon says I get a refund, I go on the chat to get the refund and get denied. Great service Amazon!","I'm sorry for the trouble. Without posting personal account information, can you tell us what the refund was regarding? When you spoke with us, did we mention why we weren't able to issue a refund?"
554659,Ainda não!!! Mas já tô super ansioso!!! Haha!!!,"Tomara que curta muito da leitura, Julito 😉 Boa leitura!"
555284,I didn’t see this option. Can I set it as a default? Majority of my purchases are for children’s presents so would be handy if can avoid them seeing what’s come in the future.,Currently it is not a default option and would need to be chosen for each item at checkout.
557053,". Hola, un libro que compré hace años para kindle aparece desconfigurado en mac y en la tablet. Lo he borrado del mac pero ahora no se descarga. Cómo puedo solucionarlo? Gracias!","Hola, podrías comentarnos ¿en cual de los dispositivos estas intentando descargar el libro nuevamente?"
557077,"I’ve just ordered something and the money hasn’t come out, usually when I order something it comes out straight away",Thanks for reaching out to us! You won't be charged for your order until the items ship. Has your order entered the shipping process? You can view it here:
557084,"what terrible customer service today. Sent me 2 broken items and refusing to replace them. Refunds are good and well, but needed the replacement items...",I'm sorry you received a damaged item! We're only about to replace items that are shipped and sold by Amazon. What information or options were provided when you contacted us about this?
557131,Recomendo fazer isso sozinho em casa a noite com tudo escuro usando apenas um lanterna. Pois o climão sombrio multiplica o medo por 9000,Monza! Eu sou fã dos livros de terror e de suspense! Não existe melhor coisa que ler à noite na escuridão! 😲
560603,Not amused at my two prime orders that were meant to be delivered today but didn't make it </3,"I'm really sorry to hear your parcels didn't arrive as expected! Typically, late shipments are delivered the following working day. If not received by Monday, please reach us directly via phone or chat to go over available options:"
561656,It was amazon. AMZL US,We want to investigate this further with you. Please reach out to us using this secure link:
561697,"The gate is nothing new, and was never a problem before.","I can understand how frustrating this is. Who is the carrier listed for this order? We can help you leave feedback for them as well, here:"
562958,That link doesn’t provide any info about the carrier.,"When using the link, it should take you to Your Orders. Next to the order in question, there should be an option to track your order."
564900,"Does Amazon USA ask for social security number, then why Amazon India thinks it can ask for #aadhaar and why is govt mute over this?","We seek Aadhar information as authentication is a must for any investigation. Aadhar card is preferred since it’s the most ubiquitous ID, we also accept other Govt approved IDs such as passport or pan card. We are committed to secure all our customer’s data."
564904,"Well, I want to split a payment for a purchase. But was told I can only do it using an Amazon gift card plus debit/credit card.","Got it! Payments can't be split among multiple cards, but can be split between a card and an Amazon gift card. For more information, please refer here:"
566613,"I’m sure my bank authorized the use of my card with amazon as I was able obviously place an order. The money for the order was taken out of my account as expected for any other order. What I’m asking is, after an order is cancelled - will I get a refund?","If the order did not enter the shipping process, your payment method was not charged. When an order is placed your bank will put an authorization for the amount of your order on your payment method. See more about them here:"
566657,That doesn't help that you fucked up my delivery the first time which took a week to settle out and get a new delivery now this one's late and I'm left without a working computer for a week and a half and behind on so much shit.,"I can certainly understand the frustration with your deliveries. To confirm, what was the delivery date provided at checkout or in your order confirmation e-mail? You can find that here:"
566678,waited all day for a package to be delivered. Nothing. The email stated 12/2 by 8pm. Now customer service states it will be delivered by 12/9 or maybe 12/7 or 12/4. #irritated,"I'm sorry for the wait! When you spoke with us directly, were we able to provide a date we'll be able to refund or replace this shipment if it hasn't arrived?"
566681,Also I was refunded and then it took the money again from my bank. Now I'm over my transactions and have to pay the fees for both that was done,I'm sorry for the trouble! We don't have access to your account via Twitter. Please connect with us here so we can assist you better:
568348,"says my package was delivered at 2 PM, but I was home then and there was no delivery. 6 hours later, still no delivery.","I'm sorry your order hasn't arrived as expected, Justice! Which carrier was delivering your package? You can check here:"
569127,"Extremely displeased. I have sat here all day waiting for a PRIORITY PACKAGE supposed arrive TODAY by 9PM, but no one knows where it is and NO WORD ON IT BEING DELAYED. Why pay for priority shipping when you are just going to lose my order and not tell me about it?",I'm so sorry for the poor experience! We strive to meet the delivery date given in checkout. What's the most current tracking shown here:
569192,hey why don't you bother to respond to emails with delivery problems anymore. Don't you care?,"Of course we care! We are sorry you have not received a reply to your email. Without sharing any personal or account information, please give us more details."
569221,Amazon is the carrier. Last update was 5AM. Customer service has no idea where the package is.,I would like a member of our team to look into this for you. Please provide more info here:
570020,Just said if it wasn't here by the time I was out of town to ask you again. Please answer my question on the shipping agent. Everyone I know gets some sort of credit or Prime extension when this happens but I haven't even gotten e-mail yet.,We'd like to have Amazon Logistics investigate this delay for you. Please send us your order details at the following link and we'll follow up shortly:
570069,"And yes, I try those steps every single time but at this point it shouldn't be on ME to try and track down a package your driver consistently misdelivers.",My team would like to escalate this for you. Please provide more order details here:
570099,You really need to better communicate that packages are delayed. When I’m told Today by 9PM that’s when I expect it to arrive. There has been zero communication of a delay until I call to find out you can’t even find my package. Awful communication!,I'm sorry for the trouble! Is your order showing updated delivery information here?
571690,Sorry but I have moved on. See the kind of disparities that exist. The point is that you guys are not willing to accept a mistake and that is a huge concern. The mistake is not small that it can be ignored.,"We'd like to help you, Karthik. Please reach out to us through the link provided earlier and we will look into this for you."
571765,received the mesaage but not product. Called CS and he says i will get it by eod. #poorcustomerservice,I'm sorry to hear that you've not yet received the package. Let me check this out for you. Kindly reach us via and we'll help you out here.
571816,"Unable to make payment, as I get following error on every retry. Could you please check? Customer care folks are not able to understand. Order # 406-1363621-4941920",Please don’t provide your order details as we consider them to be personal information. Our page is visible to public. 2/2
572411,We are in the process of arguing with a less than helpful customer service rep. Our prime account has been hacked and this guy wanted to waste 24 hours with our bank information. Not happy!,"I'm sorry for the frustration! For the best resolution, we collect this information so an Account Specialist can better assist you. Please keep us updated if you haven't received any communication in 24 hours."
572448,"Had purchased a Motorola charger a few months ago. That's also not working now. Of late have been quite dependent on Amazon for my electronics purchases. Unfortunately, the experience is not as satisfactory as earlier.","Sorry to know that the product isn't working as expected. I'd like to inform you that we'd not be able to initiate a return request post the return window. However, please reach out to the manufacturer, they'd surely be able to assist you with this."
572845,"I got the package yesterday. Perfect packaging and things intact. No complaints. Amazon hands down, any day! 👍",Thank you for the confirmation. We're glad that we could deliver up to your satisfaction.
572919,I got a notification around 3 pm that said it was lost and would be delivered around 8pm but I've been waiting at my door since about 7pm and still no show 😬 not sure what's going on but my day is definitely gonna be ruined if I don't get this package,Thank you for clarifying. We'd like to look into this with you when you've got some time. Please reach us by phone or chat via EP's link.
572931,thanks for instant one day replacement 🤘,"Thank you for your kind words, Bharat. We are glad we were able to meet your expectations. Hope to see you soon! :)"
574485,Hey When do you plan to add Malayalam movies to your roster??,"Vignesh, we currently do not have Malayalam content on the service. Please stay tuned as we expand our content selection."
574507,"I'm 45 minutes into a chat session trying to resolve an order where to wrong item was sent. Don't know if these chat reps are not empowered or if a language barrier exists, but can someone help resolve a routine issue? So frustrating!","Hello, I am sorry to hear about the problems that have occurred with this order. I understand you our using our live chat. What have you been advised ?"
574926,why don't we have 4K #FireTVStick in India Yet??,We do not have this feature yet on our Fire tv stick. We'll have your comments forwarded to our team for review in this.
575373,what’s happening with the new series of Twin Peaks on Blu-ray on the UK site? Still hasn’t dispatched and the version I ordered is “currently no longer available”?,Hi Paul. What was the expected delivery date given at the time the order placed? Has that passed?
575389,"Bonjour, à nouveau la promesse de livraison prime n'est pas tenue dès que le colis est confié à Amazon Logistics. Votre transporteur dégrade votre image de marque. 5 loupés en 6 mois, sans explications ... Comment faire pour exclure AL de mes transporteurs? Merci.","Bonjour, désolée d'apprendre cela :/ l'avez-vous signalé à notre SAV ?"
577709,And….. still on the phone for a decent conclusion! Promised email after email and still nothing!,"Hi, have we been able to provide any alternative options for you?"
577766,you have not fulfillment your commitment . your customer care Representative committed for today 3 dec on written mail but my product is not deliverer till now.please find mail screenshot below .you are making false commitment from last 7 days.,"Please don't provide your order details on Twitter, we consider it to be personal information. Our page is visible to the public. 2/2"
577774,why are you making false commitment again and again now you have given new time not date for delivering. you have not already fulfill your yesterday commitment how can i trust you ????????? i think am i not talking to brand like amazon . i have attached both the screenshot,"Please don't provide your order details, we consider it to be personal information. Our page is visible to the public. 2/2"
579860,At least keep your promises. My order shows different date than your promise. Tell ur representative to contact.,"We're sorry to hear that. If you have requested an invite, we will honor your request and send you an invite. Due to heavy demand, we send limited number of invites each week. Keep an eye on your inbox."
580591,And the box is damaged!!!,"Hi there, Linda! I'm sorry about the damage! You can check here for options: Also, our Frustration-Free Packaging reduces the overall amount of packing materials used. You can select gift options for Amazon packaging at checkout."
580610,We have multiple orders waiting to arrive between husband and self he has also had order supposedly being delivered also now 5 attempts,Have you had any further updates to the tracking on your orders? What were the original estimated delivery dates provided in your order confirmation emails?
580663,"Hi! I am having trouble signing into my account. I tried changing the password after I repeatedly got a message that it was incorrect, but even after the change the same thing happened. Can you please help?","Hello, Lydia! I'm so sorry you're having trouble logging into your account! Please reach out to us here: so we can further assist."
582671,Amazon delivered wrong product.. I ordered a black berry phone and I get a Sony wireless headset...,I'm sorry to know you've received an incorrect product. Please connect with our support team here: so that we could check and assist you. 1/2
583532,"Hi When I tried to purchase 3 numbers of this item am getting this message! ""We're sorry. This item has a limited purchase quantity. We have changed your purchase quantity to the maximum allowable. "" Why?! I was regularly buying this!",Some products have a quantity limit as we want to ensure that all our customers have an opportunity to order these items.
584555,No birthday present for my grandson. Got a text saying delivered by 8pm. Yesterday. No delivery yet! Grrr,"Sorry to hear that, Cindy. Can I ask what the latest tracking update has been? YOu can check here:"
585669,"Disappointed with your “effortless” and “helpless” attitude team #socialmedia #AmazonIndia !. Done the needful, let’s see can #Amazon really help a person when in need or not! #Sadcustomer #Sadcustomerservice #verysadsocialmediateamAmazon 👎🏻😑",I understand your concern. I'm afraid we cannot promise you early delivery as the estimates provided during checkout is the time to be taken to deliver your order. Rest assured we'll deliver your order at the earliest.
586806,Yes the charge is on my bank account,Thank you for that information. What is the reference next to your charge?
586852,"can you please pm me with an email add for customer services. We are experiencing repeated problems with delivery - now 4th delivery gone astray. Shown as ‘handed to resident’ when we’ve been home, safe place instructions ignored and items AWOL",I am sorry to hear about this Charlie. We are unable tou do outbound DM's but you can contact our customer service direct using the following link: Hope this helps! -Sami
587936,"Also, the item isn't lost. I watched them deliver it. Status still says ""lost in transit"", though. No big deal, but it makes Amzn look silly","Okay, thanks for that info, Dave. Have you received any updates via e-mail for the last two packages you were expecting? Let us know. We'd like to help in any way we can!"
587961,I have checked the link and the items are sold by amazon and fulfilled by amazon. I can assure you that I am well aware on how to check the status of my items,"Thank you for checking! Has the parcel missed the delivery date given in the order confirmation e-mail you received? Have you received any e-mail notifications of a delay? They may have routed to a junk/spam folder. Let us know, we're here to help!"
588754,To be honest not helpful. Only will reorder which doesn’t really help us. Was expecting order on 27 nov #sad #nothappycustomer,"I can definitely understand how you feel. This isn't what we strive for, and I'm sorry we've let you down. I hope you'll consider us in the future. If you'd like, we can look into your order some more here:"
588780,help I can't connect the echo dot to my wifi try everything!!!,Oh no! I'm sorry for the troubles with connecting your Echo Dot to Wi-Fi! Have you tried these helpful steps:
590779,"I think I’ve found a delivery service worse than FedEx/UPS. Why does continue to use these people for Prime shipping!? Worst. Worst. Worst. A week later, my guaranteed delivery is still not here.","I'm so sorry that your package has not arrived, Beth. If we missed your guaranteed delivery date, please reach out to us via phone or chat to discuss options:"
590812,Today's package says #USPS. The #canon #printer says the carrier is #amzlus.,"Okay, thanks for that info. If there are any damages to the package delivered today, you can check your available return or replacement options here: Have you received any e-mail updates for your printer? Let us know. We want to help!"
592043,"After deciphering the drivers handwriting I’ve figured out he’s left my package with a car dealership, which is of course now closed. How ridiculous! Please asssit with what can be done. Needed this book for a lesson tomorrow (teacher)","I certainly understand your frustration! When you have the time, please ring us here: so we can look into what happened together."
593351,booked some packages to be delivered today with prime. Home all day on my day off. Driver popped a note through my door saying 'tried to deliver'. Didn't deliver to my neighbours who were in. No days off for a week so no-one home to accept tomorrow. Any advice?,"We’d love to help out but we don’t have access to your account, for security reasons. Please contact us here so we can address this properly, Tom:"
593467,Yamada Kun To Nana Nin No Majyo has no English subtitles,Thank you for flagging this to us. I have escalated this to our concerned department and will get this resolved soon.
593485,How do I make your Android app stop notifying me of sales and crap? It's obnoxious and needs to stop,"Thanks for reaching out, Graeme! You can adjust the amount of notifications you receive through the settings of your Android device. You'll need to disable push notifications. I hope this helps!"
594549,"It shows delivery between dec 2 - 5, I needed the item in the 2nd which is yesterday, that is why I paid 20 dollars for shipping","I'm sorry about that, Stafford. Just to clarify, the current estimated delivery range is the December 2nd and 5th?"
595684,"J'ai retourner l'article pour réparation, mais j'aimerai le récupérer",Avez-vous contacté notre service client à ce sujet ?
595723,"Bonjour, comment signaler un produit qui comporte (je pense) beaucoup de faux avis (protection d'écran d'Apple Watch mais dans les avis ça parle de protection de téléphone + aucun ""achats vérifiés""...","Bonjour, je vous suggère de signaler cela à notre SAV via:"
596757,Does and just drive by and throw packages out the window? Cause I definitely didn't have a package 'delivered' 🙃,I'm sorry for any trouble with your delivery! Do you have possession of your package?
601285,not very impressed. Just received an email saying ‘failed delivery attempt’ as I wasn’t in. Well I’ve been here all afternoon and evening waiting and no one knocked or rang door bell. Poor service.,"I'm sorry to hear about the delay, Monica! While delays are rare, they can sometimes occur due to unforeseen circumstances. Please let us know if your parcel is not received by tomorrow as most late orders arrive the next day!"
602254,"yeah, and it says it’s expected today but i highly doubt that’s going to happen since it’s Sunday","Deliveries occur until 8PM to ensure we keep our delivery promise. We do try to let you know if anything changes. What does the current tracking indicate here: Please let us know, Carson!"
602254,current tracking says it’s expected tonight at 8 but it’s not out for delivery yet,Please allow until the time listed for delivery and keep us posted.
603169,the reason I needed the item in the MISSING PACKAGE will be over Sunday then maybe it might show up,"If for any reason it shows up and you no longer need the item, you can check return options here: or phone or chat with us and we'll be happy to help too:"
603942,Thanks for ensuring that my Sunday was utterly wasted. Maybe telling me the item wasn’t coming would have been an idea?? #fail #customerservicefail,"I'm sorry for the delay. Typically, late packages arrive the next business day. If it's not received tomorrow, please give us a call or chat to look into options:"
603944,"Yet again! These aren't in my safe place, and it was raining, AND my Wife wasn't happy about her plant being flattened!",I'm sorry for this poor delivery experience. Please contact us directly via phone or chat to report this and to explore options here:
605214,How do I start a chat? I can see the email options but no chat. My Alexa app is on IOS by the way. This is where household profile should be?,"The chat is available 7 days a week from 06.00 to midnight, local UK time. Did you use the link previously provided to access our contact options?"
606103,Yes name and address. Refund doesn't help me as delay of payment=delayed order=next day cut off time. Had to borrow money cos of this,Are these unknown orders being made from your account? Does anyone else have access to the account?
606182,What the hell you guys are still doing .. really you don't think a bit about your customers you fools can't stay on your own words. Why you all are asking more times. Every time your promise got failed. #CheaterAmazon,"I understand waiting for the concern to be resolved is tiresome. However, I'd request you to allow us with the time requested via email and we'll reach out to you with an update soon. Appreciate your understanding."
606236,Any tickets left for 24th May 2019 in Birmingham? It's letting me select the tickets I want but won't let me complete the order,"There still appear to be tickets in stock when I checked for that date Evie, are you receiving a particular error message when attempting to complete your order?"
607297,"hi team! i m planning to get Apple AirPods ! it shows on the website it has 10 days replacement warranty, can u explain me what is it ?",We've a 10days replacement policy if the item you received is damaged or defective.
609419,hey guys- ordered #405-5247225-0826710 on 18 Nov. Still gotten nothing. Please help,Apologies for the delay on the order. Allow our support team to investigate this. You can report this here: .Please don't provide your order details as we consider it personal information. Our twitter page is visible to public. .
609449,"Ah mais moi je m'en contrefous de ce que vous faites, tout ce qui m'intéresse c'est d'obtenir ce que je cherche au meilleur prix.","Nous nous efforçons de vous proposer des promotions sur une large gamme d'articles. Restez connecté, toutes nos offres seront disponibles sur le site."
612634,". saved my life this morning, in more ways than one! Thank you!! 🤗🤗🤗","You're welcome, glad to hear we could help! Thanks for the great feedback! 😊"
612694,Thank you. It was Friday 17th November.,"Thank you for confirming. When you spoke with us, did we explain why a refund has not been processed? Have we provided an updated delivery date?"
616929,Si la entrega en un dia no me llega en un dia tengo derecho a algun tipo de reembolso? He pagado 6 euros por algo y me pedido no ha llegado cuando tenia que llegar ayer y a las 3 de la tarde tampoco ha llegado aún,"Sentimos cualquier inconveniente, ¿nos podrías informar, si te ha llegado algún correo confirmando que tu pedido ya ha sido enviado?"
616949,If they’re not entering & trespassing in the house they’re leaving parcels out on the doorstep in the rain for anyone to steal. you guys are on fire lately. 🤨,"Apologies Koval. Have you been in touch directly about your recent order issues? If so, what was advised?"
617030,Why get Prime if they don't deliver on time?,I'm sorry for any trouble! We strive to provide the best customer service we can and we want your package delivered on time. Did we miss the Delivery date given in your confirmation e-mail for your package? Please let us know!
617053,Waited all day for a package ordered with guaranteed morning delivery. It was a gift package and planned to gift it to my father. It was his birthday. And thanks to Amazon that wasn't possible. #amazon #sad,We are sorry for the miss. This was unintentional. We certainly do not want our customers to have such experience with us. Kindly get in touch with our support team here: so that we can do the needful.
619146,ive managed to speak to someone and hopefully hear back in 3 working days,Let us know if you need any further help.
619295,"has been NO HELP with my lost prime order. So far, a pat on the back and better luck next time. So disappointing","I'm so sorry about the lost order, David! Have you had a chance to reach out to us by phone or chat? If so, what options were provided to you?"
619944,"Uh oh... this doesn't look good. What are these ""external factors"" you speak of? I'm hoping this doesn't mean I won't get my package today either! It's already a day late. care to comment on this? I've already emailed you but this is what I'm up against.",I'm so sorry you are having such a terrible delivery experience! I'd like a member of our team to look further into this for you. Please reach out to us here
620011,"Problemas con Mi banco y me suspendieron mi cuenta sin siquiera darme la oportunidad de pagar con otra tarjeta, como si fuese un ladrón o estafador eso no pasa con otras páginas estoy muy decepcionado, me tratan como ratero adiós buen fin","Hola Jorge. Lamento los inconvenientes con tu cuneta. Permítenos ayudarte, ¿has recibido el correo de nuestros Especialistas sobre el bloqueo de tu cuenta?"
622361,please help you delievered my brand new £££ tv smashed !! How do i return this asap free of charge and a new one sent out? #badservice #angry #amazon,"I'm terribly sorry your TV isn't working! If you'd like to start the return process, you can do so by visiting us here:"
622546,"Is anyone going to reply to me, and give me any more options? I would like a refund due to incompetent delivery drivers. What is the point of prime when idiots leave paper based items packaged in cardboard in torrential rain?!","I'm sorry for the delayed response, Kelly. Please contact us by phone or chat using the link provided and we'll be happy to look into all available resolution options for you! We want to help!"
622598,"Sagt mal , zählt das als Retoure wenn ich mir Paketband bei euch bestelle und das Stück für Stück bei meinen Rücksendungen an euch zurückschicke? 🤔😁","Wenn du damit andere Päckchen für uns zuklebst ja, sonst hätten wir das lieber am Stück zurück ;) Mal ganz davon abgesehen, die Päckchen sollen zu dir, nicht zu uns!"
626577,When will it deliver can you give me delivery boy's contact no so i can contact him and ask him about expected delivery time.,"Please don't provide your order details, as we consider it to be personal information. Our Twitter page is public. 3/3"
627702,I have a parcel which says delivered but was not delivered to me. Could you help me track down where this was delivered please?,"I am sorry this has not turned up yet, Emma. Was this marked as delivered today?"
627751,The order which i got on 15th nov is again out for delivery now hahahahaha Nice Joke by amazon Slow claps for your POOR service nothing can be expected from u guys worthless service,Thanks for flagging this to us. Could you please share your details here: so that we could get this fixed right away.
629461,Kya kr liya koi rply ya answer nhi aaya...what about product safety,We'd like to understand your concern better. Kindly share your details here: and we'll work with your issue for a resolution.
629530,What does it means . Is Amazon deliver my product tomorrow at my address or not. If yes then send me expected time of delivery. Is your delivery agent's mobile no. is on or switched off as today.,"I get you being upset with the delay, Arvind. We can't gain access to your account details via Twitter. Please share your details in this link shared above and we'll reach out to you with an update. (1/2)"
629544,What's is mean by delayed ur action is required ?,We've sent the correspondence to your registered email ID. Kindly check it here: and reply us with your concern.
629597,I feel I have been lied to. I was told my package was delivered this morning but it is no where to be seen. I'd like to know where my package is please and thank u,"Hey Amy, have you checked with any of your neighbours? You can check more info here:"
629618,Will there be someone helping me for the receiving a empty package from Amazon for 10000 INR?,Sorry about the trouble you've had with your order. Please report this to our support team here : and they'll help you with this.
631615,"I managed to reapply for Prime, and then get it switched to Student Prime. In the meantime, even though there were the correct funds in the preferred payment method, you proceeded to take it out of the wrong card - £79 on 18/11, £79 on 22/11, & £39 on 23/11 - causing that to /1","Hello, I'm sorry to hear of this. We can not discuss payment details over a public platform like Twitter so would need you to contact us directly for further assistance"
631630,"Es directo de Amazon, el estatus es en camino",¡Gracias por la información! ¿De casualidad has intentado contactar con el transportista para verificar porqué no se ha entregado este pedido?
631659,when steals $100 from you and won’t refund you!!🙃🙃,"Without posting personal or account sensitive information, can you tell us more about what's going on? When you contacted us: were we able to provide you with more insight?"
631662,Used collect service today for the first time...it’s amazing! So convenient 👏🏻,That's awesome! Thanks for sharing your experience with us!
631701,Order no. 404-52035029193918 Refund the charge of delivery .,as we consider it to be personal information. Our Twitter page is public. 2/2
633703,is this an appropriate delivery tactic? #NotHappy 🤬,I'm sorry for the poor delivery experience! Have you had a chance to report this to our Customer Support team to leave carrier feedback:
633722,This is the only response I got! It’s been 4 days since then,I would request you to kindly respond to our email with your further insight on it and we'll look into it.
635671,Bonsoir j'ai un colis en transit j'ai cliquer sur la livraison express c'était prévue pour aujourd'hui ou demain et je regarde le suivie. Ça me marque arrivé prévue le 24,"Bonjour, avez-vous signalé cela à notre service client pour vérification ?"
635731,Wozu genau ist das? Zum quatschen? :D,Richtig :) Wir telefonieren lieber :P
635769,Is this good service ? Glass was inside - luckily nothing broken.,I'm so sorry that your package arrives in such a terrible condition! This is not how we want our packages to arrive. Please reach out to us here; to we can look into this for you.
637059,Amazon Video option fromthe tv itself,Thank you for confirming! Have you made sure your TV is connected to the internet?
637117,sexta feira nois se vê,"Olá Vonessa, estaremos te esperando! ❤"
637142,I've had an email reply. You can't help me as you no longer have my email address registered. That's 90% of the issue.,"Hi, Jon! I'm very sorry that you've had this experience. Please reach out to us at 866-216-1072 so that we can further assist."
637252,thank you for the reply. I really appreciate the help 😁.,No problem! Please keep us updated! We want to be sure we get the issue resolved for you!
637303,Claro. En cuanto tenga un segundo os pido la devolución.,"Comprendo y disculpa nuevamente. Puedes solicitar la devolución mediante el siguiente enlace: Saludos,"
637324,It’s with I have been charged $10.99 for a U.S subscription for amazon prime and I don’t have prime.,Please contact us directly so we can look into this with you:
637378,Can you follow me to DM you.,Sure! You can DM us here!
639440,Added Rs 318 And then Rs 418 In Amazon pay balance The balance hasn't arrived yet,Sorry for any inconvenience. Have you tried contacting our support team here:
639558,"kann nicht mehr auf meinen Account zugreifen. Mir wird angezeigt, ich bekomme eine SMS, aber die kommt nicht? Haben bei euch angerufen, aber man konnte uns nicht weiterhelfen?","Hi, wurde der Code beim Einloggen angefordert? Hast du die Möglichkeit einen Code via E-Mail zu erhalten? Gruß"
639608,Another delivery fail by - need to learn from #JohnLewis,I'm sorry we've missed the mark with our delivery! We'd like to help fix this! Could you give us a little more information about the issue you're having?
641673,"delivery where the driver didn't come in the road, second attempt results in an open package that contains an empty box, offer of replacement on Friday & the supervisor fails to call me back. Do you want me to stop buying from you?",I'm sorry you haven't received a call back. Please contact us here: so we can look into this further.
641690,de qué sirve que tenga Amazon Prime si mi pedido “en un día” lleva más de 3 días de retraso? 🙄 no es la primera vez que me pasa...,"¡Hola, Julio! Lamentamos lo ocurrido, en este caso ¿ya entraste en contacto con el transportista para más información sobre la entrega del pedido?."
641750,No just saying it's wrong code,"That is strange, sorry for any inconvenience! Can you confirm the Amazon site the Gift Card is for (.com/.co.uk/etc) ? Also, confirm that you're following these steps to redeem: if you would please, just for troubleshooting purposes."
641791,"Literally an hour of an adviser telling me that they can't cancel the item, nor able to provide an explanation for why it's not been cancelled.","I completely understand your concern, Alex! For further clarification, could you tell us the delivery date provided in your order tracking? Also, is this order coming from Amazon or a seller?"
643679,Shared info at above link... Please take a look,Thank you for sharing the details. We'll get back to you shortly with an update. Appreciate your cooperation.
643736,I won't. Let the delivery person come and deliver. I m not going to pay him. Let's see what he will do.,We'd like to get this checked. Please share your details here: & I'll contact you soon.
643813,"I am not getting my product,which i have purchase through debit card,but i receive product is delivered,what the hell is dis,no one listing",Sorry for the trouble. Kindly get in touch with us here: and we’ll be glad to help you.
643824,I had ordered a top during this sell. I wasn't home when this delivery was done. He asked my mother to pay Rs 500 instead of RS. 450.,Allow our support team to investigate this. You can report this here: (1/2)
643830,"You have to tell me that, please check the history of the tweets and check the email I have replied to you. Why are you asking me for details when I should be the one asking",I checked your previous correspondences and I do realize there has been inconvenience with the delivery of your 1/3
643871,"ooh, then how am i receiving emails for this post?",Sorry for the inconvenience. Please provide your details through the link mentioned above and we will get it resolved.
644051,Check last week link:,In that case kindly reply to the email that we've sent with reference to the details that you had shared.
644708,"Hey ,if i load balance to my Amazon pay wallet for the first time,will I get 20% cashback as Amazon pay balance?","I'm sorry, the offer on first load is currently unavailable. Please stay tuned for more offers on Amazon pay balance."
644711,dear they refused for any latter. I send their visiting card plz cross chack,"I see, please share your details in the link provided earlier and we'll look into it."
648434,I confirmed my order for Thursday delivery on payment but the email I received was for Friday delivery. I would have not placed it if that was the case. And nothing can be done.,I'm sorry for the delay! Have you had a chance to contact us directly so we can see what options are available for your order? We're available by phone or chat here:
649641,Wow thanks . My first package was stolen so we left a note asking to throw this one over the fence if no one was home. They didn’t even knock. PTL I’m home and have been checking 🤦🏼‍♀️,Oh no! I'm sorry your instructions weren't followed. Someone from my team would like to look into this with you. Please leave as many details on the issue here: Thanks!
650087,The app on Kindle cuts off nearly every tweet with ... It's terrible. You had one job.,I'm sorry the Twitter app is giving you trouble! Have you tried deleting and then redownloading it?
650140,"Just ordered a digital code for Fifa 18 Deluxe upgrade and it says ""Pending verification"" how long does it take for the order to go through?","Hello. Most of the time, digital orders are verified within the hour. In some instances, it may take up to four hours. You can learn more about digital orders here:"
651438,Ya no tenéis atención telefónica?..esto es para mí más sencillo consultarlo por teléfono sin estar contando caracteres,"Entiendo, puedes contactar a Soporte al Cliente mediante este enlace:"
651498,account of __email__ school bag ka return start kiya lekin pick up nahin hua,Sorry for the delay in the pickup. Please contact us here: and we'll be glad to help you. 1/2
652068,"hello, si j'ai supprimé ma CB de la liste des moyens de paiement ça n'a aucune incidence sur la commande en cours que j'ai payé avec cette même CB ?","Bonsoir, Est-ce que la commande en cours a été expédiée ?"
652172,One of the mugs I ordered off came broken in a bunch of pieces though so that’s sad. 😭,I'm sorry your mug broke! We'd like to look into your options. Please contact us here:
652175,"You know what I hate? Amazon's delivery service, (NOT PRIME NOW, the standard delivery). Very rarely do they not screw up. Just ship it via UPS or FedEx you jerks. Side note: I wont have my extra mix packs for Dropmix games at Friendsgiving. :(","It's not our intention to put a damper on your Friendsgiving, Dan! Have we missed the estimated delivery date provided in your e-mail? Please let us know."
654263,"de gros soucis de décalages sur les sous-titres de Prime Vidéos, dès 15-20 minutes les ST sont décalés de plusieurs secondes 😤","Bonsoir, merci de vérifier cela auprès de notre service technique via Ce dernier s'occupera d'effectuer la réclamation"
656847,"if payment done by credit card, and order cancelled. how and when refund ????","Refunds are cleared in 3-5 business days, depending on the bank's processing time."
657911,la livraison gratuite pour le black friday c'est pas possible ??,"Bonsoir, Vous pouvez bénéficier de la livraison gratuite si votre commande atteint le montant minimum de 25,00 euros TTC."
657926,"Acabei de comprar 9 livros por R$ 114. Eu amo #BlackFriday ❤📚 Obrigada , pelas promoções fantásticas.",Wooohooooo! São muitos livros Carol! Qual é a data de entrega do seu pedido? Você deve estar muito ansiosa! 😍📚❤️
657930,"Amo HP desde os meus 14 anos, mas nunca consegui comprar os livros. Finalmente completei minha coleção. Tô emocionadíssima.","Olá, Carol! Conta para nós, dessa coleção qual livro é seu favorito?. Ficamos curiosos. 🤔"
657968,It has been damaged in transit and won't be delivered. Does this mean i will be refunded for the item?,"Correct. Once it is scanned as returned to us, a refund will be processed automatically."
658854,Is going to start selling TV's again?,"I'm sorry, we don't have any information available on this. Please stay tuned!"
659937,This link isn't really helpful. I have zero interest in resetting my account information - I just want to be able to use the l/p I have.,"If you use the link above, an Account Specialist will be able to assist you."
660398,"Ma dernière commande est en retard d’une semaine, Ni la commande de remplacement, ni le remboursement ne sont possibles. Je fais quoi maintenant ? J’attends tranquillement qu’on me dise sue mon colis est pommé ou je n’sais quoi ?","Bonsoir, je suis désolé pour le retard :\ Il est nécessaire de laisser au transporteur le temps d'effectuer les recherches nécessaires. S'il s'avère que le colis est perdu, la solution appropriée vous sera alors proposée."
660421,"So.. um, I don't think my package is coming, it's still in New Jersey, I live in Delaware, my other order came today. Just not the car charger","I'm happy you received your other package! I completely understand your concern however, we need to make sure if your order will arrive by the estimated delivery time. Please, let us know if it arrives on time. We look forward to hearing from you."
661388,Oye cuantos días debo esperar mi paquete después de que ya llegó a este pueblo?,"Hola, Drimobius. ¿Cuál es la fecha de entrega estimada que te indicamos para este pedido?"
662705,Get ya Stuff together 🤬🤬🤬 I been having this on the screen for the last month and I’m a prime member I ain’t even gonna be able to do Christmas shopping,Hello. I'm so sorry you're experiencing an issue with the app. Have you tried any troubleshooting steps so far? We want to help!
663746,"Ya, Pero no contestan. ya me sé la respuesta cuando lo hagan. Estará en una sucursal por qué Amazon así contrato el servicio, esa es siempre su respuesta. De antemano se que tendré que ir a una sucursal por mi paquete. Simplemente quiero quejarme del pésimo servicio de","Del Rey, en este caso por favor contacta con nuestros colegas de Servicio al Cliente para una atención personalizada. Lo puedes hacer a través de este enlace:"
665165,It has been a while and can't find the email. Please let me know the email address.,You may connect with our support team to get a new email from here:
665236,"Listen , I have already replied to the email, but your team trying to be ignorant 😡😡😡 I WILL GO TO CONSUMER COURT #AmazonFail","As you've replied to our email, please wait for a response from our team."
665236,extremely disappointed. You don't care about the issue at all. I'm fed up!,Apologies for the delay. We can't gain access to your account via Twitter. If you've responded to the email (1/2)
665484,i did not received my product and website shows it shipped. have made online payment. ORDER # 405-4184237-1576305.,"Please don't provide your order details, we consider it as personal information. Our page is visible to the public. (2/2)"
665517,Hey.. i ordered a book three days back but now it's available at Rs 100 discount. It hasn't been delivered yet. Help??,Due to constant changes in the market place we experience price fluctuations & we do not price match for this situation.
665531,I have ordered same order from another and cod done why not on my ap??????????????????,Could you please confirm if you've contact our support team using the link provided above?
667690,"I ordered one +5t which was sppsd to deliver by 22 nov, IT DIDN'T. I hd to call amazon SEVERAL times to get an update. Escalated, no action. 1st agent was on off day ,2nd left amazon(dat 2 I cald agents to get update). No updates from you. PERKS OF BEING A PRIME MEMBER.",I'm sorry your order hasn't been delivered. I'd like to work on the issue and get the package delivered on priority. Please share your details here: and I'll get back to you.
669134,Fooled by Amazon. Since a week I am complaining. Even Complained on Website. But there is no action. I have been cheated,I'm sorry for the unpleasant experience with the purchase of your Motorola Phone. Please fill in your details here: and we'll get back to you with an update.
669192,"i alrdy did 6 times email on __email__, and call on toll free for 4 time... now what i have to do....",I'm sorry that your concern is unresolved. Please provide your details here: & we'll look at this at the earliest.
669715,L'ho comunicato direttamente al corriere che mi ha chiamato per consegnarmi il pacco e mi ha detto che faranno dei controlli per vedere se effettivamente sia stato cambiato indirizzo.,Grazie per il riscontro. Il nostro Servizio Clienti rimane a tua disposizione. A presto!
669736,"gente, vai rolar desconto da BF pro kindle? preciso saber mesmo se vai ter :/","Oi, não temos acesso às ofertas disponíveis além da informação no site. Fica de olho no site e nas nossas redes sociais para não perder nenhuma novidade ou promoção."
669747,"Worst customer service, items have not been picked up even after 20 requests and two months",I understand it would be tiresome. Could you please confirm if you have shared your details on the link provided to you earlier by 'EM'
671273,wen will u add punjabi movies to prime videos ???,Regional content is an integral part of our content in India. Please stay tuned as we expand our content selection.
671641,"So fed up with right now, this is the 4th (!) time I've had to contact them about something not being able to be shipped to me even though the page says it can. Each time I get a different answer the second time I ask",Apologies for the trouble this has caused. Are you getting a message to say the item can't be shipped to your address? Does it allow you to place the order?
671765,Hey its great that you take back and recycle cartons. why cant you do the same. Especially when you send stuff packed like this.,Thank you for the suggestion. I'll be sure to share your comments on this as feedback with our team internally for a review.
673083,"Please help me fix this, I'm a video prime member but can't play anything.","Hi Mike, sorry to hear that. Have you ensured that you are connected to a stable internet connection?"
675233,Close my account request coming soon to your customer service.,It appears you've had an unpleasant experience. We'd like to know want went wrong. Could you please tell us more about it?
675254,just received a damaged and heavily taped parcel. Not the prettiest of things for an Xmas present. How has this happened?,"Hello, sorry to hear the parcel was damaged. You can certainly view the return options with the provided link:"
676107,Why dont it work for me so?,"Hey, you can find more info on that here: .You can however watch Amazon video here:"
676174,A bit of excessive packing and waste of paper for such a small item. Don’t you think?,"Thanks for bringing this to our attention on social media! We are always looking to improve, and could use your help. If you'd like, please leave more information about your packaging experience here:"
676836,It was for today and it has already arrived to my nearest hub then to its not out for delivery.worst experience will nevr go for amazon ag,I understand your concern regarding the delivery of your order. Our products are shipped on time so that they can reach you by the estimated delivery date. I request you to please wait until the end of the day.
676891,I don't care if ur page is visible to public. call me I will tell u in details.,"Twitter being a social platform, we don't have access to your account here. I request you to kindly fill in your details in the link provided to you earlier for assistance."
676965,"Facing issues with order # 402-1187505-4270749), Please help and don't disappoint your customers.","We are sorry for the trouble you are facing. We’d like to help you with this. Please provide your details here: and I'll get back to you. Please don't provide your order details, 1/2"
676974,"The Order # 404-4956827-4828352, not yet delivered to me but I received text saying it's delivered and the same I am seeing on your site as well. AmzAgent(9284860798) not receiving his phone. Pls help.","Please don't provide your order details, we consider it to be personal information. Our page is visible to the public.2/2"
678262,why winner name is not announced,"Kindly, let us know which contest winners list you're referring to? We'll look into it."
678289,"Yeah, I provided my fruitful comments. I hope you will look into it. My issue still not solve.","If you've responded to our correspondence, we'll get back to you soon."
678321,This is ridiculous by & fooling ppl in the name of flash sale. Trying to book this since a month & everyone same. 12:00:02 I clicked on Add to Cart & it loads and loads till 12:00:45 & then OUT OF STOCK. Creating FAKE Demand,"Due to overwhelming response & limited stock, orders are fulfilled on a first-come-first-serve basis. Since this phone is being sold in a flash sale model, we cannot guarantee the availability of this product. I'll pass on your feedback internally."
678328,"what is the use of such prime membership , when you are not able to fulfill your one day delivery promise, it is just a waste of money","Please don't provide your order details, as we consider it to be personal information. Our Twitter page is visible to the public. 2/2"
682523,"But still my Q n ur ans remain Same! isue nt resovd.!Item rchd Bangalore also near by hub 19th itself, stil hw mny days req 2 handover??????","I get your disappointment, Mahesh. Request you to respond to the correspondence that was sent for further assistance."
682609,another false commitment (see screenshot),"You must have received a correspondence from us by now, please check the same."
682629,Now accelerate Your service,"Rakesh, I get the urgency. Please share the details and we'll reach out to you at the earliest."
682996,"Ya tengo el regalo de reyes,los auriculares comprados en con #BlackFriday","Hola Yuri, ¡que alegría! 😱 Si te compraste unos auriculares ha de ser porque eres una fanática de la música ¿Cuál es tu género de música favorito?🎧❤️"
683736,"This is the one, but the price on the listing is less than what I’m being charged, the listing price seems correct when I bought, because I compared to HMV and they were £25 too",Thanks. Have you checked your email confirmation to see what price you were given?
683768,Não adianta vender um livro com a qualidade de “Hieronymus Bosch. Complete” se a não tem parceiros competentes para a entrega.,Sinto muito pelo ocorrido João. Você tem entrado em contato com nosso Serviço ao Cliente a respeito dessa situação?
685686,If you're adding some content then give it with full season,"Fair enough, Sushant. I'll be sure to share this feedback internally with the right team."
686656,Not really. I’ve tried to return the parcel but the label you’ve provided isn’t suitable for package. I need to be provided a new level. Is this possible?,"Hi Rob, sorry to hear that. You should be able to create a new label using our online returns center: Let me know how you get on."
686679,HOLA MI PAQUETE POR FA,"Hola, ¿podrías comentarnos un poco más del problema que tienes por favor?"
686747,Kein Verlass mehr auf wenn´s um Prime geht... Von den letzten 5 Bestellungen kam eine einzige pünktlich an 😠,"Hey, natürlich solltest du deine Lieferungen zum angegebenen Tag erhalten. Leider kann ich über Twitter nicht in dein Konto einsehen. Melde dich mal beim Kundenservice. Die helfen dir bestimmt weiter:"
686767,"Delivery late, bcuz my number was not reachable, such a lie I spoke to the courier guy and he said his car broke down so can't come grow up disgusting !!!",Sorry for the conflicting tracking update. Please report the issue to our support team here: and we'll have this delivery issue checked for you.
686773,"There was no option for this at the checkout - it should come as standard, especially when paying that much for an item. Just glad I opted for delivery at work, if I'd had it sent to my home address the surprise would have been ruined!",I am sorry you are frustrated! Here is some information to prevent this in the future. Hope it helps!
689458,"Hi, call done, they told it will be delivered tomorrow for sure but they can't guarantee the time. My concern if it's delivered after noon i can't pick it up from locker:( i am clueless what to do","I'm sorry for the delay! I'd like to have a member of our team look into this. When you have a moment, please send us the order and tracking details here:"
689473,This is how you guys get rich? By taking money from Customers and then asking them to make payments again? Refer order 403-0807629-1426714. Even so called escalation team disconnects the call without proper resolution.,I'm sorry to know that you're unhappy with our services. We'd like to look into this and help make things right. Kindly drop in your details here: and we'll reach out to you soon. 1/2
691146,My brother ordered a book and without receiving the book in actual he’s got the delivered message. How’s it possible?!,Sorry about the order. Please report this to our support team here:
691159,"Just wondering when will do my 44 euros refund...is it a bad joke? Never got the product, never got the refund.","I'm sorry for the wait! Have you contacted us regarding this refund recently? If so, what insight was provided?"
693835,I would like to appreciate Mr. Prabhudayal and Mr. Naveen from your customer care team who assisted me in a remarkable manner. Kindly convey my appreciation to them.,Thank you so much for taking time and appreciating our service. I'll surely pass on your feedback.
693852,You can always tell there’s a children’s birthday due imminently at my house by the amount of daily deliveries 🎁🎂🎉🎁,"Birthday, Thanksgiving AND THEN CHRISTMAS!!! Well played kiddo! Well played!"
693891,I ordered it through the day you announced the release date and they don't wanna send it me yet 😭😭,Hi there! Please let us know if it doesn't arrive by the delivery date we provided via checkout/e-mail. We're here to help out in any way we can!
695085,Wieder mal eine pünktliche prime Lieferung …(Habe die Ware noch nicht). Warum es mit Prime immer min. 1 Woche und ohne max 2 Tage.,"Tut mir leid für die Verzögerung. Wir tun unser Bestes, das garantierte Lieferdatum immer einzuhalten. Hast du dich diesbezüglich bei uns schon gemeldet? ? Dann kann geprüft werden, woran es liegt. Grüße"
695134,why has this been pending from my account for so long?,"Hi! We will need to see your account to investigate this pending charge. Since we are unable to access your account via Twitter, please contact us by phone or chat here: Let us know how it goes!"
695189,Payment has failed once & in the last two attempts has failed me. What can I do now?,"If you are payment is rejected, we will receive an email with a link to retry the payment with in 24 hours. If you still face any issues, kindly contact us here:"
695920,"Merci pour votre soutient, j'ai au Taxipost au téléphone qui m'a expliqué ce qu'il se passe. Perturbations georoute ces jours-ci chez eux.","D'accord, dans ce cas je fais appel à votre patience :)"
697243,amazon.in pls care for my return..no response still,"and I’ll contact you soon.Please don't provide your order details, we consider it to be personal information. (2/3)"
698758,"Don't know how to answer this. I will say, practically every time I've ordered Prime, it's never been delivered on time.","When you have a moment, John, we'd like to look into this further with you via phone or chat here:"
701485,Je l'ai signalé pour la première commandé mais pas pour la deuxième... Je vais pas passé mes soirées avec votre SAV 😧,"N'ayant pas accès à votre compte via Twitter, notre service client est le mieux placé pour vous servir et vous aider, merci pour votre compréhension."
702963,Habe nun E-Mail geschickt.,"Bestens, danke! Bitte hab aber ein wenig Geduld bist du eine Antwort bekommst."
703035,you mind me asking why I’ve just got my parcel like this??? 😡,Whoa! I'm sorry your parcel was delivered in that condition! That's not what we expect. Who's the carrier for this parcel? You can check here:
703812,"Having difficult time getting in touch with your Customer Service, never thought it would be this challenging. Please help me with my order!",Sorry to hear about your order issue. Please try connecting our support team from here: so that we can address your order concern. Keep us posted if you're unable to reach.
703881,Love a Black Friday deal from to find the present had been stole in the warehouse #freechristmaspresent #missingitem,"I am so sorry that your item was missing from your order, Tim! We'd like to help out any way we can, but do not have access to account information here on Twitter. Please reach us by Phone or Chat: we would be happy to look into this!"
704330,"Just unboxed OnePlus 5T & was greeted by defective screen. Peeled off the screen guard,updated OTA,factory reset-still the same! Do you even have a quality check team?!?! Thanks to it will probably be replaced or refunded.",I'm sorry to know about the defect. Kindly connect with us here: we'd like to help.
704359,Es un contestador que solo responde lo de la captura de pantalla,"En este caso, si deseas, puedes comunicarte directamente con nuestros compañeros de Servicio al Cliente para que puedan ayudarte mejor: ¡Saludos!"
706870,What more details you want. I can't even talk to customer support. I am tired sharing details since last 50 days. Please check,Apologies for the confusion. Request you to either reply to the email received from us or fill your details through the 1/2
707880,If is not capable enough to provide then atleast don't waste time of buyers. Worst service ever. My 3rd order also been rejected.,"Please don't provide your details, we consider it personal info. Our page is visible to public."
708571,#AmazonGreatIndianFestival purchase one Sony radio delivered today see they are selling products of Rs. 1390 in rs 1776,We try to ensure that the MRP mentioned on the website is same as the MRP mentioned on the product that is delivered. (1/3)
708586,"I have changed the date of receipt of my purchases, but I can not enter cancel the order when I have blocked my account",We ask you give our Account Specialist 48 hours to get in contact with you.
709039,hi... How do you link the firestick to Alexa in the UK? I can't find the menu option in your help on my iPhone app.,"We'd like to help, please reach us here, so we can take a closer look:"
709437,order# 402-4828292-2369943 I received a empty box but your cap team says the product is delivered how can it possible,"Please don't provide your order details, we consider it personal information. Our Twitter page is visible to public."
709448,Details matter and is getting worse at this over time. Package delivery is the hallmark and it's getting sloppy.,I'm sorry to hear you've had a poor delivery experience! W/o giving account details can you tell us more about what's going on?
710025,"Oh I've gone over those steps several times, I keep getting the same error msg in the end :-/","What error message are you receiving? Let us know, we're here for you!"
710040,"Hi, is this how you package your items?! Absolutely atrocious! Sort it out!","This isn't what we like to hear, Ashni! A member of our packaging team would like to review this:"
711104,Ningún servicio de Atención al Cliente tan bueno como el de Esto sí que es fidelizar clientes!! #empresasquemolan,"Buscamos siempre brindarte el mejor servicio, Tere 💖 Puedes contar con nosotros siempre 😉"
713297,closed an order after I reported the item undelivered & not refunded. Guess petty theft from college students is their bus model,I'm sorry! This isn't the experience we want you to have! Have you reached out by phone or chat:
713766,Said only the seller could lift the restriction. Seller said contact and said contact and said contact lol,We'd like another chance to look into this with you and see what's going on. Please reach out here:
714744,another day and another misdelivered package by amazon logistics. This is the reason I’m canceling prime.,We're sorry to see this! We'd like to help; have we missed the scheduled delivery date for this order?
721235,"ORDER # 404-0438375-2826724 which I had prepaid was canceled on 23/09/2017, still, I haven't refunded","Please don’t provide your order details, we consider them to be personal information. Our Twitter page is visible to public."
721297,"Yes, but the order doesn't show at all (not even as cancelled). This is why I called them.",they cancelled the order and sent you an e-mail to let you know 2/2
721772,bought an Amazon Fire Smart TV three months ago and the remote had already died... great quality,"I'm sorry! Please hold the 'menu' (3 lines), the left, and the back button for 10 seconds, then re-pair the remote!"
722488,"Basically I’m canceling this shit. Had a whole surprise that was supposed to be here, I should have just paid for regular shipping",I'm sorry for any trouble you've had with your order! Can you please confirm the carrier for us:
722513,After trying lots of different things i was able to get it to work on my playstation Sorry for the bother! And thanks for replying so quick!,We're happy to hear it! Please keep us posted if there are further issues!
722934,"who owns the responsibility of a damaged shipment, which needs to be sent back to the seller?",I'm sorry for any inconvenience you had with your order. We generally aim to provide reverse pick up for an order. Due to 1/2
723294,Yes I am. It was supposed to arrive yesterday but looks like it might come today. Don't promise if you can't deliver.,I'm really sorry for this delay! Please let us know if it doesn't arrive by 8 PM.
724892,"I was left red faced ,embarassed ,have bought many stuff from amazon& had good experinece but this incident has inflicted doubt.","I'm sorry to hear about the problem with your device. For electronics, we have a 10-day return policy. Request (1/2)"
724907,Hey I’m pretty sure a rat snuck in with my order in the box and now it’s in my boiler closet.,"We'd like to take a deeper look into this with you. When you can, please send your info here:"
725221,fucking hell services..complaint against my refund but no action taken still..absolutely worst,"As informed previously, kindly connect with your bank and file a charge dispute. Appreciate your understanding."
725553,It is very shameful n rediculus that Amazon launch a offer n suddenly withdraw same....finally who is sufferer?...... customer,Sorry I was unable to comprehend your concern. A little more context on this would be helpful.
725553,I have booked mi max2 64GB mobile on 7th oct but Amazon not able to delivered in given offer facility,so that we can assist you accordingly. (2/2)
725930,I have given the details on the link provided!,Thanks for sharing your details. We'll get in touch with you soon.
725937,obviamente no me trajo nada a las 22:30.¿tan dificil es llamar o dejar una nota para decir a quien se lo dejais?#AsiNo,Puedes contactarnos directamente aquí: así podremos verificar de forma segura e investigar lo sucedido.
725944,11th Oct 7.49 am.,"Looks like the deal might've expired, Paras."
726122,Opened n found nothing related to cashback. Why is it so difficult for you guys to check rather than just replying automated response,An email has already been sent with a reply. Kindly check it from the link shared here:
726575,This is not incorrect scan.I spoke to the delivery guy.He is still 40 mts cud the update be sent w/o the delivery?,earlier and we'll have this checked. (2/2)
726787,your chat person left the chat and accepted their fault.. no action taken still..feeling absolutely cheated.,I'd like to help. Please write to us here: and I'll reach out to you.
727098,Thank you. I have now added instructions!,Good man! Hope you receive it soon.
727377,ORDER#402-5179254-1538742 is shwng dlvrd since last 2 days hwevr I didn't rcv it. Cntcted customer care many times but of no help,"Please don't provide your order details, we consider it to be personal information. Our page is visible to the public."
727651,Why should i reply to your email correspondence. Means you are not acknowledge my problem here?,"We cannot offer any order/account details here. Hence, we requested you to revert to the email for further assistance."
727835,I have already responded back,We'll get back to you with an update shortly. Appreciate your cooperation.
728076,Whats the benefit.. F***g amazon never cares.. Customers always taken for granted..,cancellation. Request you to place a new order for the item and I'm positive you'll receive the order. 2/2
728504,It looks like it's only giving me the option to return both though?,Let us know if you don't have the option to just return one when the order has been delivered.
728807,"Genau das will ja nicht. Ich möchte unterschiedliche Musik hören. Mit spitify geht das nicht, geht das mit Prime Musik?","Melde dich mal bitte bei unseren Spezialisten, die können dir hier Infos und Hilfestellung geben:"
729010,Should stay away from after night shifts I make unwise shopping decision when tired,Unwise or..... exciting? :)
729043,"I’m not receiving any of the reset emails, any idea why? I didn’t receive the code email either",Have you checked your spam/junk folder?
729549,It would be nice if you updated me a lot quicker when things are out of stock! 00:40 on the day it's due isn't good enough!,"Sorry to hear. W/o posting personal info, are you able to elaborate on the order and the item?"
729862,you told me to verify my account with a code in an email. Didn’t get it twice!! Email address is correct. #outlook Help please.,Please get in touch with us here:
729888,"Extremely lousy service, agents lying on phone and no resolution services r terrible dat Im forced to dis route.","I'm sorry for the inconvenience is delivering this order, It is never our intention to cause inconvenience to our 1/2"
729906,"WORST ! PATHETIC! RIDICULOUS ! LETHARGIC SERVICE I EVER RECEIVED! You guys are now the cheapest online site thats the image right now! completely messed with my order, paid huge amount and gained a big loss",That's quite a remark! Could you please elaborate on what went wrong? We'll be sure to help.
734169,"Ordered a T-shirt, received shorts. BTW Shorts are really cool& I'm keeping it😉",Please don’t provide your order details as it is personal information. Our page is visible to the public.2/2
734643,This link requires a log in password we have neither please for a contact telephone number and identify an individual to address this please,I'm sorry about that. Try using this link instead: Let us know if you have any other questions!
735640,didn't know next day delivery can stretch beyond a month - 404-5289632-4633162. Is this customer service?,Please don't provide your order details as we consider it personal information. Our twitter page is visible to public.
735682,I don't know how many products that way are overpriced. I never expected this from Amazon.,I'm sorry to see you upset. We will work on your experience to see that such instances never repeat.
735686,Normally how much time does it take to take any action?,"However, we will have this checked internally. 3/3"
736478,"You think I have not tried doing it through the website? Thank you very much for your help, such a great service !",Sorry for the inconvenience. Please provide your details here: I will look into it and help you out.
737190,Le service client 👌🏼👍🏼,Merci pour votre commentaire 😊 Vous avez pu résoudre le souci de la commande non livrée ?
737996,Again pick up postponed...shameless and inefficient customer care...,Please revert to the email you've received from the Social Media team and we'll get back to you.
738416,Worst customer behaviour. Have not got the refund for my order Order# 407-1558582-9423527,We would like to help . Please share your details with us here: We'll get in touch shortly.(1/2)
738429,"Me ha llegau la tablet nueva! Gracias , por entregármela un día antes de mi cumple... asi q me felicito Feliz cumple Vero! #feliz",Buenas noticias :D Esperamos que tengas un lindo cumpleaños 📦💕
739735,I wait around 20 days and no response. Please don’t force me take a leagal action again amazon,I'd like to check this for you. Kindly share your details here: and we'll reach out to you.
740977,That's great! Thanks. I totally wanted to go outside to find my parcel ruined. Made my day :),I'm sorry your parcel was left in the rain! We'd like to collect more info and help sort this here:
741629,One parcel was for delivery on 10th and one for the 11th.,"Using the same link previously provided, what does the latest tracking show for both parcels?"
741737,"No tiene ni dos días que compré en . Ya llegó mi pedido, estoy sorprendida de lo eficientes que son... ¡me encanta! Soy fan.",Hola Mandujano. Gracias por tu comentario tan bonito. Nos alegra que estás feliz con tu compra.¿Qué fué lo que pediste? 😍
742350,Néanmoins je pense que cela devrait être plus clair car sur la page de l'article c'est bien marqué livré dans un emballage certifié...,c'est bien indiqué en bas de la page !
742399,can i replace my moto g5s plus while i faced charging problem in only 14 days,We have return window for all the product on our website. Kindly check here:
742418,I contacted customer service and they have assured action within 2-3 days.,I'd like to take a closer look. Please share your details here: and I'll get in touch with you.
743324,I got a reply but it is asking me the same things that I have explained already. Anyhow have replied to this one too. Let me see how soon?,Appreciate your patience. We will connect with you accordingly.
743370,Really appalled at the service rendered by . The tentative arrival date of 6 days has been pushed to another 4 days! Mr ?,Apologies for the delay in delivery of your order. Please report this to our support team here:
744093,Sneeky Pete en es de las mejores series.,"Groenewold, ¿qué dirías que es lo que más te gusta de la serie? ❤"
744231,. honestly how bad does LaserShip have to be before y’all at least give the OPTION for Prime Members not to use them?,"I'm sorry for the delivery issue, Sylvia. Without giving any personal acct info, can you tell us more about what is doing on?"
745055,"Order a case from a company that is fulfilled by and they sent me a used one that has marks on the back, obviously used -_-",We're sorry to hear this! We'd love to help lend a hand; who was the seller for this item? Could you post a link to the product?
745059,seriously the two days my home camera isn't working i have an amazon package stolen off the doorstep. Have fun with the dog toy I bought...,This is not what we like to hear. Please reach out to us so we can review available options here:
745960,"L’ordine l’ho fatto ieri pomeriggio, ma ho paura che non l’abbia confermato prima di questa mattina (screen del mio ordine)","Mi spiace! Per una verifica sullo stato dell'ordine, puoi contattare il nostro Servizio Clienti qui:"
746699,"Same thing, tried internet explorer, edge and chrome on 2 computers. I want a number I can call when I get home to the highest level",We do want to help. Try using this link to send us your details:
746715,"today i am available, my family member at home, then also received this mail,",Sorry for the hassle Harish. Please report this to our support team here: and we'll check this. 1/2
747717,Have you asked him that is your service area on some specific pin code is only 4km bcz they want to save money of staff..,I'll surely pass on your feedback to the concerned team internally.
748728,I am trying to contact the customer service for a wrong delivery but I'm not being served.,Sorry to know about the issues with your product. Please call us here: we'll assist you.
748755,SHOCKED !!!!!!!!!! SHOCKED !!!!!! SHOCKED !!!! micromax ke phone wale dabbe me kewal charger.....dabba khali. bina phone ka packet,Please connect with our support team using the link w had shared. We'll investigate this .
748764,"I need my product today as any cost, i don't know,how you will do but you will.","I get the need of the product, Have you contacted our support team for assistance on this?"
751280,", for fuck's sake, fix your piece of crap two-factor login.",I'm sorry for the frustration! Have you tried clearing your cache and cookies?
752961,"Other than that, they have given rs100as TOA but the price hike is now around 600 rs.","Kindly check the latest correspondence we sent to your registered account and respond to it, we'll reach out to you soon."
753466,A lunch hour wasted on chat and a further 20 mins on the phone. #whohastime? #someofushavebusylives,"When you reached out to us Carol, was the rep able to mention anything about when you would receive your refund?"
754148,Product #406-1742635-6433121 and #406-9218026-3865152 returned to your fulfilment center 4days ago but payment refund not done yet.,I'm sorry the refund hasn't been initiated yet. Kindly report this to our support team here: 1/3
754154,"so sure, i was interested in them a couple of days ago, but since i just bought them, why would i still be wanting to buy? so weird.",Sorry about that. You can learn more about how to edit your recommendations here:
754602,facing issue with an order return.. Pls help! Ur cust care rep is nt helpful either. Not expected this frm u guys,We would like to help you. Please share your details with us here: We'll get in touch shortly.
755020,"I don't require apologies.required a solution.Since u can't provide me with that, I am going higher tomorrow. Thanks for making me do this",We understand that this issue has been a bit lengthy one. Allow us some more time to make this right for you.
755066,I didn't get u. U r saying u can't assist me further? Ur service sucks.,Please revert to the email you've received from our team.
755125,Erm this isn’t my house....,I'm sorry your order was misdelivered! We'd like to look into this for you by phone here:
755731,really slipping with Prime. Apparently a week = 2 days in their world. Good thing I ordered early and not rely on “2 day” shipping,I'm sorry for the wait. Two-Day Shipping refers to the transit time in business days after your order has shipped. 1/2
756327,Just looking into this. So I have to go out of my way and return these items all because they were not delivered correctly,You can also contact us via Phone or Chat here: so we can look at options with you!
756385,When you ask why ur prime order didn’t arrive in 2 days and to check the status- & they give you $10 credit. Customer service on pt!,We want to make sure you get your order so please keep us posted!
756402,No . Its a long issue. Call me. I'm giving my no in DM,We'll reply to your concern via DM. Kindly refer.
757162,"u shipd me a book w/torn cover. It was a mess inside that box! Ripd cover, bent pages. Next time, add additional packN material pls.","Oh no! Sorry about that, Jewels! Please contact us here: about the poor delivery experience."
757716,for such small product...And it's Regular use product... Amazon taking 4 5 daya to delivery...,"Delivery estimates are based on the shipping speed chose during the check out and other factors like route, pincode etc."
757745,I reply that mail please reply on that,Thank you. We'll check it and get in touch with you.
758385,When decided to just leave your parcel in the garden 🙃,I'm sorry your parcel was left out this way! Were any of the items inside the package damaged?
758983,"Yes, the item was crushed as well although it’s packaging saved it from real harm. But it’s a gift that looks like a used piñata.",Please contact us at the following link so we can go over our available options:
759746,- I am loving the marketing :),"I understand your concern. However, pricing and offers are decision of the sellers. I'll 1/2"
761258,Amazon via Warehouse Deals.,You can check out what options are available by using this link here:
761862,tried using my code to get my digital copy of Pirates. Ended up charging me. Any help?,We'd love to try to help in any way we can! Can you tell us more about the code?
761892,I don’t seem to be able to select an Amazon locker when using the iPhone app. Have to use the website.,"Very odd! Have you been able to reach out directly to us? If not, click here:"
762449,Another day failure for & it's getting boring now,"Oh no! What's going on with Hermes, Adie? We'd be more than happy to help out. Just let us know!"
763076,"Hey, mal ne kleine Frage. Wieso ist das Audio Level bei den englischen Originalfassungen so viel geringer als in deutsch?","Wir stellen die Titel immer so online, wie wir diese von den Studios erhalten."
764151,My parcel has not arrived (4 weeks now). Your website offers no help whatsoever. What do you suggest I do?,I'm sorry your parcel has not arrived! Was it dispatched by Amazon or a third-party?
765715,I've contacted your customer services and my packages were sent out for redelivery again today but it was again unsuccessful. So frustrating.,"So sorry this happened again, Alexandra! When you have a moment, I'd like a member of my team to take a deeper look into this with you, if you could send us your contact information here: we'll reach out to you directly."
765769,Our developers have determined that the error you are receiving at the moment is due to a congested network issue. We want to give you to give it a try disconnecting other devices from the Wifi network and try to connect the Echo again.,"I understand. Thank you for confirming, Nate! In this case, I would like for a member of my team to personally research this closer for you. Please provide some more details and all troubleshooting steps completed here: We want to help!"
765779,I've never had problems until last 2 months. Shipments are late or never show up. Or are damaged like this. What is up? #Amazon,Sorry to hear this. Do you know which carrier delivered this parcel?
769594,Really ?? All of this packaging for a tiny box of coffee filters? Please step up your game.,Thank you for sharing this! Please be sure to leave feedback with the packaging team as well:
769633,if I pre order the new LA Noire game on Xbox one when will the money come out of my bank account?,"We won't charge your for the pre-order until release day, and will send you an e-mail to confirm when it's available."
770074,A muy bien Gracias,"Con mucho gusto, estamos para servirte."
773499,"Few delayed/lost orders, my prime was supposed to be extended but no confirmation,item credit to account but it isn't being applied.","Reach out once more via phone to confirm: Keep us posted, we want to make sure you're taken care of."
775756,#AmazonIndia please contact me..,Sorry to know about the return issue. We can't arrange a call via Twitter. Have you reached out to our support (1/2)
776025,It’s still in transit back to amazon by you guys now have cancelled the replacement order. Never expected such a nonsense act!,Sorry to know about the cancelled order. I'll be sure to pass on your feedback. (1/2)
776038,Is it because I preordered it back in march?,Please reach out to us directly so we can have a look into this from our end:
776057,Absolutely false. Fake status. No attempt was made to deliver. At 10:40PM? Pathetic service. Especially on Prime one day delivery!,Sorry for the wrong update. We'd like to help. Kindly report this to our support team here: 1/2
777173,2 packages said they’d come 10/10. 10/11 extra day bc holiday -no packages 😞🐼,I'm sorry these orders haven't arrived as expected. Has the tracking updated to reflect this?
777191,How is this mistake (or else you can call it ) can be expected from your side again and again?,Pricing is a decision of the seller and our prices do fluctuate on regular basis. The price you currently see is 1/2
778223,Have your delivery guys stopped even trying to ring the bell? I never signed for this!! Order# 171-8220452-5641125,That doesn't seem right. Kindly report this to our support team and we'll assist you right away.1/2
778460,"But now I'm missing something for my son's birthday tomorrow. (Which honestly, I shouldn't have forgotten. But ugh)","I understand your concern. We can look into possible options for your order, reach out to us here:"
780051,Y'all are quick to snatch your Amazon Prime coins but can't deliver packages on time.,I'm sorry your order hasn't arrived yet. Has tracking updated with a new expected delivery date:
780620,I want compensation for cancelling my Order # 405-0487010-7723553.,Reasons for order cancellation will be emailed to your registered account. 2/2
780818,utterly disappointed with cstmr feedback. Not getting solution for my complaint regarding 3 month EMI holiday.pls help.,"Also, please don't provide your order/account details as we consider them to be personal information."
780828,"#AmazonIndia I am waiting for reverse pickup of product. Ordet ID: 406-5454811-3311557. Nobody came for last 3 days, #poorservice",I'm sorry for the trouble. Have you reported this to our support team here:
781192,information after I raise concern. This is Amazon working ethics. It's very very bad,I'll be sure to pass your comments as feedback to our concerned team for review.
781196,Kann man bei denn nicht den Versanddienstleister festlegen? Hermes nervt total! 😡,Leider nicht. Deinen Wunsch danach gebe ich aber gerne weiter. Bei Fragen zur Lieferung: Grüße
781235,"my early access WWE 2k18 pre order is due tomorrow but still says 'not yet dispatched', will it be here tomorrow?",There is still time for it to arrive tomorrow if it dispatches today.
781673,As or your portal I should receive my product by today but it's still showing in transit at Maharashtra. Since 7th no update.,Please don’t provide your details here as we consider them to be personal information. Our page is visible to public.
781685,There is no follow-up support from your team for the request for damaged product received. Please help,I'm sorry to know about this. May I know what if you have requested for a return from here:
781993,received a mail today. was almost hit on the purchase button but then felt something fishy. chkd d price. Felt cheated,"The constantly changing marketplace and our efforts to give the lowest price, may result in fluctuations in our prices."
782008,"Yo, send me my shit.",I'm sorry for the wait. What order status and delivery date(s) are you currently seeing here: ?
782018,"Whoever you are I'm sure you're not following up the matter well, I've already filled this form yesterday. Please refer to it",Sorry for the miss. Please reply to the email you've received from our team and we'll get back to you.
782522,Tried a reboot. Screen blanked for a milisecond before that loading screen reappeared and bar filled to previous position but no further...,Please contact us directly here: and we will look into this.
783397,"Please quantify the ""soon"" like wait for new year eve! I have heard it so many times from your team, I have lost a count of it.",at the earliest. Appreciate your patience. 2/2
783417,It's out for delivery for past 4 days. Delivery agent is asking me to pick up from his office.,I'm sorry for the experience with the delivery of your order. Let me investigate this further and help you here. (1/2)
784078,customer service has lied to me twice no on the same package. Shady. I feel like I can't even trust their word anymore,What carrier is your order with?
785467,"sir can u please help me to solve a seller case,Its been 20 days and no results. ,i will be thankful to u",Sorry for the inconvenience. Please get in touch with seller support team here: they will assist.
786155,Amazon transportation services are Fraud they are cheating and harassing people all over India.Plz help,"As requested, please submit your details through the link shared and we'll get right on this."
786813,"I have ordered iphone 6 .It said the delivery date is by 17th Oct,bt nw it show delayed.why? Pls help.","Kindly wait till the estimate, I'm positive that the product would be delivered. Please keep us posted. (2/2)"
787163,That link is not helpful. Please DM me and get someone to contact me. Get this sorted today asap. The delivery was scheduled on 11,look into the issue and get back to you. 2/2
787193,I’ve heard these lines a lot of times but nothing happens...,"I'll pass along your feedback internally to work on improvements. Kindly let us know if there are any unresolved issues, (1/2)"
787592,"lost many things, some will get refund for 30% what it cost me brand new…","Hi, I'm really sorry about that. Can I ask you from which Amazon Platform have you ordered ?"
787616,"What happen sir ,Delivery date has not arrived...?",Let us check this out for you. Please drop your details here: so that we can get in touch with you.
787668,"Pls dnt ruin my Diwali! i had placed an order & had paid in advance, but have not rcvd it yet while ur mail says i hav.",That's unusual. Apologies for the delivery issue. Please report the issue to our support team (1/2)
788993,bad bad service now a days my 4 product return in transit even u paid it in advance i want that product....,We apologize for the unforeseen event. We aren't able to reinstate a returning order.(1/2)
789023,i returned the order ORDER # 405-7027922-1427525 which i received from you. a refund has not been initiated on my order,Please don’t provide your details as we consider them to be personal information. Our Twitter page is public. 2/2
789043,i had already have chat with your representative ... It doesn't work,I'm sorry your issue wasn't resolved. We'd like to look into it. Kindly fill in your details 1/2
789068,Soy un niño feliz 😀 😊,Esto es muy adorable 😊💕
789308,I believe so yes,Can you contact us here:
789666,Please check your suppliers or distributors. I have seen Amazon in USA. Never like this!,Apologies for the same. Kindly connect with us here: and we'll sort this out for you.
790157,raised the price of Nokia6 and given an offer of 13% off. bt alrdy Nokia 6 orignal price is 14999. so whts the meanig of an offer,Pricing and offers are decision of the sellers. The constantly changing marketplace and our1/2
790579,I’m not completely sure.,"When you go to Your Orders and click on the item, you'll see either shipped or fulfilled by"
790599,Any reason why this is now being delivered Monday ? I ordered this edition to get it four days early!,"As we're unable to view your account via Twitter,pls contact here: so we can look further into this."
790632,I havent got vouchers(100% cashback 399/-) for this transaction Order#406-0630403-8542757 Recharge via,Sorry for the hassle. Please report this to our support team here: and we'll check this. 1/2
791047,Finally!!! Super Excited 💓 Thank You,Yayy! I can feel the air of excitement. Glad to hear about the delivery your favorite book.
791522,"Il est parfait, c'est ma maman qui va être contente héhé :P",Vous avez commandé quoi comme produit ( si ce n'est pas indiscret bien sûr 😉? )
792051,can you DM me please there is a copyright issue with a book on your kindle store! I get pretty pissed off when someone's 1/2,I have enabled direct messaging so we can work together. Please provide a link to the book via DM and we'll go from there!
793396,"brought it from amzon, what is this contact me asap 9108780059",in touch with the support team of the manufacturer and escalate the details. Please don’t provide your order/account [2/3]
795115,But point is that some users told me on Twitter that they request on Oct 9 and get invitation next morning I requested onthe very first day,"As mentioned earlier, due to heavy demand, we send a limited number of invites each week. (1/2)"
796432,"Hi, i want to renew the prime membership. How would i do that?","If your Prime membership is expired, please check your cart where you can purchase membership for the next year. 1/2"
799628,Bought an electrical product from Amazon. Developed fault after 10 days in use. No way to return it back to either Amazon or manufacturer as its bought over a month ago. No cust serv details available on website to contact.,"Hi Harsh, I am sorry to hear this please get in touch with us using the following link so we can assist you futher:"
799682,What's the point? I've spoken to your CS team 4 times in last 18 hours and it's made no difference. More to the point I have had to make the same complain on virtually every delivery for the past three years & you still haven't learnt from it!,"Hi Michael, I can appreciate you are completely frustrated at this point but we can't help if we don't know the problem. Please send more details and we'd be happy to help."
801550,Absolutely disgusted with service! A seller has backtracked on their word and Amazon have closed a claim in favour of them! Beware!,"Hi, sorry to hear that. Can you tell us a bit more w/o sharing any personal or acc info?"
802300,What a surprise LYING again that a parcel tried to be delivered five mins ago and I AM CLEARLY HERE.,"Sorry for the poor delivery experience, Joanna! Contact us here: so we can look into this with you!"
803008,Si excelente que debo hacer gracias,"Hola Jmario, solo debes ingresar en el enlace e iniciar tu período de 30 días de período de prueba:"
803042,wird es den #twitchmerch zukünftig auch über Amazon Deutschland zu kaufen geben?,Hierzu liegen uns keine Infos vor. Bitte behalte die Angebote auf unserer Webseite im Auge.
803979,Already checked no reason given by you,Sorry about that! Kindly connect with us here: and we'll get this checked for you.
804845,I am on assurance from last four days. Your team given me 13 October deadline. I want my phone within two days.,"I get your concern. As mentioned, we'll be sure to reach out to you soon with an update."
805621,"That's how algorithms work. A watch for 3252/ is suddenly priced at 4694/ , in a minute🤡👏👏👏 amazing work!!","and our efforts to offer you the lowest price, may result in fluctuations in our prices over time(2/2)"
806285,Definitely think packed this item efficiently.........,"Oh wow! I'm so sorry about this, Rob! Please provide us with some more packaging details here:"
807331,"Upsi gefunden, sorry 🙈",Wunderbar :) Viel Spaß damit!
810290,Tracking id 215171649600. It's showing product has been delivered. But neither I received my parcel nor I got a call from you.,Sorry about the incorrect tracking update. Please contact us here: and we'll help you with this. (1/2)
812370,Please help i am not getting any proper response my order id-408-4644988-5757136 Amazon cheted me and continuous telling different thing. misbehave by amazon delevary boy today at my house.please refund my 15990 INR . Very bad experiance with Amazon will never use,"That's certainly unacceptable, Suman! I'm sorry for the unpleasant experience you've had. We'd like to have this checked, kindly drop in your details here: and we'll reach out to you with an update soon. 1/2"
814294,Donde puedo contactar para que me tomen enserio? 2/2,"(2/2)de teléfono, email o chat. ¿Nos podrías comentar lo que ha sucedo sin publicar datos de tu cuenta o personales?"
814412,I had to wait till 24th Oct is the resolution?!!!! Guys please talk to your team and get me a realistic solution.,We've sent a correspondence to your registered email address. Kindly reply to that for further assistance on this.
815476,"Spoke to a dude who said he'd ask for the driver to try my next door neighbours and would tell the delivery service I'm not happy. Whoopee, I'm over £100 down on the deal. If it wasn't limited edition, I'd have cancelled it, the service has been horrendous.",Please contact us via e-mail with your complaint and it will be raised to the appropriate team
815501,why can't you assure me for expediting the products to be deliver?,Orders are shipped on time so that they reach you by estimated delivery date. 1/2
815516,Deliver my products as it now at kolkata,"I get your concern, Sankalp. If you've shared your details, you must have received an email correspondence from the 1/2"
816303,Paketi yurtiçi kargo ile mi gönderdiniz? #geldikbulamadık,(2/2) Bizimle müşteri hizmetleri aracılığıyla iletişime geçebilirsiniz:
816948,My Seller Account closed due to inactivity. Is there any way I can reopen it?,"Great question! After an account has been closed, it can't be reopened. You can always start a new account with us!"
816954,package not dlvrd but showing it is handed over to me. How is it possible?,Sorry for the incorrect tracking status. Please contact us here: and we'll help you with this. (1/2)
816967,"Übrigens, liebes Team von ... ihr könntet euren Fahrern nochmal den Unterschied zwischen 1a und 4a beibringen. Habe diese Woche zwei bei uns abgestellte Pakete zum Nachbarn gebracht!",Gerne geben die Kollegen dein Feedback weiter:
817565,"C10038808093 le problème est que je ne serais pas chez moi demain, impossible de recevoir le colis","sinon pour Samedi, c'est envisageable ?"
817625,"I dont think I should repeat the issue more than thrice. Anyways, manager call doesnt need your attention. Manager is all I ask. #callback",Please share your details on the link here: and we'll get back to you soon.
819296,wanted to buy a bag viz amazon pay but you declined to add money that time now I don't need kindly return my amount,Kindly connect with us here: we'd like to help.
819507,I don’t get how your delivery drivers can’t tell a 4 from an 8 but you need to teach them how to read.,We're sorry for any trouble this has caused; is your order currently misplaced or missing? We'd like to help any way we can!
820642,Can advise me on what a £7.99 charge on my account will be for?,"Hi there! We can't see your account on twitter, so please give us a call or chat here for help:"
821168,Please don't. You are making things worse instead of fixing them. I'd think that someone has stolen my wallet and I'd b done with it.,Twitter is a social media platform we'll not be able to access any of your account/order details Kindly drop 1/2
826245,"We manufacture and own the patent. Why are we suspended on for ""counterfeit""? 29 days and 15 calls to still nothing","I'm sorry for any frustration. When you spoke with us, what insight were we able to offer?"
827087,Guys ..what's happening ..I am still waiting,I just checked and we haven't received your details. Could you confirm receiving a correspondence from our social team 1/3
830786,"Cannot view any of the products on your UK pages: ""We encountered an error due to invalid parameters. Please try this link. ""","Oh no! We recommend clearing cache and cookies, or trying another web browser. Let us know how this helps!"
830792,I will no longer shop with because they blocked my account and no one will tell me why,I'm sorry you're unable to access your account! Have you received any e-mail correspondence from our Account Specialists?
831775,And those mails whom you are talking about are just kind of mails in which you and your support teams just want to provide a feedback if it would be positive from customer's side. I'll never provide you a positive feedback until I'll not be able to receive my product,Kindly check it here: and revert to it. We'll get back to you soon. 2/2
832355,2.Fools the customers and cancel the order as per their wish saying the address is not found.,here: we'll get back to you soon. 2/2
832708,I got a mail from mr Ravi stating that the GC has been redeemed. But when I have not redeemed hw Come it is possible.,"Have you discussed this with the support team? And if so, was a satisfactory resolution given?"
832910,"La date dans le mail de confirmation etait ""entre le 12 et le 14"" et on m'a hier dit que je l'aurais le 16. Sauf que j'ai pris amazon prime","N'ayant pas accès à votre compte depuis Twitter, je vous invite à vérifier cela auprès de notre SAV."
833127,"my prime orders should have been delivered yesterday, are they likely to arrive today? Thanks",Is there any update on the order tracking?
833132,"Pathetic service.. funny thing they call themselves ""Earth's Most Customer-Centric Company"".. LOL","I'm sorry, can you please let us know about what went wrong?"
833151,"on arrival sms, delaying order by giving fake excuses, rude courier boys & this all is happening when order is from Amazon assured (2/3)",share your details here: and I'll have this checked. 2/2
833439,"Hey , ist der Assassin's Creed im Filmabend heute auch OV oder nur Deutsch?",Ich frage nach und melde mich dann wieder :) Liebe Grüße
833618,why doesn’t anything have a ‘download’ button on iOS? Even stuff from the ‘movies to download’ section.,Has this worked for you in the past?
834185,Just got invitation of echo Finally Alexa (echo) is coming to my home thank you Amazon #AmazonEcho,We're glad to hear that you've received an invitation for Echo. You are just a step away owning an echo.
834203,i have already complained several times from my account and on twitter. Please consider that. Not going to write it again.,Twitter being a public platform we do not have access to your order details. Please fill the form and we'll get back to you.
835131,Your delivery boy suggests that he delivered the product to someone in my society. That's not right. I'm paying penalty for non-paying bank,"That's not the kind of service, we would want our customers to experience. I've checked and can confirm that we (1/2)"
835154,I bought a captain America T-shirt from and they sent me Rupa baniyan #AccheDin ?,Please accept our apology and Kindly contact us here and we'll look into the issue on high priority.
835500,Voulez vous que je le test ? 😆,Maman serait-elle une gameuse ? 😁
836171,Its not helpful. Its not accepting my return request. It looks to me I got lemon instead of mobile. Looks like Amazon is no more caring cust,"We understand your concern to return the order. Please share your details from the link provided by """", we'll assist."
836857,"Hi, here's a Screenshot of it, I imagine that since the item is faulty (ripped after one wash) I should have longer than 30 days to return?",It's likely the label may expire in this time. Reach out via the link - we'll be happy to assist
836865,"No he podido, lo siento. No es un problema de un solo transportista. Me dejan los paquetes en otro edificio de mi empresa a 400m GCS",2/2 aquí: así podremos verificar de manera segura la información e investigar lo ocurrido.
837485,"""disappointment""?? Customer reviews add a measurable value to Amazon. We take the time to help the community not make Jeff richer. Goodbye",Your review should be product specific & the guide lines should be followed accordingly. 1/2
837546,Planning to buy amazon echo in sale tomorrow. Please resend a invite soon 😞 DM'd the gmail id,"If you have requested an invite, we will honor your request and send you an invite. 1/2"
837553,Dnt call me from an ivr,Kindly contact us here and we shall look into it right away.
837559,The delivery schedule for 11/10 is not yet received. Shut down your company,Sorry about the delayed order. May I know if you contacted our support team here:
837569,look out with whom you tie up for selling. is not able to deliver the products,Please reply to the email correspondence here: and we'll be glad to help you. (2/2)
837885,Tks for prompt reply. But why should I contact the seller? Why did you not deliver it in 4 days? Am ready to take delivery even today.,here: we'll get back to you soon. 2/2
838301,As all details are with your specialist team ...last person I talked is kartik,You can fill in your details through the link provided in the post here: & we'll look into it.
838609,Can't afford.. really want my hands on it or feed my voice to improve it.. may nt b early users bt wil get it later #Alexa #Echo,"No problem, Ravi. We'd love to hear for feedback from you about the device once you eventually decide to get one."
838671,Plz cancel my order ... Order num 407-5477942-9310729.. i’m unable cancel the order On Amazon App .. App error,Please don’t provide your order details as we consider them to be personal info. Our page is visible to public. (2/2)
839377,No one bothers to even call back,"earlier, we'll get back to you soon. 2/2"
839851,: it seems that you guys are more interested in getting products returned than delivery..check order #.408-1292928-7175521,you to contact submit your details here: and we'll check this. 2/2
840461,Yes & it’s been 72hrs but no email. On phone now only to be told say thing again. Unfortunately person answering call cannot note down email,If you are unable to access your account you can get in touch using
840843,i have not received cashback towards mobile recharge transaction on niki ur partner platform! amazon id __email__,"That's strange, please report that here: and we'll check this for you."
841351,", la mitad de vuestros envíos incumplen los plazos de Prime, y cada vez tengo que poner una reclamación para que me compenséis","Hola, Enrique, lamento este inconveniente, ¿Podrías informarme si tienes algún pedido pendiente de entrega?"
841697,"Danke, unbekannter - Mitarbeiter. Ohne den post it wäre es mir gar nicht aufgefallen. #YouHadOneJob",Bist du so nett und meldest dich diesbezüglich bitte bei uns über folgenden Link: Viele Grüße
842076,El último aparece como entregado y no es verdad. Hace un rato ponía que habían intentado entregarlo y no habían podido. Ahora sale entregado,(2/2) ¿Has podido reportar esta situación directamente con nuestros compañeros de Soporte al Cliente?
842098,Oui j'ai commandé un colis hier matin je suis allé voir le suivi sur leur site il n'arrive que demain,Le colis été prévu pour quand sur l'email de confirmation je vous prie ?
842214,take a bow sir. I ordrd product at Noida address and u dlvrd it to Maharashtra to some unknown person. Why unnecessarily troubling,Apologies for the ordeal. Did you happen to escalate this to our support team here:
842235,"""En retard Une seconde tentative de livraison de votre colis a été effectuée. Une autre tentative aura lieu le jour ouvré suivant.""",Étiez-vous présent à votre domicile au moment de la livraison ?
842249,why do i have to wait a month(s) for a screen protector for my kids new #firehd8?,Where does it say you have to wait a month? Did you place an order for one already?
842305,Amazon help. Thank you! The package is being delivered today!❤️,Awesome! Keep us posted on delivery!
842354,"I am expecting a delivery, it says customer requested delayed delivery even though I did not. What do I do?",Sorry for the hassle Prithvi. Please report this to our support team here: and we'll check this.
843122,#DiwalikiTayyari I'm totally ready with my wishlist,That sounds amazing. Looks like you've been eagerly waiting to grab some offers. Happy shopping 😋
843132,Never buy products from Amazon. They r cheaters,I get your concern and I'm sorry about the order. Have you reported this to our support team as requested above?
843138,"I do not enjoy talking to support teams. I have escalated the issue to you, now get me the solution. Do not expect me to run pillar to post","I get your disappointment, Swaraj. Please fill this form: and I’ll contact you at the earliest."
843177,Add all Telugu classic films.,"We do have Telugu content in our library. Please look for the ""Movies by language"" section on the homepage."
843649,"No puedo cancelar nada, porque no lo tenía activado..","Entiendo Ana, vamos a verificar lo ocurrido, por favor contacta nuestro Soporte al Cliente accensando el siguiente enlace:"
845293,Razer Tiamat 7.1 v2 has been out of stock since I ordered 9/13. When will it be in stock?,"Hi John, the website always displays the most up to date info. Once we have more info, you'll be notified via email."
845673,Unfortunate I'm struggling with Amazon. Have been an avid shopper and never faced any problem.,I've shared your feedback with the relevant team for review.
845705,so my parcel from says it’s been delivered to me for the last hour now n it’s still not here:(,I'm sorry for the trouble with your delivery. Please try these steps:
845747,"defective product delivered, Amazon cannot replace the product because system is not allowing them for replacement.","Apologies for the inconvenience, Raghavendra. Just to confirm, is the product you are referring to a mobile phone?"
847785,#DiwaliKiTayari I am ready with lots of online shopped products,I wish you have the biggest Diwali with this preparation. (2/2)
847963,sucks. !! Pathetic refund policy . they only loot ur money.,"That's quite a comment! Looks like you've had an unpleasant experience. Kindly let us know what went wrong, we'd like to help."
850022,even my review is not published while I have written a correct word. See it,We've responded to you here: request you to check.
850176,your courier boy not deliver my order (406-1621105-6419547) today he not come my delivery address i came from office for courier.,"Please don’t provide the order details, we consider it to be personal info. Our Twitter page is visible to public. 2/2"
850190,"Why should I wait. You took extra money for giving me services and now want me to wait. Already drafted complain, now filing it",We'd like to help you on the issue. Appreciate your cooperation while we get back with an update.
851610,"I HV ordred a prodct, waitin fo return pickup sinc last 9-10 dez & not refunding coz de r unable to pickup on the scheduled time.",Sorry to know that the pickup is not done yet. I'd like to take a closer look and help you with the pickup. (1/2)
851617,It is better to cut people's wallets in such a manner that if you die of drowning it will be better because shame does not come to you,"That's quite a remark! Kindly let us know what went wrong, we'd like to help."
851617,"You used to tell people to be a month, but you guys are not helping me, I have eaten my money.",The resolution provided over the email is the best we can offer. I'm sorry we'll not be able to 1/2
852734,Me sale este tipo de cobro y no se que hacer. Este es del mes pasado y hoy se ha intentado volver a hacer. Ni siquiera se que es.,"Hola, ¿realizaste recientemente un pedido en con envío Prime?"
854389,"hi, I have some unknown payments from amazon on my card, and I can’t find the number to call?","You can reach us by clicking on the link, following the prompts and choosing phone."
854505,I ordered something that was supposed to be delivered today but hasn't even shipped yet!,Oh no! What is the current status of this order? That information can be viewed here:
855958,"Oui, mais à lundi. Pour un article que j'ai précommandé un mois avant sa sortie...","Quelle a été la date de livraison initiale, je vous prie?"
856021,"Nope, Just waiting for a response.",I understand! I see that we've received the info from you. An account specialist will reach out to you as soon as possible.
856569,my email id __email__ i hd added money frm bank bt nr able to access accnt. pls help,"Apologies. In case your account is on hold, you must have received an email from our account specialist team. Kindly 1/2"
857751,"Hi. I received an email, as a Prime Customer, for £15 off a Fire Stick, yet the promotional code WASN'T on the email? Help!","I'm sorry for the frustration! When you have time, please reach out to us by phone or chat here:"
857808,I need my cash on my bank account,I understand your concern with the Amazon pay balance. Call us here: and we'll be glad to help you.
857818,Random things I don’t even need urgently: Next day shipping Tin box with gift card: Two week shipping as we mine the earth for this rare tin,I understand the disappointment with the estimates. The delivery estimates are calculated depending on several factors 1/3
857872,No i am not. My device got delivered today.,"That's strange. We’d like to help you, please fill this form: and we’ll contact you soon."
858783,I simply asked here.. you recommended to contacts Samsung Cz After that their response is what I told you,Then please use this link to contact our customer service: They will look into this.
861213,Not good company Amazon,Please share your details through the link provided earlier and our team will check and respond to you accordingly.
861223,All rabby send not good company Amazon,"Further, we'll not be able to provide any further insight on this. (2/2)"
861232,Not good answer Amazon,Our concerned team is working on this. They'll update you soon.
861239,Allraddy send but not answer Amazon,We haven't received your details yet. Kindly share them from the link provided above and we'll connect with you.
861247,I haven't received my prize yet some winners received their prize when will i receive? Please reply #KaroMilkeTayyari,"I'm sorry to here that, We’d like to help you; please fill this form: and We’ll contact you soon."
861263,Anyone else been let down by not delivering Listen Without Prejudice? Very 😔,I'm sorry for the frustration! Can you tell us the intended delivery date stated in your order confirmation e-mail?
861863,I havent had an update on my order for 3 days. can you assist. I have set the delivery for somewhere i will only be for 7 days.,"I'm sorry for the trouble! Just to clarify, which marketplace (co.uk, .de, .com) did you place your order from?"
862446,"Out of frustration I am canceling the order, your customer service and transportation service need a change....",I'd like to help you. Could you please confirm if you have filled the details in the link provided earlier.
862515,"My wife already is in discussion vth ur team,bt nt reaching concluson.Shooting another request won't help.doing DM her mail ID nd order nmbr",Sorry about the delay in delivery. Please drop in your details here: We will sort this for you.
863373,"I did it already, it's not about the solution, it's about the problem, why it is happening on regular basis , have a permanent solution.",I understand. Kindly fill in your details here: and we'll have this checked.
863831,Dann werd ich mich da wohl mal melden,"Ja, mach das bitte."
863834,"This is a terrible waste of space, cardboard, and shipping cost.","We’re always looking to improve, and would love for our Packaging team to hear about this:"
865600,siempre me dais un servicio lamentable,"Lamento cualquier inconveniente, David, ¿Podrías comentarnos más sobre lo que ha ocurrido sin publicar detalles de tu cuenta?"
865610,No I havent. I've tried to login. Its saying these is no account with my email. Which is exactly the same as what I've used previous,"I'm so sorry for any trouble this may have caused, Hannah. You can skip login and contact us here:"
866034,I have dropped a mail to ceo desk to but nobody contacted,I understand your concern. Request you to wait while the team works on your issue and get back to you.
866146,Really ? A bubble mailer? My FE:Warriors SE got crushed.,(2/2) Help us improve! Please send us your packaging feedback here:
868087,when you’re waiting for your prime delivery as it has a wedding gift inside and it doesn’t arrive before you need to leave 😫😫😱,I'm sorry your order hasn't arrived. What does the latest tracking show here:
869846,...marked as being out for delivery as opposed to refund request being processed or accepted.,We're unable to access account info via twitter. Please contact directly for options here:
869855,À quand la précommande de #Doom sur #NintendoSwitch ?,"Bonjour, je vous remercie pour votre intérêt, nous n'avons pour le moment aucune date concernant cette précommande, désolée."
870029,"Era el día 11, segunda vez que pasa en menos de dos meses...",¿Has contactado con el transportista directamente?
871172,Sir we haven't received any response from you about compensation...,Our team has sent a correspondence to your registered email address regarding the issue. Kindly check for the same. 1/2
872197,doesn't even know that there is a technical support team is there. Directly saying that contact with service provider. Why ?,The assistance provided is the best currently. Appreciate your understanding.
872299,"hi, need some help - should I dm?","Hi there, Nichola! Without giving personal or account info, can you tell us what's going on? We'd love to help!"
872660,"El artículo es una tontería, tuve un problema con el vendedor y me lo habéis solucionado d maravilla y en un momento.Eso marca la diferencia","Simpre intentamos brindarte el mejor servicio posible, Xiana 🤗 Puedes contar con nosotros siempre que lo necesites."
874633,407-1840559-7509101. Product already pick up. But account details doesn't show about return. Because of that I can't able to,Please don’t provide your order details as as it is personal information. Our Twitter page is visible to the public.
874838,Carico a1000 per la stagione finale di #RedOaks su (ma non capisco perché ancora non si può vedere la terza di #Transparent),"Buona visione di Red Oaks 🙂 in attesa dei nuovi episodi di Transparent, sui quali non abbiamo però ancora informazioni."
874874,"Je viens de les contacter ! J'en toucherai également 2 mots au facteur si je le vois ce matin....sur le mail reçu lors de l'expédition, il",Notre SAV reviendra vers vous avec une solution suite à l'enquête. Merci de votre compréhension.
876269,Hello again. I'm afraid it still hasn't arrived. 😕,So sorry for the frustration! It's not our intention to miss a delivery date. Let us know if it doesn't arrive tomorrow.
876296,Thank and for putting a special edition in envelope and using it as a hockey puck in sorting facility.,I'm sorry for the trouble you've experienced! Have you contacted us by phone or chat to discuss this:
876992,i'm sorry. i am just not finding it. i would really appreciate it if i could speak to someone on the phone. that is what i have done before.,"No apologies needed, that's what we are here for! Pls give us your details so we can reach you:"
877624,#TerribleCustomerExperience from #amazon. Extremely #unprofessional. .,I'm sorry you've not received the order yet. We've received your details and are working on it. We'll get back to you soon.
878841,I have already raise complain more then 5 times but still not provide solution only said wait for 24 hrs,"I get your concern with our logistics, Raju. Apologies! Please share your details here: I'll assist."
879177,pickup for Pickup Tracking ID: 710393149926 didn't happen today.Please check.,Please don’t provide your details as we consider them to be personal info. Our Twitter page is visible to public. (2/2)
881042,such a bad service given by amazon my order estimated delivery day is today but there is no possibility they doesn't know where it,"My apologies for this, Avinash. I understand the frustration. Request you to connect with our support [1/2]"
883077,My stabilizer was suppose to arrive 18th-25th but I just got the notification that it’s out for delivery today you rely came thru 😩,How exciting! We want to make sure you receive your order. Keep us posted on your delivery.
883079,Thanks! Can I see this page from the app itself instead of using a browser?,I'm afraid you'll not be able to open the link via app. You can use the browser to view the results.
885352,"Hi Team,did not receive complete refund. Is this how you cheat a customer. Pls call back.",Sorry about the refund problem. Please report this to our support team here:
886135,hi why when I'm ordering now is prime delivery not till Monday?,Hey Kate! There are many factors that determine the delivery date. Can you link us to the products detail page? Thanks!
887128,Oh is this new? (does it work ib ?),"1/2 I'm sorry, Kindle content cannot be given as a gift on at this time."
889423,"If calling in was helping, I wouldn't be here! I'd have my account, content, and gift card balances back!",I'd like a member of my team to take a closer look. Please provide as much detail as you can here:
890552,"Thank you, ! My defective product problem was resolved promptly & professionally. #HappyCamper",We're happy to hear everything was taken care of. Please let us know if you need any further assistance!
890896,I have already dropped it. don't fool me.if u really want too solve my issue than do something from ur side.,I'm sorry for confusion. We've received your details and working on this for you. We'll be sure to reach out to you soon.
891497,"ahora me vuelven a enviar por Estafeta, cuando nunca tuve un solo problema con otras empresas...",Lamento el inconveniente Memo. Por favor reporta esto a nuestro Servicio al Cliente en este enlace:
892734,Ordered a men's one piece Cabral tonight called Amazon 2 see where it is they don't know where it is I needed 4 tonight for. Kids function,"Who is the carrier for your order, and what was the expected delivery date shown on your order confirmation e-mail?"
893328,"It's for all the products I've bought, not just one. Lleworo is my public name. My emails have not been answered.",I'm sorry! We don't have access to account info via Twitter. Please reach out to us here:
894215,I need help with my order,"We'd love to help! Without providing account/personal info, please give us more details on the issue!"
894221,"the £47 you randomly took out of my account still hasn’t been sorted, help?","We'd like to try to help! Without posting personal account information, can you tell us more?"
894289,I contacted Amazon to resolve the overcharge but was told they only show $7.99.,Thanks for the info. Checking here: do you see any other orders that may add up to that price? 1/2
894588,"Kann ich auf die amerikanische Version zurückgreifen? (Keine Untertitiel sowie Englisch ist kein Problem für mich, sogar begrüßenswert..)","Wir überprüfen gerade, ob wir noch eine Version ohne Untertitel bekommen können. Schau bitte ab und zu vorbei."
895852,"Heureusement il n'y a pas de dégâts, mais les colis sont de pire en pire, surtout pour les livres les plus volumineux.",Vous pouvez publier une évaluation sur l'emballage via le lien suivant :
897100,why is my order showing signed and delivered?🤦🏼‍♀️🙅🏼🤷🏼‍♀️ Where’s my stuff?,"I'm sorry you haven't received it! Which carrier are you seeing ""delivered"" the order, here:"
897489,"please help me find my package somehow, it is nowhere to be found, I do not want to lose almost $200.",That's strange! Have you tried these tips to help locate a package that was marked as delivered:
898317,check this for me. Tracking #237286037912. It is supposed to be delivered today but no update.,Please don’t provide your order details as we consider them to be personal info. Our page is visible to public. (2/2)
898432,Do I have any other choice.... I’ve already paid for it.... I guess you guys are running short of Plus supply cause my Echo which I order along with it was delivered before time last week #Long #Wait,"I understand your concern, I've noted your comments and have forwarded your feedback internally."
900380,There was no error the exchange offer was displayed on the product but when i wanted to avail it the exchange tab was not appearing,Please fill in your details using the link: and I'll get in touch with you soon. (2/2)
900391,So absolutely disappointed in . They are delivering my Prime order late for no reason. No Ducks shirt for the game tomorrow v UCLA :(,I'm sorry we've let you down! Which carrier is assigned for delivery? Does tracking on their website give any insight?
900929,"Ordered on Oct 18,2017 & till today it hasn't been dispatched, id: 408-0241391-7003526 Please confirm its arrival. Thanks.",We dispatch to meet the estimated delivery date. Kindly wait until estimated date and I'm positive your order 1/2
901530,"Contact me. Now. I expect recompense. My cats are, quite literally, starving right now bc of you and your shipping.",Sorry to hear your order didn't arrive as expected! Please reach out to us via phone/chat here:
902190,Shoutout to for being the best!,😍😁😊 How exciting! This holiday season should go very smoothly for you then! You're a rockstar!
903657,you have amazing customer service and your workers are so friendly I love you❤️,That's awesome! Thanks for sharing your experience with us!
907497,Amazon Chore Hain they did promise and later break it.,"That's quite a comment, Gaurav. Please elaborate your concern. We'd like to help you."
909035,if my package was supposed to arrive today but now say withing next 4 days... You knew it wasn't coming today. I needed that item.,"I'm so sorry for the delay! Will you tell us who the carrier is for your order, shown here:"
909481,"Your guys called me again to say it would be fixed this morning. Guess what, it's already afternoon .","We've escalated the issue to our concerned team, we'll get back to you as soon as we receive an update."
909515,i have provided the information but i know you guys don't bother so i am taking to consumer court so that bank and amazon can sort it out,Request you to wait. 2/2
909883,Contacted ur Helpdesk. Promising delivery by end of day. Why would you guys promise and charge extra for early delivery??,I'm sorry that your product is still not delivered. Please fill in your details here:
909889,I may have triple ordered something,"Hi! You can check your orders using the ""Your Orders"" page on our site:"
910297,"I did not get any mail for refund, even though ur customer care said I'll get one, multiple times. My id is __email__, pls check.",here: we'll look into it and reach out to you with an update at the earliest. 2/2
910297,Sent... Pls check.. Email __email__,We're working on this. We'll reach out to you soon.
910352,"Thank you so much, the people talking to me were so nice and so helpful! My problem has been solved. Once again Thank You","That's fab feedback, thanks a million :) I'm delighted everything was resolved!"
910370,"disgusted . Take money upfront, promise deliver for which I wait in for and cancel at last minute.. still keeping my money",I'm sorry for the frustration! This is not the expectations we have set. Can you please tell us which site you order from?
910657,Someone name Pramod called doesn't how to speak to customer puts all blame on Customer is this ur service after cancelling order,Kindly fill in your details here: and we will get back to you at the earliest. 2/2
910662,"The response on this link is ""We could not find recent order for this Account"" This is pathetic customer service",I understand your concern regarding the order cancellation. We'd like to look into it. Kindly share your details 1/2
910775,My order id is 404-1796907-6903540 is please look into this matter asap and please try to contact us very soon I want this product,We responded to you your concern here: Kindly check and get back to us with your details.
912530,"Mines been pre ordered, meant to being delivered on Monday but not yet dispatched 😩😩 I thought when you pre order it arrives for release day",What date was provided on your order confirmation e-mail? Not all items qualify for release day delivery:
912542,My order has not been picked up yet but confirms that it's been picked up! What nonsense? #Kolkata #return,Please don’t provide your order details as its personal information. Our Twitter page is visible to public. 2/2
912728,"salve, potrei sapere il vostro nuovo numero verde? Ho provato con i due trovati su internet ma sono entrambi non attivi","Ciao, come possiamo aiutarti?"
912881,When can we expect the NEWTON movie in prime?,"We do not have that info at the moment, but keep checking back for any updates."
912914,Can anyone help?I get this message on a Fire 7 Kids yet every other device I have is connected to WiFi fine!,"Hey, can you contact us here: we'll help you out :)"
913339,Why don't u check student ID before delivering product to them?This is such a nuisance.Why r u not able to deliver product to right person?,I'd like to personally help you. Kindly fill in your details here: and I'll look into it.
913348,Bad experience with delivery delay almost 8 days from the order placed. Even prime customer worst exp..,I'm sorry about the delay. Kindly contact our team here: and we'll help you. (1/2)
913811,wtf dis is?😑😑😑... fedup with ua service...😑,consider it to be personal information. Our Twitter page is public.​ 3/3
914212,can someone explain to me what the hell is going on with my order,We're here to help. What does the current status of the order show here:
914223,"Estimated delivery at the time of ordering was 21 October as I am a prime member. If it has reached destination city, y its on hold??","I get your concern. As stated earlier, the packages are mapped as per the estimates. Request you to wait."
914808,seriously Amazon all that packaging for a small book.,"Hi, it does seem a bit much! Please submit your feedback here: & we'll get this reviewed."
914859,"What type of support,one product shows non refundable and other need a app to check it,it seems you people fooling me,mailed already 😶",Kindly share your details here: and we'll have this checked.
915372,I've received my Bruce Dickinson autobiography today and it isn't the Ltd edition black edged page version i ordered in July #help,Sorry to hear that. We'll be happy to look into that for you. Please reach out to us here:
915414,THAT LINK DOESNT FUCKING HELP IT JUST DIRECTS ME TO CONTACT THE SELLER OR COURIER BUT I CANT BECAUSE THERES NO FUCKING CARD!!!!,"You can select the approximate issue in steps 1 & 2, then contact us via phone, chat or email in step 3."
916985,I never requested the delay in the delivery still it is showing 'Delay delivery on customer request'. Tracking #215172826482,We've answered your query here: Kindly refer to the same. (1/2)
917003,I have seen thanks but you have not mentioned anything related to the gift card.,"I'm sorry, you may revert to our correspondence and we'll check this further for you."
917561,You are charging me monthly for Prime and I never signed up for it and can't find how to cancel and get refund.,"Hi Sarah, is Prime active on your account on Amazon.it, or another site?"
917833,So someone access my account and cancel my membership to Prime. No one as an explanation at,I'm sorry for the account troubles you've had! I'd like our team to take a look into this for you. Please leave your information here: and we will respond back shortly.
917935,how do I unsubscribe from Kindle FreeTime if the Kindle is lost? See no options on the website.,Hi Jeff! Please ge tin touch with us here: We'll be glad to help!
918170,I am getting called from this number 4049994200 claiming to be Amazon launching a new seller network offering registration 1/3,"That's odd, please don't share any information proactively. I'll get this reviewed internally."
918222,Any updates on this?,Our team has sent a correspondence to your registered email address. Kindly check for the same.
918239,How do I actually buy this for Kindle?,Some digital purchases aren't able to be made over the app. Are you able to purchase it from our website?
919402,"This is your service ? Shit, absolutely shit Amazon is going towards.","Please don't provide your order details, we consider it personal information. Our Twitter page is visible to public."
920950,have locked me out of my account. I can only contact them if I login! I can't login! #annoying,We'd like to have this looked into for you. Please reach out to us by phone at this link here:
920952,"On ne me l'avait jamais faite, je commande du dentifrice pour enfant chez et on m'envoie une paire de jumelles 👍👍","Bonsoir, je suis désolée d'apprendre, avez-vous signalé cela auprès de notre SAV ? ^ Ko"
921456,"When I interacted with your executive they told me return you using courier but at the moment it is not possible 4 me, hope U can","Kindly fill your details in the link provided earlier, we'll check and email you regarding this."
922726,Thanks... I've returned the product,We are glad to resolve this for you.
923764,Have already filled this form 2 days back? Why is it so difficult to reach out through your customer care?,Sorry about the hassle. Kindly share your details once again from the link provided and we'll connect with you.
925330,"Help needed about an order delivery. Currently your tracker lies about ""Delay delivery as per customer request"".",Sorry for the hassle. Please report this to our support team here: and we'll check this.
927514,What does prime means to you i am not gonna contact to any1 .just let me knw wher the fone and why is it late ..order no. is irrelevant now,I request you to please share your details in the link provided earlier and we'll work on it.
927534,1/2SQ? I got a response from Social Media Escalation team. Who promptly just said that faulty item is already being looked in to (ie passed the buck) & the undelivered item issue was passed back to Amazon India team (passed the buck again). So no progress again.,I request you to please reply to our email for any further assistance you require. We'll surely respond to you.
927600,"This was a nice gesture, doesn't make it come any faster but nice.","We'd like to help if we can, and we're available 24/7. Let us know if you need any assistance!"
929221,Very lame excuse of blaming it on time lag or late updation. Are you saying AMAZON does not have systems to track this? Can't believe.,I'll be sure to forwarded your comment as feedback with the concerned team internally.
929232,"I placed a Prime order, which is now 9 days overdue. I've tried contacting Amazon about this, but have no reply yet. Help pls?",I'm sorry for the delay! Were you provided with a new delivery date:
930114,"Oh.. Thank you so much for your assistance... You advised me that the delivery was due to be delivered yesterday & then today, so of course I'll be happy to let you know if it doesn't arrive almost a week late #PATHETICSERVICE",I can understand the frustration. Who's the courier shown in Your Orders here:
930114,"""Delivery By Amazon Shipping""","I'm very sorry for the frustration, Stuart! I'd like for a member of my team to look into this further. When you have a free moment, please tell us more here:"
930157,"That's the issue, the purchases were made by colleagues on a corporate card outside of my account. Any way you can help?","Without having access to the account, there would be no additional information we're able to provide. Were the purchases made on a business account? if not, are you able to speak to the colleagues that made the purchases to have them reach us?"
930165,All emails I’ve received have said ‘delivery date pending’ but the product page says the release date was the 14th Nov?,"Thanks for the information. Once we have a delivery date for your order it will be e-mailed to you. However, can you let us know which book you pre-ordered so we can take a look?"
930201,I was contacted again today at noon and for the 3rd time I had to reconfirm the new delivery instruction. #amazon please can you #centralize your #customerservice #information ?,"If you have given delivery instructions in order to change the delivery address, your order would take up to 2 days in order to be delivered. We are sorry for the delay."
930234,"Had a package delivered today. Dropped on my front porch. It's windy here, so it ended up IN MY YARD. Thus is NOT OKAY...",Hello Chris! Thanks for reaching out today. Upon inspection of the package were all the items OK? If not please let us know and we'll be more than happy to help review best options together.
930242,"Thanks, I'll get on with that. Will leave feedback on delivery also.",You're welcome! Please let us know if you have further questions or concerns for us. We're here to help!
930273,"Adoraria, se minha conta não estivesse bloqueada e não me impedisse se fazer contato com a área","Desculpa. Por favor, tente com este link:"
930289,"email said an additional day or two...so no, no delivery date.","Thank you for checking for us, what does the most up to date tracking information say here: Has it shipped?"
930354,Hola. Me podría decir pf cual puede ser el problema con el pedido 171-5572644-8726763? Me han cobrado pero me sale un error . Gracias,"Hola, te informo que por este medio no tenemos acceso a tu cuenta y también te recomendamos no compartir informaciones personales como el número de tu pedido por este medio. ¿Podrías informarnos si recibiste algún correo informando lo sucedido?"
930380,"Muy oportuno , me llega esta camisetaza de la tienda oficial el día antes del Sevilla-Liverpool. #GoReds #FuckSevilleAndUnited","Hola, Pablo ¡Genial la nueva camiseta y felices de que la hayas recibido en un buen momento! ¡Que la disfrutes!"
930414,Finales del mes pasado :/ y ya estamos a 20 de noviembre,"Podrías informarnos, ¿hace cuanto contactaste al vendedor del producto?"
931363,"#Foto #Tapete gestern bestellt, heute da! Von . 😀",:) Dann mal viel Spaß beim Tapezieren - über ein Foto würden wir uns freuen ;)
931516,"Hey. Someone called me up, but then put me on hold for 5+ mins. I disconnected.",Were you able to complete the conversation? You might have received an email as well from that team. [1/2]
931933,And I love you,"I'm saddened, but glad. I don't know how to feel. Are you having issues with a recent order?"
931936,If I make a purchase on the app does it count toward my Smile charity or do I have to go to the website?,"To count, the purchases need to be made on You can add the website as a bookmark on your device."
932700,Yes i did. Twice !!,"We'd like to get this checked, kindly share your details here: and we'll reach out to you soon."
932725,"Ach - es wäre für meine Buchhaltung ein Traum, wenn ihr die Bestellungen nach Rechnungsbetrag durchsuchbar machtet!",Feedback leite ich gerne an die zuständigen Kollegen weiter 👍
933299,my pick up was scheduled on Thursday n today is Saturday but pick up hasn't been done yet ! Pick up tracking ID 69451439083,Our page is visible to the public. (3/3)
934292,My account has been locked,You can reach out to us without signing in to your account here:
934310,Bonsoir j'ai acheter un article 150€ qui n'as pas pu être livré dans ma région et le remboursement n'est toujours pas fait.,"Bonjour, désolée pour cela. Que dit le suivi de votre colis? Est-ce qu'il a été retourné à Amazon ?"
934375,"I was told “within the hour” at 2:30, so nearly 3 hours overdue. Here’s the screenshot of my 40 minute call with this morning",I'm sorry for the wait! I want to make sure you receive assistance in a timely manner. Please call us using the previous link.
934417,Not sure why I should purchase through Amazon if they sell poor products and simply apologize when you are stuck with them. Vehicle has no headlights now and can’t depend on Amazon to quickly order new ones!,Thanks for telling us what happened. Could you link us to the item's detail page? We're more than happy to check for you.
936095,Nope it my amazon echo keeps telling me to go through the settings to set up my commute. And it’s already set up.,"It may need to sync. Try unplugging your Dot, let it sit for 30 seconds, then plug it back in. Let us know how it goes."
937300,Orey package vachhindi ra inka nee tracking lo on the way ani pettukunnav.ARM fan la unnaveyy.,"I understand that the package has been delivered to you successfully, I'm I correct?"
939385,Someone created a fake website...,which is our partner website. 2/2
941339,And we have played for it,Are you seeing the songs greyed out under 'My Music' section? Or are they completely gone?
943541,"Ae faz uma promoção grande, minha wishlist de livros tá auumentando, e eu to querendo uns 3 do Dostoiévski","Oi Gustavo, temos muitas surpresas para compartilhar ainda, fique de olho no site. 😁"
944164,struggling to add money in Amazon pay..help,Sorry to know you're facing issues with Amazon pay balance. Please reach us from here: we'll assist.
944882,"Trying to order software ""activation code by email""; asked to add card details although cards already linked. Is this genuine?",We're here to help any way we can! Can you link us to the item you are trying to order so we can take a look?
945623,how do I get in touch with customer service???!!!,Hello! We're here to help! You can reach us via phone or chat by going here:
946423,Regional languages are present. My query was about Kannada. When ??,We understand your concern. We keep updating our digital library on regular basis. Please stay tuned. (1/2)
947217,That doesn't show up either,"Just to clarify, are you using a Canadian credit/debit card or a U.S. one?"
947295,hi why does out amazon video repeatedly cut out? Internet connection fine but keeps crashing mid way through a movie we have purchased,"Hello Martin, sorry the video is cutting and then crashing. What type of device are you attempting to view your content on? Is there an error message that pops up after it crashes?"
950261,Thank u for getting back to me so quickly. May I send a private message? Long story,We have your DM and we'll be replying shortly.
951992,does such a good job trying to keep customers happy. Shipment coming in late and they made it right. Thanks “Anita S” very prompt!,Thanks for taking the time to post this! We hope you enjoy the rest of the day!
953167,Out of Stock #OnePlus5 from .,The variant is currently not available. Stay tuned to our website for further updates.
954151,Dear I'm unable to log-in to my amazon account. Kindly help me regarding that.,Sorry to know you're unable to access your account. Is there any specific error you're facing?
955631,me miente😥. Día de entrega 14 y estamos a 21 y no llega nada😥😥. Que pasa?,"Hola Tatiana, lamento mucho el atraso. ¿El producto que esperas era vendido y enviado por Amazon o por un vendedor externo?"
957111,Hmmm...my app is playing the same song in each station over and over...?,"I'm sorry for the trouble; to confirm, this isn't from a newly created playlist? Also, what device are you using?"
957119,Gali Gali mein shor hai Chor hai #HearUsAmazon #Rto #UndeliverableShipments,We'd like to help you. Could you please elaborate on your issue?
959253,I cancelled a pre-order game last week that was on discount. Is it possible to retrieve it back with sale price or no?,"A new order will have any current promotions applied. If a previous sale/promotion has ended, we won't have a way to apply it."
959405,I purchased two PlayStation gift cards earlier and it says pending verification. How long does this usually take?,Great question. Verification normally takes less than two hours. Has this time frame passed?
960147,", worst experience wit you guys twice in 2 weeks time. OnePlus 5 delayed and now headphones as well + Delivery guy talking rudely.",Please get in touch with our team using this link: and we'll be happy to help. (2/2)
961087,Why carriers never attempt delivery to my door in Irvine? Is it too far for them?,We would like to help! Do you need assistance with a current order? Please explain more about what's going on.
962168,📚 😕 Feeling let down... Shouldn’t take better care than anyone else in packing books for shipment? 📦 #BookLovers,I'm so sorry to see this! Please feel free to check return/replacement options here:
964973,Please make sure that someone calls me,"Once we receive your details, we will get back to you at the earliest possible."
965024,Hello is anyone listening?,The sorry part that you're referring to seems to be for the inconvenience you've faced so far.
965092,Please make sure this gets escalated and I receive a call.,"Sure, as you've shared your details we'll get back to you."
965181,I have an idea. I will use the Data protection act to force you to give me all the information you have on myself. Am I right?,"As we're unable to view your account via Twitter,pls contact here again: so we can look into this."
965759,I've had the WORST CUSTOMER SERVICE these past 2 weeks!! I'm 😡 & just might🚫using Amazon all 2gether!! #Amazon,"I'm sorry about the poor experience you've had! W/out posting any account details, can you let us know what's going on?"
965792,your chat help is useless. They speak poor English and just want to offer me a free month of prime. I just want my money back!!,I'm sorry you haven't received your order! When was it due and what is the current tracking status? Check their site too.
965818,is the OnePlus 5 available for exchange or not,"factors such as your delivery location, availability of Buyback partners for that location. (2/3)"
966542,"Nee, bis jetzt immer noch nicht&die Post ist schon durch... 😢😦😭😭",Schade ☹️ Unser Kundenservice überprüft das gerne mal genauer: Gruß
967236,Kindly do the delivery we are at home only,"I understand your concern, please contact us here: so that we can assist you accordingly."
967258,könnt ihr mir da vielleicht helfen?,"Hi, läuft denn bei dir wieder alles? Gruß"
969150,I have a problem with your service. One of your sellers have stolen my money.,"We'd like to help! W/o posting account info, will you pls tell us more about what's going on? Do you need help with an order?"
969156,"No they just disappeared. I tried to locate the sellers, but it looks like they don’t exit either. So I don’t know what to do.",Use the bottom half of the linked page and choose the options closest to yours to bring up contact options.
969329,Ordered the same product twice but still same as before... Amazon transport department failed to deliver it to me. Is this the way you help?,"Sorry for the trouble you had, I'd like to help, please share your details on the link here:"
970299,Yes I did. Last Sunday.,You must've received an email correspondence from us. Please refer and revert on the same for further assistance.
970511,"You have deducted $ 10.99 without knowing me. I do not know what is the reason, and I have the account of the president.","Hi, that's a Prime charge. You can cancel here: and you'll be refunded for unused service if eligible."
970572,Problem solved thx to Aljaber from Amazon CS-was complicated!!! Fantastic service and help. Just wish was easier to find and talk to CS rep.,"Hi John, thanks for letting us know it's been sorted out! Please get in touch if you've any future issues & we'll help."
970802,For some reason Amazon India follows a special clock where there 24hrs have not got over since 9th October !! Pathetic service and height of arrogance !! False promises and cheaters !! #Cheaters #FalsePromises,Please share your details here: and we'll reach out to you. (2/2)
971261,#AmazonIndia#VERY PATHETIC SERVICE BY AMAZON# my order supposed to delivered on 20th October but still not getting any response#😡😡,I'm sorry about the delay in delivering your order. Have you reported this to our support team at
971855,"My order 171-4078604-8109968 Is not been delivered to me, the committed date was 13th october 2017. Support is good for nothing.","Please don't provide your order details, we consider it to be personal information. Our page is visible to the public."
972637,I can't use that form. The order has been cancelled and doesn't appear as a selection in the 'Contact Us' form.,You'll still be able to use the form if you choose the most relevant options.
972814,"I don't intend to wait for your refund policy, it's your mistake please refund at the earliest, order 403-4214441-2290713 dt19oct",and I'll get back to you on this. Please don’t provide your details as we consider them to be personal 2/3
973095,"The link shared is not useful What I mean, when using Amazon shopping iPad app it doesn't have the orientation on landscape view","Thank you for flagging this, Sarvang. I’ll pass on your feedback to the concerned team so that they can work on it."
973112,And also what abt the skills in india...al,The Alexa app will be available in the App Store / Play Store when the devices start shipping the week of Oct 30.
973530,Today early morning it's price was around 700. I thought ill place order in noon but now the price has got doubled. #sale#loot,on our website is the best we can offer at this point of time. 2/2
973541,How Amazon India is cheating to customers?,"and our efforts to offer you the lowest price, may result in fluctuations in our prices over time. 2/2"
973575,when your working day will start and you will arrange for the return.,we'll look into it and get back to you soon. 2/2
973956,It's from Amazon. Got an email saying it's with the courier!,"Hi, if the item is being delivered by us directly we do deliver on Sundays. Who is the carrier assigned ?"
974814,Purely because an investigation is on going and it's from a third party seller. Not good enough. Inept delivery driver isn't my fault.,What does the latest scan on the tracking say ?
975760,worst delivery when you guys not able to deliver on time then why promise for guaranteed delivery. Worst delivery services.,Have you reported this to our support team here: We'll definitely look into it.
975763,Was hat gemacht? Unsere Alexas erzählen nur noch Osterwitze im Moment. 😂 Kann das jemand mal verifizieren?,Und was ist daran ungewöhnlich? Die Osterschokolade gibt es doch in wenigen Wochen auch schon wieder zu kaufen 😜 Viele Grüße
976672,what do I do when your app say an order was delivered but it didn’t arrive?,Thanks for contacting us on here. Here are some steps to try in cases like this:
976905,I have no idea my nan said that it hasn't told her on her account she just said it's for delivery today,Please get in touch here and we'll look into this for you.
977278,Hey Why take money for prime and not deliver in time? After the delay your customer care assured early delivery and not fulfilled,our valued customer. Write to us here: & we'll fix this for you. 2/2
977304,"Seems ur backend quality has dramatically deteriorated as amazon conveniently forgets the cashbacks till u ask for them,3rd time",team here: We will look into it. 2/2
977791,when you will get update? 24 hrs passed still you didn't get update. How much more time do you need get my issue solved.,Please bear with us a little more and we'll get update you as soon as we have one.
977886,No! The first time was a mistake on your part and the second time I wasn’t even trying to use my account,Have you received an email from an account specialist?
978325,"Yes, was about time! \o/ Hey , when is it coming to Germany? 🇩🇪","Stay tuned. When there is any information available, we will announce it. :-)"
978546,Already informed...but there are no solution provided by your side....Whose repnsbl of my amount????,Sorry for the trouble with regard to the refund. Please share your details here: and I'll reach out.
978567,Teach some manners to your delivery boy or learn from others companies like flipkart courier department,I’m sorry about the hassle. Please drop in your details here: We’ll look into it.
979527,I'm already communication with call center person Why can't u got my details. Let's I'm filling consumer court case. Send u notice shortly.,"I get your concern. However, please understand that we can't gain access to your account details via Twitter and help 1/2"
979635,I've processed my refund month ago and in spite that the package has been delivered my has not been refunded to my account yet,Apologies for the trouble with the refund. I'd like to take a closer look at this. (1/2)
980069,"So instead of checking where is my package, for payment made in advance, you want me to follow the a beaurecratic process!! 👏👏👏",to them over Twitter. Kindly drop in the relevant details using the link provided above and we'll reach out to you. 2/2
980077,Waited yesterday but didn't receive. Today morning I get a message that it was delivered last night!! Still not received.,Kindly reach out to our support team here: We'll definitely look into it. 2/3
980110,Order #408-1244342-2854732 U may checkout the scenario.,"the issue, so that we can assist you accordingly. Please don't provide your order details, we consider it to 2/3"
980129,I have already shared and registered my complain to Amazon via telephonic conversation.,we need to have your details from the link provided earlier. Please confirm once done(2/2)
981443,Product delivered. Give a high five to Bhupendra who assisted me yesterday night,Thank you for confirming. Happy shopping.
982308,i haven't received my amazon pay Cashback. In how many days do u credit ur amazon pay Cashback?,Sorry to know you haven't received the cashback. Please help us with the cash back offer you're referring to.
982315,"The sorry tale of balls-ups continues. A parcel has arrived (for a cancelled order) containing a smartphone box, but NO phone.",Sorry to hear this - was it dispatched by Amazon or a Marketplace Seller ?
982913,hey 👋 wann kommt die neue Staffel #LifeInPieces ?,Hierzu liegen uns leider noch keine Infos vor. Bitte behalte die Webseite im Auge :)
982976,Stupid not delivering my packages on time to the drop-off location. Both items were to be received by Friday per my free paid...,"Truly sorry for any inconvenience! What does the tracking currently show, who is the carrier? Here:"
983343,Remplacement demandé. Le commentaire ajouté sur la même page n’a visiblement pas été pris en compte...,Avez-vous reçu un e-mail à ce propos ?
983396,There wasn't a gift message.It says paid by amazon but isn't recorded on amazon account..it's a random item that wouldn't be sent as a gift.,Strange. Pls contact us for further assistance :
984166,Been trying 2 elicit a response from the CS Team. I haven't recd delivery since a wk. I have a prime membership. Can I pls get a call back?,and we'll reach out to you. (2/2)
984186,Bought a #Samsung tv during #AmazonGreatIndianFestival from #AmazonIndia .Feel #cheated as didn't get what was promised by #AmazonIndia,Apologies for the experience. Kindly reach our support team here: We'll have it checked.
984239,I need to track an order but not been able to contact your customer service :(,We've responded to you via DM.
984251,Yes I have. But don't u think I deserve a compensation for the same. Waited so long & didn't buy from local shop. This is ridiculous.,I'm sorry about the order you have received. We don't have compensation policy for such 1/3
985051,C'est moche comme réponse ! :(,"Nous n'avons juste pas une visibilité sur votre compte Amazon depuis Twitter, afin qu'on le fasse pour vous, désolée."
985137,"forward my concern,pls mention cashback details wrt to product for which it has been credited in amazon pay statement, like paytm.",This being a social platform we can not access your details. Please help us with your concern here:
985198,my order is not delivered yet while sms and mail received saying order is delivered. Item was for my son birthday 15oct,Please don't provide your order details as we consider it personal info. Our twitter page is visible to public.(2/2)
986048,What kind of offers are these? Increasing the official price and reducing to show discounts?,Pricing and offers are decision of the sellers. The constantly changing marketplace and our efforts to offer you (1/2)
986228,"hello order 406-7225120-2124344 is zaap is not working from day one, pickup the product and refud, on toll free number for amzon",Apologies for the hassle. Please drop in your details here: and we will sort this for you.(1/2)
986945,my yngr brthr order 405-4141782-7248359 status dispatched est. delvry 13 oct by not delivered u also blcked my nmbr,"Please don't provide your order details, as we consider it to be personal information. Our Twitter page is public.​ (2/2)"
987002,is there any chance of including malayalam movies in amazon prime video library ? In 2016 amazon promised it will be done soon..,"Regional languages are an integral part of our content in India. Prime Video is just getting started, 1/2"
987110,😳😳😳is this real price ???,"I'll help you with this, however, I'm unable to find this product on our website. (1/2)"
987352,ारे प्रधानमंत्री जी Cashless India को Promote कर रहे है और Amazon cashless की धज्जियाँ उड़ा रही है.payment के बाद Delivery की नही,here: we'll get back to you soon. 2/2
987408,"She's forwarded me the email, if I follow the order number link it seems to take me to the genuine to log in.","Hi, please ask her to use this link to the English version of Amazon.de to check for the order:"
987786,Wie anmelden? Am TV muss ich mich über App nicht anmelden. Das streamen funzt nicht seit 15 Tagen: Videofehler! Und kein Mensch hilft.,Okay - hast du schon mal einen Neustart aller Geräte (auch Router) versucht?
988860,abzusehen wann eine Staffel 3 von #themaninthehighcastle kommen wird? Warte sehnsüchtig darauf. 😊😊,"Der erste Teil der neuen Staffel feiert voraussichtlich Ende 2017 Premiere, der zweite Teil erscheint Anfang 2018. Gruß"
988881,Got mi OnePlus 5 in great exchange offer😍 replaced my OnePlus one😎 Thanku,You're the man! Got it all customized yet?
989793,"hi guys, so I ordered a super rare project scorpio from amazon 5 months ago and amazon messed up my order and I lost my limited edition console I am a video games collecter and I will never have the project scorpio because of this and.... Continued","Hi. I'm very sorry to learn of your poor experiences. As we don't have access to account info here, we would ask you to get in touch - so we can look into your concern in more detail."
989846,I had excellent exp with amazon in past but this time I had the worst exp.. before closing this I don't understand y should I follow for my own money u sold a me a nasty!! U should change ur policy or u need mention it in caps &bold In product page about seller refund.,"As this issue involves multiple teams, it's taking longer than expected. I can assure you that we'll get back to you soon."
989859,I doubt amazon has the willingness 2 handle fraudulent saller.4me amazon is the brand and amazon is responsible for seller of Order:4__credit_card__still selling in amazon!!,"Please don't provide your order details, as we consider it to be personal information. Our Twitter page is public.​"
990226,"No, it's complicated. So many blanks is to be filled. I leave that","Please share the details on the link as follows: Your preferred phone number: ""Contact number"", Your Twitter handle: ""Amar_Kundan"", URL to Twitter message: "" 1/2"
990268,Guys you have to change the UI of your app. Too bad UI. See the UI of #flipkart and #myntra. Take it as a sincere request....,We hear you! I've passed on your comments as feedback to our app developing team.
990661,"This is what i get from Amazon, and when i place order for refund these guys say that its not theirs. Shame on u for 11000 Rs FO","Please don't provide your order details, we consider it personal information. Our Twitter page is visible to the public. 3/3"
990687,when are you adding suits season 7?,We’re constantly adding new content to our library. We will notify our customers when these episodes are back.
990950,When ur account is telling u that ur parcel has been hand delivered 2resident&the name is not mine🤔 #wheresmyparcel,"Oh no, Amy! I'm sorry that we didn't get your parcel to you yet! Have you tried this: to help locate it?"
991004,OREY BRO Standup Comedies Aapesaav Enti raaa,We'll keep on adding new content once available with us. Kindly stay tuned.
991680,"Can someone from Amazon UK contact me please? My order has been ""lost"" again.","Hi, I'm sorry to hear that. We don't have access to your account here, please contact us :"
993284,Good try. Good effort.,Oh no! Sorry for the poor delivery experience! Please contact us via the Prime Now app for assistance!
993932,I have already replied to your mail. Plz check.,"Thanks, we'll check and get back to you at the earliest."
994407,"War nicht mehr möglich. Alles sehr nervend, da es auch nicht das erstemal was und da bringt auch kein gratis Prime wenn es eh nie ankommt!","Das stimmt. Ich hoffe, ihr findet noch schnell eine Alternative."
995466,What you want me to reply to the mail saying we will refund as we can't deliver your product?,of time. I'll be sure to forward your feedback to our concerned team internally. 2/2
996697,It's not shipped but is charged. I can assure you this. I have this in an email from your company. Talked to a lot of Amazon employees.,when it does ship. You can learn more about how to remove those here: (2/2)
998026,Ok I will wait for your response,Thanks for understanding. We'll soon get back to you with an update.
998141,Read the story of how fake sellers make money with fake products #amazon #diwaliloot #amazonindia #cheats #fake,"experience, I've forwarded this as feedback to the concerned team to ensure this is looked into & corrective actions 2/3"
999116,i have not received my order and according to your mail & msg my order is delivered.. This is very unfair,"Apologies,I’d like to help you; please share your details here: and I’ll contact you soon.(1/2)"
999153,Solicité un artículo en y nunca llegó. Se perdió en el laberinto de su burocracia interna. ¡Terrible servicio!,"Hola, sin brindar información personal o de tu cuenta dinos, ¿qué ha sucedido?"
1000981,"So many Quiz have PPL taken part in,But I never Saw The Winners List4AmazonPay. Is it Fake Contests #AmazonPayAppQuiz",I'm sorry to hear this. All the promotions on Amazon are 100% genuine. The winners of Amazon Pay app quiz will be (1/2)
1001005,I preordered amazon echo but want to go for amazon plus now. Anyway to reach out to seller? I want another invitation.,We would like to have a closer look. Please drop in your details here: We will look into it.
1001043,"dear sir, order id:404-4313025-2413959 in India not solved refund issue since four months by amazon India,please......","Please don't provide your order details, we consider it to be personal information. Our page is visible to the public.(2/2)"
1001048,"I jus rcvd confrmtion from OP service centre & dey confrmd its hardware issue hwevr ur app confirmed no issue, can u explain ??","We'd like to get this checked and help, kindly share your details here: we'll reach out soon."
1001064,Hola . ¿Cómo hablo con un responsable o encargado de un pedido de Prime? Por telefono es la tercera vez que cuelgan...,"Hola Domingo, lamentamos el inconveniente. Sin publicar datos personales o de tu cuenta, ¿nos podrías indicar que ha pasado?"
1001066,order 407-6230086-7878746 counterfeit product. Blacklist vendor.,"Please don't provide your order details, we consider it as personal information. Our page is visible to the public. 2/2"
1001965,"Other than sharing my login credentials, is there a way to collaborate on an order with other members of the household?",There isn't a way to share your cart via household.
1002875,Hi is it possible to purchase Kindle book from being Indian user?,We'll be happy to address your concern. Kindly connect with our Kindle team here:
1003675,Plz track the package with track no : 211178196277.I got sms 2 times for successfully delivery but hvn't received product.,Please don’t provide your order details as we consider them to be personal info. Our page is visible to public. (2/2)
1003702,Why there is moto c plus in mobile exchange list,"I'm unable to comprehend your concern, Could you please elaborate this?"
1004661,my fire stick crashes every time I try to stream the Newcastle Vs Watford game on Hotstar. Every other app and even other programs on Hotstar are working fine. Wtf is going on?,Apologies for the trouble you're facing with the Fire stick. Please contact us here: so we can assist you accordingly.
1004667,"The saga of my screwed-up Letters from Wishing Rock (print version of the book) product page continues. Now, the book is available in two colors! And the number of unrelated 5* reviews has doubled!",I'm sorry for the delayed response! I've escalated this to the correct team. I apologize for any inconvenience this may have caused.
1004677,have a word with your couriers. Leave packages of significant value by my front door where anyone walking past could see and help themselves. The delivery report lies and says they delivered to me.,Oh no! I'm sorry for the poor delivery experience. We would like to look into this in real time with you. Please reach out to us here:
1005112,The product you send me was totally different then what I ordered also with missing some parts. And I received open package as well!,"Apologies, please share your insight by writing back to the e-mail sent by our team. We'll revert to the same."
1005993,No and no;the estimated delivery date is useless because only going to be in the us a few hours. The package was “guaranteed” for yesterday,Who was the carrier for your order? Please check here:
1007025,Done it let’s see we’re we go from here then,Thank you. Please let us know if you need anything else.
1007572,So you failed to deliver a Prime order on the promised day and I cancelled. When do I get the monies refunded?,"Sorry to hear this. Have you contacted us directly? If not, you can do so here:"
1007736,customer service is so slow and painful. If you can fly a package to someone with a drone you can run a functional chat feature...,"Sorry for the poor experience! Without giving account info, can you tell us what's going on? We are here to help!"
1008494,"Los contacté dos veces, fueron muy amables, pero no pudieron hacer nada.",¿Qué te indicaron en nuestro Servicio al Cliente?
1008919,..Order No..404-6800877-5877920 Item recieved broken. Please get it picked up from shipped address. No option on ur site.,Sorry for the hassle. Please report this to our support team here: and we'll check this. 1/2
1008926,sir Will I get a prime membership trial on the new account?,"I'm sorry Arsh, the prime free trial has been dis-continued."
1009195,Love how my #Alexa responds to random shit on the tv and every fucking advert for it. Fuck my life! 😒,I'm sorry for this experience. Have you looked into changing the Wake Word:
1011493,"It appears to me that Mr. Robot series had its season 3 released, But, not on Prime video india. Why?",where we highlight the latest movies and TV shows we have available. 2/2
1012311,it says refund issued on 14th Oct but I haven't received it yet,"We'd like to check this, kindly connect with us via the above link."
1012813,What kind of contest....🤔! I didn't know that... plz share,"There was 'The Spot the phones' contest. However, this is closed now. Please stay tuned for upcoming contests."
1012926,Order #405-3523027-0270732.Not getting delivered due to wrongdoings of delivery person.Escalated.Still no delivery!,Please don't provide your order details as we consider it personal information. Our twitter page is visible to public.(2/2)
1013071,Any update on when #suits season 7 is coming to ?,checking where we highlight the latest movies and TV shows we have available. (2/2)
1013773,"being that I received No #noification and never really joined Prime, I expect a return of the money to my account!","We want to help! You may be able to find/cancel the charge in the link sent, or contact us here:"
1014256,No more . is 1000 times better. No more purchase from . Thanks for ur support with numerous lies,"I understand your concern, I've noted your comments and have forwarded your feedback internally."
1014270,"apparently several residents in this apartment complex received ""delivered"" notification yesterday. But no packages","Oh no! If you didn't receive your package, can you please tell us who the carrier was? Found here:"
1014274,I sent in the form. Waiting to hear back now,I can confirm that we've received your details. We appreciate your patience.
1014703,courier person of amazon is misbehaving intimidating me behaving like gunda of the town warn me and say he will cancel it,That's not good. Try contacting us here: let us know how things go.
1015567,"Hi I'm wondering about this article … I pre-ordered this, were you really selling this or it's fake?",1/2 I'm sorry for the concern. The product page has been updated here:
1019536,My text book rental from amazon prime is late and now I can’t do my assignments for this week. Cool 🙃🙃,I'm sorry your book hasn't made it out to you. Have you received an updated delivery date?
1020065,"I am a Prime subscriber so I pay for next day, why is the 28th the earliest date? I feel cheated, you are a most deceitful company #payyourtaxes",Some deliveries may take longer than usual during this time of year: I'm sorry for any inconvenience this may cause.
1020092,Faced issue with products delivered today!,That's odd. May I know if you have reported this to our team here :
1020154,"can you just thank all your staff for me for such a fantastic service, had prime 3 months now and service is unreal 👌","Hi, David! This is what we love to hear! Happy to be at your service."
1020918,am I not allowed to use an gift card to preorder an ebook?,Your Gift Card balance should apply to the order as long as it's there when the book is released.
1020959,pre-ordered a game for my son that advertises early access. How does he get access? I've tried DM but no reply 🤔,I'm sorry there wasn't a reply! We can't access accounts via twitter. Please contact us directly:
1020973,My courier never came to.my home ordered by amazon. And the courier returned it without any notice. 5180711870585,"Please don't provide your order details, we consider it personal info. Our Twitter page is visible to public. (2/2)"
1020973,Extremely sorry for the idiotacy. Was so much angry on the case that didn't consider about the details,That's completely fine. Request you to connect with our support team and we'll get this resolved.
1020973,they can't help also.They said now you won't get product u will get refund..But this is wrong as courier never came to my home,Kindly share your details here: we'd like to take a closer look into this.
1021011,"I've emailed twice, how come someone can't just reply?!","For a faster reply, please reach out to us via phone/live chat here, Emily:"
1021048,ur #onlinedelivery guys r #shameless & #cheaters #liers waiting for a delivery for a week and they still don't #deliver #shameful,I'm sorry about the experience. Could you please elaborate your issue so that we can assist you accordingly?
1022731,I had requested a return on 15th of Sept. But it is still under process. Kindly update the status.. ID:407-1810486-1689900,"Sorry about the stretch, please report that here: and we'll check this out."
1022764,My package was left in the driveway in pouring rain instead of under the covered front door. Not cool delivery guy. :/ #wetbox,'m sorry your order was left out this way! Was anything inside of your package damaged?
1024209,"Guys don't take prime subscription. It's useless, product gets delivered 3 days later, their support is useless.",That's quite a remark Arif. Could you tell us what went wrong?
1024238,You cheated one of the oldest customer of yours. Amazon was better till yesterday . #angrycustomer,Could you please tell us what went wrong Ayush?
1026029,Topspiel der Bundesliga auf ist ein geiler Service! Ergebnis passt mir nur nicht so richtig😂 Weiter so #HejaBvB,Wünsch dir trotzdem viel Spaß und lieben Dank fürs Feedback! ⚽️
1026974,Loosing hope that this will be delivered today 😩😩😩,There is still time! Who is the carrier for the shipment?
1027472,my order stil nt dlvrd.pathetic servs frm amazon India.,"I understand your concern, please reach out to us through the link provided earlier for further assistance."
1027529,I don't Recharge any Thing on Amazon Pay Balance. Will I get ₹101 Cashback ?,I couldn't comprehend your concern. Could you elaborate the issue so that we can assist you accordingly?
1028153,"And so saga continues, No order, No resolution, and No help... #AmazonSucks Ask me before ordering for my experience",Is your order still showing pending? What was advised when you spoke with us? Did we ask you to wait until a certain date?
1028190,"Why is it I see NCIS Season 13 for £24.10, but you charged me 26.09? Because it is eligable for FREE delivery, sssooo... Uhm What?","Just to confirm, are you seeing any amount for tax on your confirmation e-mail? You can check here:"
1028956,"my refund didn't come in my bank account, order dated 6.10.17,order no-408-8380090-5429104 .USB cable for ph.",Request you to get in touch with our support team via email/chat here: (1/2)
1028972,"Never mind, am not returning, I am keeping it... thank you for nothing","Apologies for the trouble, we'd like to help. Please provide your details and we'll contact you soon."
1029007,"Yes, and this is not the first time. One of my items is a birthday gift that will now be late.",We'd like to take a look at this. Please reach out to us via phone here:
1030263,wann kommt die neue folge von Ouat Staffel 7 OV/OmU ?,Ich habe das gerade bei den Kollegen angefragt. Bitte hab ein wenig Geduld :)
1030399,what time do you guys deliver till today ?,Deliveries continue through to 2100. Please let us know when your order arrives.
1031076,There are no options in the app itself that I’ve seen.,"Terrill, Please reach out here so our Alexa Support can look into this with you: Thank you."
1031531,"Now the longer I wait, my item is at risk of selling out and having a delivery date way after the time I need the item!","I'm sorry, we don't have access to your account. W/out posting e-mail or order #, would you tell us about the initial issue?"
1031546,hola me podían ayudar en algo,"Hola Esteban, claro, ¿como te podemos ayudar?"
1031876,"Bonjour, mon compte a été verrouillé et je ne dispose ni d'un FAX ni d'un relevé visa pour prouver mon identité, que puis-je faire","Bonjour, je suis désolée pr cela. Vous devez envoyer les documents par Fax ou par courrier (adresse indiquée dans l'email)."
1031881,you send deliv agent wrong ph no repeatedly aftr day told me we can't reach/delay deli as customer request.Oct 10 times happend,"I understand your concern, please contact us here: We'll be glad to help you."
1033140,"No error message, just Deutsch is the only language option, OV is English. Film is called ""Eine Dunkle Begierde"". is it possible to help?","1/2 This one? It does not say ""OV"". And ""OV"" does not necessarily mean that the title is English, but"
1033140,"Correct film. Every time the title is translated, should I assume that the film will be in German as well? Just asking to know for future.","If a title has ""OV"" in the name, the original language is there:"
1033232,trying to call the customer support without any luck. What's the best way to reach you fast?,"us through a phone call, you may use 'chat' as a medium to contact us quickly. 2/2"
1033736,"I'M SO FUCKING STUPID, OH MY GOD. I ACCIDENTALLY SIGNED UP FOR AMAZON PRIME??? LIKE I JUST CLICKED IT AND NO VERIFICATION OR ANYTHING",Sorry to hear this. Have you tried canceling the Prime here:
1035102,Amazon is letting me down. I've ordered so much stuff and it won't give me a delivery date.,"Hello, I am sorry to hear this. Are the items you are ordering being sold directly by Amazon or a third party?"
1035115,"Thanks so much, the payment went through successfully just few seconds ago. 🙂","I am glad to hear it, Prachi. You're welcome and have a good day ahead."
1035483,Thank you for charging me prime when I clicked “no thank you”. Now my account is over drafted and my baby has no wipes 👏🏼,Oh no! We'd like to go over available options with you. Please reach us via phone/chat here:
1035975,It just says On The Way,"Thanks for confirming! Has it been handed to a carrier yet? If so, who's the carrier listed?"
1035989,why won’t the iOS app work? Can’t go into cart or account. “Oops. Something went wrong” All iOS devices.,I'm sorry our app isn't working! There are no known issues at the moment. Did this just start? Is it the Amazon Shopping app?
1036526,Left in the mail room is NOT the same thing as delivered today.....,"I'm sorry to see this, Jeannie! Just to confirm, do you have a mail room?"
1037022,I have already replied to the same email but haven’t got any reply.,(2/2) You'll hear back from our team if your account were to be unblocked.
1037046,hola existe app para Sony Bravia Amazon Prime video?,"Hola, Bernice. Actualmente estos son los dispositivos compatibles:"
1037172,On me dit livraison en cours à 11h06 mais je veux recevoir le colis avant 14h00 absolument !,J'espère que vous recevrez votre colis le plus rapidement possible et cela avant 14 heures
1037641,10 days no reply from india & Got a Faulty Macbook PRO & no.exhange given! #badservice,"Sorry to know you're facing issues with your order, Devkey. Please share your details here: (1/2)"
1038876,If you return and purchased same item then they will not give cashback though they sent you defective item #worst,I understand your concern regarding the cash back. Could you please elaborate the issue so that we can assist you?
1038889,it is pathetic customer service from your team have not received since past 2 months for order no 406-3476867-2157940,Please don’t provide your order details as it is personal information. Our Twitter page is visible to the public.
1041205,till now my money is not refunded it’s been a month. Unable to contact customer care. Order no-408-9697378-6505948,"Please don't provide your details, we consider it personal information. Our Twitter page is visible to public."
1041207,"but i'm worried, refund not received","Sorry to know you've not received the refund, Shubham. Please reach us from here: we'll assist."
1041217,Non sense. Amazon sent me jewellery without hallmark with other defects. Now not taking return even i initiated return widin 30min of dlvry,"Apologies for the trouble with return of your item, Vikash. I'd like to take a closer look. 1/2"
1041245,Haven't received any mail. MAKE SURE THE ORDER DELIVERS TODAY BEFORE 8PM. I don't need any excuses and surely not replying to mails,Our team is following up on this. We'll keep you updated.
1042299,Shared details on web form. Pl action,Thanks for the update. We've received your details and we're working on the problem you're facing.
1042327,Again​ same #AmazonGreatIndianFestival #amazoncheating Checking price different after chwckout,"I understand your concern. However, the final discount gets applied at the checkout page. Kindly check for the same."
1042343,plusieurs vols de colis et puis un jour j'ai eu ça ⤵️,"Afin qu'on puisse vérifier votre dossier, merci de remplir ce formulaire via un PC :"
1043710,what now? Product is not yet out for delivery. How much more time you need?,You can check the correspondence here : and reply to that with your concerns. (2/2)
1044204,I'm just looking for the customer care number. I will communicate my concern there.,"Sure, our team would be happy to help you out! Please contact our support team here:"
1044948,403-8519871-2013133 no benefit of prime order not delivered waiting from 5 days,"We’ll look into it. Also, please don’t provide your order details as we consider them to be personal information. 2/3"
1044999,my parcel has been delivered to a non existent receptionist. I'm at home (have been all morning) and no sign of it anywhere!,"Hey Leanne, sorry to hear. Who is the carrier in question? Please check out - Keep us posted."
1045014,Hi I have not received my package but got an SMS that it is delivered can you check on this.? ORDER # 407-1059243-5547528,Sorry to hear that. Kindly reach our support team here: we'll be glad to help you. Please1/2
1045524,I had to spend my diwali without a tv coz failed to deliver my dth order whch was given 15days back. #verydisapointed,support team here: & we'll look into it right away. 2/2
1046078,I have placed my feedback on Amazon. Should i expect a remedy?,Our support team should be able to help you with this. Have you contacted them from the link provided earlier?
1046102,"Venduto si, spedito penso di sì ma non sono sicuro",Puoi darci il link della pagina dell'articolo che vorresti acquistare?
1046137,i have already given details before seems delay tactics.,"As you've mentioned that you've shared the details, you might have received an email from social media specialist. [1/2]"
1047176,"Hey wanted to know if I buy a regular gift voucher as a gift it can used on Kindle as well, or do need to get a Kindle voucher","You can definitely use Amazon gift cards to purchase Kindle books, Kushan. Please refer here:"
1047243,"Yes, between shioty online and phone customer service and being double charged for an item, I will no longer be using your services, ever.","Hi, is it an authorization perhaps? If so, it'll drop off & disappear:"
1047963,Ordered pillow from Amazon seller & received only pillow case. Really? I should not have to pay for return shipping. Help?,We're sorry you didn't receive your order as expected! Have you contacted the seller regarding this:
1049138,"I’m a Prime member and ordered something labeled Prime, sold by - but shipping speed is 3-5 days. A/B testing speed change?",I'm sorry for the trouble! Is this a large or hazmat item? Was this for multiple quantities? We'd like to help.
1049146,"Mein Paket ist seit 10 Tagen nicht mehr verfolgbar, vor 5 Tagen hätte es da sein sollen. Bitte kein Hermes mehr, nur Probleme damit","Bitte melde dich bei den Kollegen im Kundenservice, sofern noch nicht geschehen:"
1049361,"Que se entrega hoy. Lo que molesta es pagar PRIME para entrega 1 día, lo compre el Miércoles 18 a las 21.00h y no ha llegado.","Entiendo, lamento esto. Si para el final del día no se hubiera concretado la entrega por favor háznoslo saber"
1049847,"Typical Reply by CC ""Sorry for inconvenience plz return that item , Your return ll be issued once item return""",details through the secure link provided earlier? 2/2
1050412,"Whats happened to Amazon India, no chat option in app and call to cc only gets connected to cc executive only when u hve a recent order. U r degrading ur services.","Chat option is not available in mobile app, Gautam. Please reach us here: so we could assist you further."
1050685,Ya I did it on the same day itself..,You must have received an email correspondence here: 1/2
1050716,"delivery guy does not deliver phone, shows delivery done, issue gets resolved after multiple follow ups over chat and phone 1/n",Apologies for the trouble with the order. I'd like to take a closer look at this. (1/2)
1050772,"Hey since when did 2 day shipping mean 9 days? If I pay for two day shipping, I expect my items to arrive by 18/10 not 23/10!",Some items take longer to dispatch. Two-Day Shipping refers to transit time once shipped:
1051900,"I have already provided details 2 days back but so far, I haven't hear positive pl refund cashback or I will file FIR against you",received an email from social media team. You may check for it here: [2/3]
1053459,"Happy to DM my account email address, and you can look at the 3 live chat complaints raised this week, advising from there?",Hi Thomas- We wouldn't have access to any account/history here for security reasons as this is a public platform.
1053510,Wat the fuck can you do?? Ur jus testing my patience U guys r cheat fraud cheating in the name of sale fuck u guys n goodbye to Amazon,"Please don't provide your email address, as we consider it to be personal info. Our page is visible to the public. 2/2"
1053563,"But it is illegal to quote above MRP. If so, you are abetting an offence. Right?","on the website due to various reasons. To know more about pricing, click here: (2/2)"
1054807,The customer service unable to solve the issue and my product is returned. Worth service.3time call.no benefit..,I'm sorry about the order. Have you shared the details as requested above?
1055233,"😡😡 second time in 4 days, I’m in the house and can confirm this item hasn’t been delivered, help!",Oh no! Are you seeing recurring issues with the same courier: Let us know! We're here to help!
1055258,It just tells me it’s not available in the country I’m in.,"Ok, we need to look at your account. Can you contact us here:"
1056785,have not received any new mail. 1 received 48 hrs before has already been replied. please stop wasting my time in such replies & do needful.,"If you have already filled the form, you must have received an email from our team Kindly check (1/2)"
1056805,"Me lo dijo ayer, pero no me ha vuelto a decir nada, no sé ni cómo me hará el abono.","Entiendo, en este caso el vendedor tiene 48h para responder tu consulta, en caso no recibir ninguna respuesta presentar (1/2)"
1056823,"Hi Team, today also the Delivery guy refused to come to my floor and deliver the product. I have ordered several Amazon products in the past","Kindly share your details through the secure link provided earlier, we'll look into it and help you out. 2/2"
1056823,We had already raised the same last evening. Wud suggest u to take the details frm there & action appropriately,This being social media platform we don't have access to your account details. (1/2)
1057307,"Hello, your call of duty ww2 comes with a guide however is the guide digital or physical?","Hi, can you please link us to the version you're interested in & we'll take a look?"
1057320,I am having zero luck with these days. Another order that was sup to be delivered yesterday pushed to the next 3 days,"Hi Leslie, sorry to hear that! Has the carrier provided a reason for the delay?"
1057348,I have already talked cc more dan 10times so it's over plz tel me how to delete my #Amazon account.,Please share your details here: and I'll get in touch with you. 2/2
1059307,I think amazon executive are not interested in providing right assistance you can see for yourself. & this does not ends here,Please don't provide your order details as we consider it personal information. Our twitter page is visible to public. (2/2)
1059602,Thankyou. The order # is 408-1875594-4930713,"You're welcome, Harsh. Appreciate your patience and understanding. 1/2"
1060417,Thanks it was .co.uk,Thanks for confirming! Please get in touch with us here: so we can discuss options.
1060424,I m filling a fraudulent case agnst u all #Amazon fr cheating by sending me cofirmtn of my packg being delivrd wer as i havnt recevd it,Apologies for what has happened. Please share the details here: and we'll look into this personally.
1061348,Where is my product ?,We've sent a correspondence to your registered account. Please check the same and get back for further assistance.
1064873,when delivery guys come i ask hm pos mtchn but don't have the same he told me evening 6 pm I will come and I got msg from you order cancled,"I'm sorry about that, once an order is canceled it cannot be reinstated. Further, I've noted your comments and (1/2)"
1065157,I brought this bed up two flights of stairs piece by piece only to not be provided instructions. I just would like a refund.,We aren't able to securely access Amazon Account information here on Twitter. Have you been able to contact us about this?
1065688,"Am 13.09. Geht an eine Packstation, möglich ist nur ""Standardversand"", auch bei erneuter Bestellung - warum? Habe Prime.","Da mit dem Standardversand so versendet wird, dass der Artikel zum Erscheinungstag ankommt. Daher ist keine Auswahl möglich."
1066720,Kindle team just said sell it as scrap for 2000 and buy new for 10000. So I was thinking what kind of product this is...,We'd like to look into this further on your behalf. Please submit details to us here:
1066727,Received this super packaged product. Waiting for justification! Order: 404-0129973-6221120,"That for sure has happened in the transit and I am sorry for the damage, Suraj. 1/3"
1067685,"thanks Amazon ! That was very kind of yu , no wonder ur the best ... my trust reenforced 🙏🏽","You're most welcome, Ashwin. We are glad to hear that your issue was resolved. Happy shopping! :)"
1067724,"Ceux-ci font une publicité mensongère chez vous, en France, ils auraient une peine en correctionnelle et vous êtes responsables aussi","Merci de nous l'avoir signalé, c'est en soumettant cette garantie AZ que nous allons mener les vérifications nécessaires."
1070043,- fake commitment ...Fake amazon fulfillment tag...After 3days also no tracking detail available.. Order # 405-2775158-3145102,I'm sorry for the hassle you are facing regarding the delivery of your order. I request you to contact us here (1/3)
1071111,Why is this happening now?,"I'm sorry for the frustration. Currently, there are no delivery times. Please keep checking back for when they're available!"
1071126,do you guys have w delivery date yet for the Xbox one x project scorpio edition? I preordered 1st day but there is no Delivery,"I'm sorry, we don't have insight into delivery dates. It looks like the release date is November 7, though."
1072554,"..I bought prime membership yesterday, it's not showing in my account..email I'd : __email__",That's strange. We'd be glad to help you. Please connect with us here: 1/2
1075279,Putting clauses under ever changing return policy is nothing other than a brilliant way of cheating the customer..good job Amazon,"I'm sorry we'll not be able to create a return, once the return window expires. Kindly get in touch with the (1/2)"
1075308,Por suerte ya los tengo conmigo y sabiendo esto cada vez que vea que la mensajeria es Amazon Logistics haré lo mismo >.<,"Hola Ene-chan, ¿has recibido los pedidos correctamente?"
1075572,"I can provide order numbers as well as tracking numbers, carrier is: AMZL US. So, Amazon.",Thank you for letting us know. Please provide more order details here:
1077740,My order this hasn’t got here,Oh no! Can you let us know who the carrier is? We are here to help!
1077778,"Dear , your ""free 2-hr delivery"" is false advertising. If I place my order at 6:00, that would mean it would be delivered by 8:00, not an 8:00-10:00 window.","I'm sorry for the frustration! For information on the Prime Now delivery windows and times, please visit here:"
1078433,"um, please machine decision an algorithm that delivers my 5yr old's package before the very end of the day. Thx! 😱😱😱😱😱😱😱😱😱😱😱😱😱😱😱😱😱😱🎉",Hey Dana! I'm sorry the package isn't there yet. What is the current tracking listed on the order?
1078469,23rd-25th but I need it for the 25th.,"Thanks for confirming, Katlyn! What is the most recent update to the tracking information? Has this shipped out yet?"
1079086,"paid for books, won't download from Cloud to device",Have you tried to sync/ restart your device? These steps may help:
1079369,you people holding our valuable money. Your customer relationship officer are giving vEry poor response.,"Apologies for the experience, Avneesh. Please elaborate your concern for us to assist you."
1080324,sent an email to this address b/c I did not opt-in to prime but got a conf email. Says address doesn't exist. Who can I contact?,Hello there! I'm sorry for the inconvenience. Please contact us here:
1080340,why there are no subtitles available when viewing video offline?,We'd like to check this for you. Could you please help us with the movie's name?
1081453,Hasn't arrived and it's 9:10pm,I'm sorry for the wait! We've responded to your DM. Feel free to reply on either platform.
1082247,It took 3 days to install washing machine. waiting for 5 weeks. Make informed choices...,Sorry about the delay in installation. Kindly fill in your details here: and I'll look into it.
1082331,"Disappointed with your pre-order system. Pre-ordered in July, paid for shipping, item shipped 20/10 & no show today!",My apologies! What is the current status of the delivery as detailed here:
1083882,Again same with order id 07-9320621-6513117. What are you doing or concern with...,"Please don't provide your order details, we consider it to be personal information. Our page is visible to the public."
1085108,All good. New books are on the way!,"That's great! Let us know if you need anything else, Andrew! 🙂"
1085131,I can provide you with my Amazon account email id. Would that help? It's been a couple of days that I replied to 's email,Please don't post account details as this is a public forum. Have you checked your spam folder for an email from us?
1085346,I am not able to courier my product .. they are not ready to take electronic stuff,"Due to certain courier constraints, we're unable to arrange return pick up from certain pincodes. Kindly return the 1/2"
1086762,What is it w/ 😕 love the products and finding/buying from website BUT the delivery service needs looked at! 19:34 and still no item 😲,I'm sorry for the poor experience! Do you have a current order that is late/delayed that we can help you with?
1086790,already contacted you thrice but still waiting to resolve my query and status also didnt change yet,"When you contacted us previously, what options or insights were you provided?"
1087687,hi. How do i set up or find 5-digit pin? Thx,I'm sorry for the trouble setting up a pin. Do you mean for security on a Fire TV device?
1088735,Why do I pay for Amazon Prime if 50% of the stuff I order doesn’t come in two days???,"I'm sorry your having this experience. Is there an order your currently waiting on, Diana? We'd like to help if possible!"
1089232,This filter is not consistent. Try Bra or Lingerie for instance. Size is not part of the filters. It worked for men's shorts though. Tried it on the web using mobile phone.,"I understand your concern, I've noted your comments and have forwarded your feedback internally."
1091274,Also called today and was told it should be here by 5pm today. But nothing. Now being told tomorrow.,Do you see an updated status with your tracking information?
1092361,what's going on? Why #MrRobot ' s season 2 is unavailable in Italy?,There aren't any updates at the moment but stay tuned for more info!
1094203,I had filed return on 6th but yet no one had came to pickup. I had complained three times to ur customer service but now they blocked my no.,I'm sorry the item hasn't been picked yet. I'd like to look into the issue and set things right. Please provide your 1/2
1094268,"pls check, my order # 404-5726716-4364338 not received by myself but your tracking status showing delivered. HOW? Contact imdtly",I'm sorry the tracking for the order has been updated as delivered even though you haven't received the package. This 1/n
1095113,some of us needed our packages and paid extra for them to be here a certain time,"I'm sorry about this issue, Ashley! We'd like to look into this with you in real-time here:"
1095208,"Hello j'peux plus me co sur votre site depuis firefox, j'ai ça a chaque fois :/","Bonjour Nicolas, je suis désolée pour cela. Avez-vous essayé un autre navigateur?"
1095822,I urged you all people to never buy from Amazon. Their delivery estimate is just insane. #AmazonIsCrook,We apologize for the inconvenience. Please contact us here: and we'll help you.
1096658,So now these guys are not saying a word about my order . This is why is much better than u guys,I do get your concern. Kindly fill in your details here: and I'll help you with it.
1096702,Just stop playing game like sorry for delay like that am not requesting you send me the complimentary gift am telling send i need,We've sent you a correspondence. I request you to kindly check that and revert.
1097820,After paying the delivery charges still amazon give me the estimated date of delivery after 10 days #AmazonIsCrooks,"courier services available to your address, availability of the item etc. We believe our estimates are accurate, 2/3"
1098640,What type of information you bull shit ten days are go but nothing happen my order never come,Apologies for the stretch. Kindly share your details via link mentioned earlier and we'll be happy to help.
1099745,"You cannot do it, worst, what did u do on by escalating 3 times",I'll get back to you. 2/2
1100407,This process followed by several times but didn't work??,That's Strange! Please connect with our support team here: so that we could assist you with your issue.
1100608,I ordered a mic for my brother 2 days ago it shows on my card statement just no order confirmation. Doesn't even show I ordered it!!,"Truly sorry for any inconvenience! With Twitter, we have no access to account or order information. Have you received any order confirmation e-mails? Please, let us know. We're here for you!"
1100614,Why is translating English text on screen to German? Watching in English with all subtitles disabled. It’s like it’s trying to be annoying,Unfortunately burned in subtitles cannot be disabled. I will forward your feedback.
1101723,Never get into a trap of discounts. They stock all the faulty products and tag a #SALE on it.,"We've sent a correspondence to your registered email address, request you to check the same."
1103564,"Hope your internal department will take it seriously and solve it, I will provide my details too for further process",We've made a note of your comments and passed it along to the concerned team. We'd appreciate your understanding.
1103571,"""Certificat de signature OCSP invalide dans la réponse OCSP. Code d’erreur : SEC_ERROR_OCSP_INVALID_SIGNING_CERT"" sous Firefox",Merci de nous l'avoir signalé. Nous remontons l'information.
1103666,how many times i need to tell u the story. u aasholes,We will not be able to check your details here. Could you let us know what went wrong?
1104405,card was swiped twice for 1 transaction.chasing delivery team since last 13 days for refund.cs not,Apologies for the trouble you've had. Have you escalated this to our support team here: for help?
1104591,"nope, only 1 email address",Have you contacted us: so an agent can look into this further for you?
1105753,It's a greater problem that you could predict the placement of order hours in advance!!,Sorry for the confusion. I'll be sure to pass on your feedback to our specialist team internally and work on it.
1105846,partially with the customers My friend got same order at same price but my order has been cancelled.,"to the same to know the reason for the cancellation. Also, please don't provide your order details, as (2/3)"
1106485,Why should i contact support? Why there was no quality check before shipping? #Fraud #ecommerce #scam,"I understand your concern. However, we will not be able to access your account over Twitter. Kindly contact (1/2)"
1106494,Pathetic experience with my order id 404-3012954-9093969. Still waiting for a return of 27K,"Please don't provide your order details, as we consider it to be personal information. Our Twitter page is public.​"
1106578,So I go to my neighbors and go did you see my amazon packages and they go no but then what,I'm sorry for the trouble! What's the latest tracking/delivery date shown in Your Orders here:
1107248,So uhm changed from Wish- to Wedding-List just now. Anything you guys know about my relationship that I don't? 🤔🤔🤔,"Hi, i can not comprehend that! Is it on Amazon.de or Btw...congrats ;-)"
1107258,Need your intervention for this issue.,We apologize for the inconvenience. Please contact our support team here: and we'll be sure to help.
1107846,"is there a limit to the number of playlists I can have? I can't go below my mid-""r's"" on","Hey, get in touch with us here: so we can help you out"
1107900,If they're too lazy to buzz my bell twice why would they leave it with a neighbour?,Does it mention the name of the carrier delivering to you?
1108203,Merci ! En espérant une amélioration globale du service.,"Je vous en prie, sachez que c'est grâce à vos remontées que nos services s'améliorent."
1108267,"Product I bought off has now broken, how on earth do I speak to anyone who can help me get a replacement?! Been going round in circles on the website for about an hour...! ANNOYING",Here's a link to reach out to us directly. Skip 1 (scroll down) and select a reason for the call:
1108280,"for some reason, there is no option in the prime membership tab to cancel my prime membership, what do I do?",If you can't cancel it following these steps: Please reach out for help:
1108293,i appreciate you guys! But they did absolutely nothing. Thanks anyways.,"I realize this isn't ideal, but you can edit the address for each of your payment methods here:"
1108302,I figured it out!! Thanks for responding and trying to help 😊🖒,You are very welcome! We are always here for you!
1108785,It says its already cancelled,"What you're seeing may be an authorization charge, which should fall off shortly. More info:"
1110269,still no sign of my order. Please help.,I'm sorry! Can you let us know who the carrier was that marked it as delivered?
1110742,your whole customer service team is completely useless. Why can no one contact me from your account management team.,Our account specialists only communicate via e-mail. Please wait 1-2 business days for a response.
1111560,Just got the product finally delivered today.,We're glad the order has been delivered. We apologize for the incorrect tracking update. We've recorded your (1/3)
1113341,I love having to wait 8 days for my package to not be shipped. I bought it before Thanksgiving. So ridiculous,I'm sorry for the frustration! Have we missed the delivery date provided in the order confirmation e-mail: We'd like to assist.
1113594,I pay for Prime but still get items arriving 1 to 2 weeks not days. They have the gall to tell me I can call the shipper. SERIOUSLY,Sorry to hear. Was it sold directly by Amazon or a marketplace seller?
1113853,This is the 2nd time in 2 months that I have been a victim to your false claims and imaginary delivery attempt.,I'm sorry for the trouble. Kindly share your details in the link provided earlier and we'll reach out to you.
1113860,unable to delete card via Manage Payment Methods page. Is the issue brought to notice already? #CardManagement #Amazon,"Thanks for bringing this to our notice, I have forwarded this to our internal teams and we'll sort this out quickly."
1114406,I just play it on fire stick it playing but on phone it causing problem,It seems to be working fine. I just checked. Kindly uninstall and reinstall the App and it should work. Keep us posted.
1114901,"hi, I have a parcel that estimated delivery today I haven’t had a dispatch email, could you tell me when my parcel is due please","Hi, sorry to hear that. What's the current status of the tracking: Is the order fulfilled by Amazon?"
1115209,Jazz seems to think your remote is a new chew toy for her! Where can we get a new one from?,Little rascal! Still cute though. 😍🐶 Follow the link and we may be able to arrange something 😉
1115831,I am trying to close account of Neha mehta Mobile number 9890081943 and have sent mail on 23/10. Still matter pending.,That's odd! I'm sorry for the delay. Let me help you out in closing the account. Please drop your details here(1/2)
1116243,And giving thx to Amazon.. One of the best shopping app..,Loved reading your kind words. Hope Sherry gets his share of chill there.
1116988,WHY DOES AMAZON ALWAYS CAUSE PROBLEMS FOR ME LIKE THIS IS THE 4th EFFING TIME THEY CHARGED ME FOR SUBSCRIPTIONS THAT I DIDNT SIGN UP FOR 😤😤,"I am so sorry for the inconvenience, will you tell us the description of the subscription that was charged to your credit card?"
1117067,got it thank you sooo much amazon,"You're most welcome, Jay."
1117737,Does Amazon offer discount for hosting/cloud services for Prime Member?,"Hi there, here's a list of all the benefits you receive as a Prime member:"
1118635,Finally got my package today. Ordered on Prime on Thursday with overnight shipping. Too late to even use what I ordered. What will you do?,I understand your frustration. You can see your available return options here:
1119240,"hi, error code AMZ-99-WLR:GB on Samsung TV and your app won't load. Never happened before. What do I do please?","Hey, Richard. Sorry for the trouble! To confirm, did your TV come with the Amazon app pre-installed?"
1119628,When are you bringing Season 3 to India #MrRobot,We don't have an announcement yet. Please stay tuned.
1119995,Has anyone else too experienced the pathetic customer service from Amazon? Fed up of playing hide and seek with my order!,"I'd like to take a closer look into this, please share your details on the link here: 2/2"
1121630,Have the winners been announced? Were the winners announced by for this deal contest?,"The winners will be announced soon and if you're one of the lucky winners, you'll be contacted by the concerned team."
1121631,#iphone8plus 256 gb is out of stock. Get it restocked. #DiwaliKiTayyari #AmazonGreatIndianFestival,We update our stock depending on the data we receive from our sellers. Stay tuned to the website for further updates.
1122315,Tried it but still no response from airtel. I am not sure what to do. Do you have any contact where I can escalate ?,"I am afraid, regarding any query on this offer the service provider will be the best to assist you. (1/2)"
1122821,I have already submitted my passport and driving license scan copy .. why Aadhar and pan ?,Kindly get in touch with our support team through the secure link above. We'll be glad to help you.
1123680,Hello Amazon I won a contest pls see the pic below and wd like to DM my contact Details,Congratulations! Please DM your details and our team will connect with you.
1125014,"my package was delivered to the wrong place, signed for by someone I don't know, and a picture is on my account of a front porch I don't recognize. Please help!","I'm sorry to hear this! We'd like to look into this further. When you have a moment, please provide us with your details here:"
1127238,Acabo de mirarlo y me sale entrega garantizada el 26 WTF? 😅,Se encuentra a tiempo entonces :) En caso de que no llegue en la fecha ofrecida puedes contacar con nuestro Servicio al Cliente
1127969,Residential. I've had many parcels delivered from Amazon directly when not at home and they have all been delivered first time,"Sorry for the inconvenience Gary, will you be able to collect it tomorrow?"
1127981,i ordered bean bag on 7th OCT still not received. order no : 402-8267992-7563519 it's more than 18 day worst customer support,I'm sorry about that. Please fill this form: and I’ll contact you soon. 1/2
1128036,Hi my order no. #406-9598128-9365154. I have bouth this mobile with No cost emi.... Have you given confirmation to bank,"Please don't provide your order details, we consider it to be personal information. Our page is visible to the public."
1128044,In app I go 2->Customer Service->Contact us->Call Customer Service->Return & Refunds->Call us now Then on a call it says unable 2 find order,Please drop your details here: so that we can get in touch with you. (2/2)
1128122,Jst had the worst delivery experience 4m u guys in my entire life..Now no more prime renewal 2.. m coming back 2 u.,Could you please elaborate your query to assist you further. (2/2)
1128127,"kindle paper white is being sold at global store @ USD 90, Rs 6000 max.... But in India, it is being sold at Rs 10999..too Bad :(","As Amazon.in is a retail marketplace, the products are sold by individual sellers/suppliers; therefore, (1/2)"
1129306,"Oui, ça je sais mais pourquoi sur votre site c'est quand même marqué livraison rapide ? 1 mois c'est pas rapide c'est ça que je comprend pas",3 semaines ou un mois est le délai le plus court pour ce vendeur surtout lorsque c'est expédié d'un autre pays.
1129354,"Promotion cannot be applied to this purchase, but it matches all requirements hence why i called",Can you provide us with the link for where you are seeing this promotion? We're here to help.
1131230,"V much satisfied with the products of , I only wish they cud improve the packing part. 4 products coming from chandigarh to Imphal","Thank you for providing us your valuable feedback. Also, kindly share the feedback on packaging 1/2"
1131336,only supporting there courier service not helping customer at all,Sorry about the delayed order. May I know if you reported this to our support team here:
1132099,Call me on 7975863345,"I understand your concern. However, Twitter being a social media platform, we'll not be able to access your Amazon 1/3"
1133092,"I have already shared the email, what should I write in reply to this. The email said to call and on call i ask to mail.....","If you already shared your details, you should've received a correspondence from us. 1/2"
1133481,", NO discount on quality Books. Do something.😩😩😩😩.",Your comments are deeply valued. I'll ensure to share your feedback internally to work on .
1134056,Ok I'll wait till 8PM.,"Appreciate your patience, Akash. Do keep us posted if you need any further assistance."
1135884,Grazie! Ma io compro prevalentemente libri e dvd 😊,Ok 😊 Suggerimento rivisto e corretto: 😉
1135904,Hi! I've been charged for Amazon Prime through my bank but in my account I am not listed as a member. Can this fee be recalled?,"Hi, have you got another Amazon amount under a different email address perhaps?"
1136259,I want to buy another mobile.,"Sahil, I'm afraid we don't accept remorse returns for mobile phones. We have a 10 day replacement only policy for damaged 1/2"
1136267,Almost 70% products aren't eligible for 1 day delivery and prime video hasn't all top movies.,"The eligibility of the products, being shipped by one day shipping method, depends on your Pin code. [1/2]"
1136584,great harressment while returning product which was dead on arrival.,That's quite a comment! Could you please tell elaborate on what went wrong?
1137305,Tweeted you first. My BF made a Prime order and I was in majority of the day yesterday. No knock. Parcel had spent the night outside.,Apologies - Please have the account holder get in touch- Happy to escalate and discuss available options
1137442,Why you guys are not providing delivery guy's contact no. If your delivery guy's can't make call to customers.,details here: and I’ll contact you soon. 2/2
1137741,Hi I’ve ordered an item & it was not delivered & it’s been absolutely hard to get my item or someone to respond to my emails,That's not what we want to hear! Has there been any update on your tracking listed here:
1137747,i won skybags blue backpack in app treasure hunt contest i haven't received product yet. help ASAP,I'd like to have a closer look at this. Please write to us here: and I'll reach out to you.
1137839,Thanks for a quick response. Ive emailed about this issue. The carrier is AMZL US,Thank you for that! A specialist from my team would like to reach out to you personally on this:
1138599,m keep getting wrong product agaon and again.. whatit this...?,so they can go over available options with you: (2/2)
1140858,slightly confused why i’m seeing this today as the package was delivered yesterday?,I'm sorry we sent you a notification. Please just disregard this and let us know if it happens again.
1140904,"Now that I know it has been delivered, it's not an issue.",Glad to hear that the product was delivered. I'll ensure to forward this feedback to concerned team internally for a review.
1141482,I was expecting my order today but haven't received yet. Customer care is of no help.,I'm sorry the delivery didn't meet your expectations. Could you let us know if we happened to miss the delivery date?
1141485,I know you won't be replying there so try to help here(if you can) and deliver my product.,"This being a public platform, we wouldn't be able to check order details, please share them using the link provided."
1143118,"can you please deliver my Order Id: 171-9524592-9009117 before 9 tmr morning, I have a flight to catch and I need it with me","We aim to deliver as per the estimated delivery date assigned to packages. Unfortunately, we'd not be able to promise a 1/3"
1143175,"Yep, I got the email but nothing happened after that. Will just sending a mail resolve the issue?","My apologies for the trouble, Ganesh. Kindly revert to the email for more information on this."
1143185,Oh thats ok...my niece didnt check prperly...it was delivered alright...tx!,You're most welcome. Thanks for keeping us posted.
1146576,Yes once again it made it to my city in two days but then sits at the post office until the 3rd or 4ty day. USPS is never 2 day for us,"I'm very sorry about this! When you can, please leave carrier feedback for your recent orders here:"
1146594,"trying to purchase JioCinema app on Amazon fire stick, getting below error. Can u help?",That's strange. Kindly reach out to our support team here: They'll look into this for you.
1146941,"oi, vocês podem me ajudar?","Com muito prazer J, me diga, como posso lhe ajudar?"
1147798,Yes. I chose the option of contact seller and gave a feedback.,I request you to please wait for a reply from the seller and if he is not responding in 24-48 hours. Keep us posted.
1147842,"Yes, i got an email which didn't help either. That courier service is bad they received the item on 13th. Amazon CS not helping",We would like to help you. Please share your details with us here: We'll get in touch shortly.
1148279,Helping me and said it's amazon's problem,"Just to confirm, our Customer Support team referred you to EA and today, EA referred you back to us?"
1148714,got fake charger from selr WireZone & then I checked comment so I got to knw this usr who givs 5 star to only WireZone's products,"Sellers are committed to sell genuine products. Please reach out to us, here: (1/2)"
1149700,Been on this since friday! when it was supposed to arrive...,"This isn't what we expect, truly sorry! Who is the carrier delivering? Check here:"
1151165,Great joke....Refer screen shot... Seriously #amazon tumse na ho payega....,"I'm sorry about the delay in the delivery. We'd like to set things right, kindly respond to our latest email."
1151731,The problem is remain unsolved till date and it's kind of harrasment watching videos on this horrible app!! #AmazonPrime,I'm truly sorry about this. Please fill this form: and I’ll contact you at the earliest.
1151739,Haven't received any response from your team. The problem is still there and it's terribly annoying!! #Fedup with your services. #PrimeVideo #AmazonPrime,I get your disappointment. Could you check here: and confirm If you have received any email correspondence from the social media team?
1152691,"Honestidad Brutal de Calamaro y Unplugged in New York de Nirvana, en vinyl. ¡Gracias! \o/",¡Excelente! Esperamos que los disfrutes. 😊
1153722,my request to speak to a supervisor was ignored. csr is filling out yet another form. this is the 3rd time I have heard this.,I'd like to have a member of my team look into this with you. Please submit your information here:
1153754,Déjà fait c'est loin d'être la première fois. Quand ça arrive trop souvent il faudrait peut-être songer à dédommager...,Notre service client prendra le relais pour investiguer les circonstances de ce retard.
1155367,price highlighted 599 when being ordered it bcms 1499 !!! #DiwaliKiTayari #amazon #AmazonIN #AmazonGreatIndianFestival or loot ??,You may try placing the order with different seller who is offering lower price. Please keep us posted. (2/2).
1156657,j'ai passé une commande samedi pour livraison le 25 ou 26 mais elle n'est toujours pas expédiée 😭😭. Mais que se passe t'il ??,"Bonjour, je suis désolé d'apprendre cela. Avez-vous contacté notre service client afin d'effectuer des recherches ?"
1157275,Please try to priotise once it reaches destination,We cannot exchange a promise for faster delivery but we'll try our best.
1159351,tried to add towels to my wedding registry + accidentally ordered them. now being charged a fee to return. can you help?,"Since we do not have account access here on Twitter, your best option would be to contact us here:"
1160643,If I buy something from AllsortsAccessoriesUK but they say Amazon handle the returns does this qualify for free returns? Thanks!,"Hi, Abbie! Please check out our Returns Policy help page here: I hope this helps!"
1161601,Wie soll ich mich denn bitte bei Amazon einloggen wenn mein Konto geschlossen wurde 🙄,"Klicke auf ""Anmeldung überspringen"" oder ""Passwort vergessen"". Einen Klick weiter kannst du ""Kundenservice"" wählen."
1161623,I will keep that mind I have provided you so you can trace me through expecting call from your side thank you Team,"We won't be able to call you from here. Kindly confirm,if you've tried getting in touch with our team using previous link?"
1161634,"you fraud , i will tell all , you do fraud and then blame consumer , if dought do what is needed",I'm sorry for the trouble you have been through. If you've filled the details in the link provided earlier 1/2
1163344,For the past three days your site hasn't been loading properly. This is what I see when I visit:,"Oh no! Have you tried to clear cache/cookies? Also, are you using the shopping app or the desktop version?"
1164588,"Yes & was told to call them directly so they can gather her account info. She has spoken to them numerous times, with no results yet",When was the last time she attempted to reach out to us?
1164617,We have a serious problem now with what just happened today at my home with an Amazon driver. Anyone there at Amazon care?,"We'd like to assist. Without providing any order details, will you tell us more about what's going on?"
1165326,That is correct yes. Says it was handed to resident at 21:28 yesterday and I was home at this point nobody knocked or delivered anything,"I'm sorry you still haven't received it. Please try these steps, and keep us posted:"
1165648,Just paid for one day shipping and my package still only arriving on Thursday ?,Some items may require more time to process for shipment. Shipping times start when the item leaves the warehouse. (1/2)
1165669,"Hey I need some help, how do I contact customer support?",Please use this link: My colleagues are pleased to assist you.
1166659,"Yeah, one of the reasons could be ‘cheating’","Thank you for your feedback, Piyush. We will have the feedback forwarded to the concerned team internally."
1166672,You can contact me on 9182676462 also,"This being a public platform, we wouldn't be able to check your order/account related info from here; hence the request. 1/3"
1166677,doing its fine parking again preventing me from getting on my drive for 15minutes! 😠😠😠😠,I'm sorry for how the truck was parked! We'd like to document the experience so please reach us here:
1166682,"tenéis que mirar lo de de xq no dan servicio que se promete, xra q quiero #Prime si nunca llega???","Hola, lamento las molestias. ¿Tienes algún pedido pendiente de entrega con actualmente?"
1167747,Why on tweeter and not on mail,We are following up with your concern in the link provided earlier. The resolution will be sent to your email ID by our team.
1168471,just keeps saying incorrect password.... and i got an email saying i just purchased something.,We'd be happy to look into this with you. Please click here to call or e-mail:
1168487,"No offer on books, why?",We do have certain offers running on books. Please click here: to view them.
1168759,"Hi KJ, Now on Safari, and getting this! I’m just trying to set up music unlimited . Please help","We are here to help you, Keith! Have you tried clearing your browser history?"
1171305,why Order# 402-0976232-7667537 is so late,"Sorry for the delay, Rajesh. Please reach out to us via: and we will have this checked. 1/2"
1171320,"Issues wth camera No response, request for replacement rejected. Not acceptable. Immidiate action req","Please don't provide your details, we consider it personal information. Our Twitter page is visible to public. 3/3"
1171358,Carrier was AMZL US,"I am so sorry about this delivery issue, Joshua. Please give us some information here:"
1171388,"Hola, tengo un problema con el cobro extra de impuesto con un paquete. Algún contacto para resolver mis dudas? Saludo!",Hola Ricardo. ¿Nos darías más detalles del inconveniente?
1172163,"Ordered 14-Oct, AmazonCC asked me to wait till 17-Oct then 24-Oct and now 26-Oct to work on escalation for not receiving product",team for the further assistance. 2/2
1172189,do you actually read emails correctly...no you don’t. Trying to change dads email address for nearly two weeks he has no access,I can see how this is troubling! Pls have your dad contact to us by phone at the number listed here:
1173020,U are fast & fab but why so much #plastic #packaging for my little tool?,I see what you mean! We're always looking to improve! Please submit direct packaging feedback here:
1173045,Where is my order please? Bought it with Prime delivery 3 days ago. Due 2 days ago. Still isn’t here. Item was needed yesterday.,"I understand your frustration, Emily. We want to help! Please reach out to us here:"
1174749,La prochaine fois merci de ne pas me rappeler à 22h30 Cordialement,"Bonsoir, avez-vous demandé d'être rappelé par notre service je vous prie ?"
1176252,Yes - between the 24th of Oct and the 27th. However the ETA for shipping was showing as the 23rd all along and its the 24th and still hasnt,"Fear not! If the parcel is not received by the 27th let us know, we are here to help!"
1176259,They have sent several emails my way lying and asking for me to change my review when they have me a refund. 2/2,2/2 You can find this by clicking on the seller's name from the order details here:
1176268,I have a 40 ebooks on my PC that will not upload to my Kindle. They all show up in my desktop version of Kindle. Anybody have any ideas why?,"We're happy to help if we can! If the books aren't from Amazon, you may be able to e-mail them:"
1177166,How do I log out of your app!?,Hi! You can log out of the app under the Settings option.
1178071,Been dealing with the last 3 days and getting absolutely nowhere 😤,"I'm sorry for the trouble! We'd like to try to help. Without sharing account info, can you please tell us what's going on?"
1179698,Hey your delivery guy decided to leave the boxes for the entire building in our office. Guess I'm the delivery guy now?,I'm so sorry to see this! We want your orders secure. Can you let us know the carrier who delivered these items?
1181430,but then a few minutes later it says i need to revise it but it hasnt said that for the other order 2/2,Thanks for confirming- Have you spoken to your Bank about the card not being accepted?
1185769,"Según yo, ahora si fueron ustedes","Por favor, reporta lo sucedido directamente con nuestro Servicio al Cliente:"
1186509,2/2 Prime used to b incredible svc & items would often ship w/in hrs of order. Noticeably worse svc if 2 full biz days BEFORE item ships.,We certainly understand your frustration! We strive to meet the date given in check out. Let us know if we miss our mark.
1187107,"Whats going on with the Samurai Jack bluray set? Ordered 10 days ago, still hasnt shipped ORDER # 111-2408987-9730628","We can't access your orders here, but we want to look into this for you. What was the estimated delivery date for your order?"
1188147,why does your site say my bts love yourself: her album was delivered directly to a resident Yet I do not have it or own it 🤔😢,I'm sorry you haven't received your package. Did you place your order on or
1188975,THIRD RATED LOOTS! BASTARDS! TAKE MONEY & DON’T DELIVER IS THE NEW AGE CHEATING METHOD BY YOU GUYS!,Sorry for the situation. An email has already been sent with a reply. Kindly check it here:
1189437,"Hey , why do you have 2FA on your website if you're blocking my account for ""security reasons"" each time I order something ?","Hi, sorry to hear that. What Amazon website do you use?"
1189461,Did not received my package .,Could you please confirm if we have missed the mentioned time frame? 2/2
1189474,Yes it's in my default settings. It vanished about a month ago but I reset it however no change in delivery.,Unfortunately not all carriers (such as Royal Mail) follow delivery instructions. They have their own delivery procedure. 1/2
1189745,I am done sharing details with you guys Call me on 9807744986 ASAP,"Please don't provide your order details, we consider it to be personal information. Our page is visible to the public. 3/3"
1190837,no response to negative delivery feedback. Even negative review was denied posting..Shame on Amazon India,Request you to submit your delivery feedback here: Kindly check the review guidelines (1/2)
1191741,More than 1 Hour --Amazon Mighty Amazon Help went int Hibernation? What else you want?,"We're following up with your concern via DM, please check and reply."
1192302,That link led me to Amazon UK but I will find the appropriate page for my country. Thank you.,Sorry about that! Can you reach us here:
1193409,Me: I can pay extra and get same-day delivery? What a lifesaver! I 100% need this tonight! : Lol by “same day” we mean 2-3 days.,I'm so sorry for the inconvenience! We'd like to look into some options in real time here:
1195125,Its not like that when already mentioned that shipping is free and you are applying your own delivery charges.,"I understand your concern, Divya. However, as the order total is less than Rs. 599 you were charged Rs.50 as delivery fee."
1195140,All I'm able to load is a weird html (sort of) page on yr site. Super annoying. Same on chrome/explorer/kindle/desktop/netbook,I'm sorry for the issues you're experiencing! I'd recommend resetting your router. Please keep us updated!
1195813,doesnt prime mean 2 day shipping ?,Not all size are Prime eligible. You can learn more about Prime eligible items here:
1197491,"I am already Prime Member, can't it just be accessed by mobile/PC?","ios, Fire tv , PC etc. For other details, refer: 3/3"
1197518,Really not happy with Amazon Services.Broken Product Order #407 -8442259-6741155.Get Delivery after replacement. Not satisfied.,this link: Please don’t provide your details as we consider them to be 2/3
1197962,Mrp 295 ko 325 show karna. What an business idea sirji...,"For more information, please check here: (2/2)"
1198556,"Dear I guess you didn't get it, I want my phone on the same rate and not the refund. order no. 406-3315427-3272329","Please don't provide your order details, we consider it to be personal information. Our page is visible to the public."
1199045,"when I add a new card to my account, doesn't ask for the 3 digit code at the back. I assume it wouldn't approve any purchase.",Thanks for reacjing out. The CVC is neither required to save the card on your account nor to make a purchase.
1199439,Still its not showing download option pls do need full 🙏,"Further, I've shared your comments with our prime video team. Please stay tuned. (2/2)"
1200314,"brauche hilfe. seit monaten hat alexa ausfälle und kann hue lampen nicht steuern. alles probiert... update, reinstall, etc...",Meld dich bitte mal direkt bei den Spezialisten im Kundenserivce:
1200552,waiting for prime music!!,"near future would be available across other devices & operating systems including Android, ios, Fire tv , PC etc. 2/3"
1200808,"So wird man als Primekunde behandelt. Wozu zahlt man n haufen Geld für? Vorher stand da, dass am 25. versendet & am 27. kommt...","Wie es zu dieser kurzfristigen Verzögerung kommt, kann ich leider nicht sagen. Lass das prüfen:"
1201249,"Where? When I go to Prime settings, it's just colours and stuff. And a FAQ said I'd have to go to my Amazon acc.",You can find your Prime settings here: Let us know if we can further assist.
1201280,Plz search the courier by my number 8745920886 of date 17 October,and we'll reach out to you. 2/2
1201305,"Mark B, Thanks for your help with my delivery problem",Glad Mark was able to help out Steve- Is the issue since resolved?
1202829,"Order171-0310302-8447572 dtd 01.08.17 redmi4IMEI not printed on invoice,given my mail will accept the same at service centre?","order details, we consider it to be personal information. Our page is visible to the public. (3/3)"
1202835,to my order 405-2015986-5040335 Casio watch not deliverd. Tried call /Email to amazon - didnt work.. 4 days now & havnt receivd,Apologies! I'll help you with this. Please fill this form: and I’ll contact you soon. 1/2
1206197,Why only email option available to contact. Call gets disconnected saying we found no order and no chat option too why ????,Please select an order from your account while requesting a call back from us.
1206949,your sale is probably to grab custoners but what about customer serv and customer satisfaction ???,We've responded to your query here:
1207586,"(I know how the retrieve invoices for an order from my account). The actual VAT invoice, PDF is not there.",Hi Damian- Is the order sold by Amazon directly or by a Seller on Amazon?
1207598,Ahhh twitter - do you know what I love that's what! It's just sooooo convenient :)),Thank you. :) We love you too....but we do feel the need to see other people.
1207606,just installed the latest 4k firetv box and is no where to be found on your system? has it been pulled?,Sorry to hear. What Amazon site is your a/c associated with? For example etc
1207970,"Weiß gar nicht, wie oft ich schon zum Zoll geladen wurde weil ich vermeintliche Schnäppchen gekauft habe und dann nachversteuern durfte =/",Vielleicht hilft hier weiter. Bitte schau mal unter Zoll- und Einfuhrgebühren. Viele Grüße
1208378,"my device has frozen for days, I have tried restart, recharge, let battery die, but its only new, bought in August, help pls",If holding down the Power button for 40 seconds doesn't help. Reach us here: for live-troubleshooting
1208383,"Hey kann es sein, dass der neue Fire TV auch nach dem Day One Update noch etwas Denglisch spricht? Hauptoberfläche ist auf deutsch, aber die Menüs beim Videoplayback sind auf Englisch.",Hast du schon einen Neustart versucht? Besteht dies dann weiterhin?
1208749,You guys don't deliver the product and ask me to order again.. Wow..that's what the sale is all about..,We apologize for the inconvenience. We'll investigate this issue further and ensure this isn't repeated in the future.
1209080,I live in corum turkey. Yes use 11/10/2017 my card but i don't use it copy my card information,"I'm sorry for the troubles! Just to clarify did you use amazon.in,"
1209454,merci! pouvons-nous passer en dm?,"Oui, vous pouvez nous contacter en DM."
1209506,I have replied to your email in afternoon and your team told it will be delivered today EOD. But again I received mail with old status.,I'm sorry about the hassle. Kindly respond to the email which has been sent by us. We'll get back with an update.
1209810,"1st pathetic delivery service, followed by not trustworthy customer service.5 calls still not able 2 get da consignment","I'm sorry that you haven't received your package yet. I’d like to take a closer look and help you, please fill (1/2)"
1209890,happy with your service - just sometimes the packaging could be improved #amazon #Packaging,Sorry about this Markus. Which Amazon website did you purchase the order on?
1210183,Do you have the complaints email address as the web chat service gave me an invalid address?!,If you reach us here: we can escalate your email internally.
1210667,"Payed in advance for OnePlus5,wich was undelivered with FALSE reason:rejected by buyer,Still want this product,plz HELP",I'm sorry you've not received your order. Kindly report it to our support team 1/2
1212691,I have already provided my details on the given link,Could you confirm receiving an email from our team here: ?
1213038,We received an Amazon box of a dozen body lotions that we didn’t order. What now? #weird,Was the package addressed to you? Could it have been a gift?
1213444,"mais de duas semanas esperando uma estimativa de envio de livro e nada. de que adianta comprar livro na pré-venda, então, uai? :/","Olá Rafaela, assim que ele estiver disponível, você receberá uma notificação por e-mail com a data estimada de entrega."
1214457,There is no way I can post this for £4.75. Its huge!,"Hi Martin. What were you advised when you spoke to us via the ""Contact Us"" link?"
1214489,"desde ontem só consigo finalizar o pagamento clicando na opção ""compre agora com 1-clique"" na opção ""comprar agora"" não finaliza","Oi, a opção de ""Comprar agora"" só está disponível para livros físicos e dispositivos Kindle."
1214491,"Estupenda la serie pero se me ha hecho muy corta, espero que saquéis más Capítulos","Hola Garci, siempre estamos planeando sorprenderte, te sugiero visitar nuestro site regularmente, nuestras (1/2)"
1215433,Dear why no kannada movies on Amazon Prime yet?,"as a feedback internally. If and when available, you'll be able to see it on our website. 2/2"
1215515,Warum ist bei keinem #FireTV in 60fps verfügbar?,Unsere Streaming-Formate findest du hier: Feedback zu FPS gebe ich gerne weiter. Gruß
1215517,Oui. On me répond que l'article ne pourra pas être envoyé car le prix a changé. Je ne comprends pas le rapport puisque c'était une promo.,Vous pouvez remplir ce formulaire : afin de pouvoir consulter votre compte et vous aider
1217431,"The items were sold by you, amazon. I have No idea where it has been since Monday.",We'd like to take a better look at this with you. Please reach out to us via phone/chat here:
1217488,Highly disappointing i had clearly mentioned i'm nt going2use amazon. i want refund in my credit card& reply is really pathetic,I understand your concern. Kindly write back to the email you received from us and we'll contact you soon. (1/2)
1217495,this is d issue customers least exp service is ur best. shields dubious fake&fraudulent sellers no action on seller #BoycottAmazon,"I get your upset! For further assistance, I request you to reply to the correspondence sent from our team."
1220797,"When your preferred place is with neighbours as you state in your preferred place if not in... Behind wheelie bin, available to be seen by the whole street and out in bad weather?! Fantastic... 😡",I am so sorry for your poor experience with us! Was any of your items damaged?
1220820,And why would the subtitles default language be deutsch? Cant Change it either.,"Are you using the Amazon Video App on your TV, Blu-ray Player, etc. or an Amazon Device?"
1220846,todos mis pedidos llegan antes de lo esperado; llega lo que pedí y como lo pedí. Definitivamente me encanta comprar con ustedes <3 (:,"Hola Rodrigo, que alegría nos da que compartas tus experiencias positivas con nosotros ❤️ ¿Cuál ha sido tu compra favorita?"
1220908,"Tried last night, got someone who advised technically I dont qualify for the offer as purchase we’re made by 2 diff people from same list",Very sorry to for the confusion. Here are the terms and conditions for this promotion:
1220926,Well what's really annoying is that you have listed it as delivered but it's not here. The date given was yesterday,I'm sorry about this! Please reach out to us here: so we can look into this delivery.
1221945,my parcel said it was delivered and handed to me yesterday but i was out and it's no where to be seen! How do i report this?,Oh dear! Please check this out Please keep us updated.
1222635,Thanks for this wonderful gifts. 🙏 Got this on #guesswhoevent 😊,Ah! That's quite a collection you've won. Congratulations on the same.
1223140,"Well, I wanted to purchase a bicycle but they don’t deliver it to my location. Most of the items that are on the site don’t get delivered.",We apologize for the disappointment. The delivery of products depend on the serviceability of (1/2)
1223173,L'article a été retourné par ce qu'il n'a pas été récupéré à temps dans un point relais (suite à un problème de livraison avec prime),"Dans ce cas, le remboursement se fait automatiquement à réception du retour."
1223543,Merci pour le Fire Stick à 7€ avec la réduc prime et mon chèque cadeau ;),Oh super ! 😍 Il ne reste plus que bien profiter de votre TV. 😉
1223737,some guy at Amazon is probably looking at my order history and wondering why I’ve bought three hammocks in the past year,Hey Douglas! I am very intrigued to know what you've been doing for the last year if you've ordered 3 hammocks. Chilling in the Bahamas? 🏝️
1223743,"Repito, donde puedo poner una reclamación?",Para poner una reclamación respecto a lo sucedido puedes contactar con nuestros compañeros de Servicio al Cliente. Ellos te guiarán y te brindarán la ayuda que mereces. Saludos.
1225204,Serious waste right here,Thank you for bringing this to our attention; we'd love to document your input if you have a minute:
1225681,"Jab place ni krna h order to leta hi kyu h, kal (1 mahine or 4 din baad) amazon ne mera order cancel kr diya. Badhiya business h.","I get your disappointment, Vikas. Every canceled order is followed with an email with a reason. Request you to check. 1/2"
1225767,my self Anil rout I am very old costmar of Amazon . .but I am diply sorry to say that my cash on delivery operation are disactive,"Due to carrier constraints, we are not able to provide cash on delivery to a few pin codes. (1/n)"
1226474,Zustellung um 21:40 Uhr!!! 😲😲😲 Sagt mal und habt ihr eigentlich den Schlag noch gehört? 😠😠😠,Was?😲 Melde dich bitte gleich hier und informiere meine Kollegen. Wir geben das natürlich weiter.
1227049,may I have the number to call please?,You can select phone at the bottom of the page.
1228698,"I've pressed the cancel button but it just says ""we're doing our best to cancel"" I really can't afford to go over limit on my card though","Once the order is delivered, we can start a return and refund here: 2/2"
1229507,"Where is my cat food, Amazon, they are about to turn on me.",Oh no! We'd like to help the best we can. Have we missed the delivery date given in your order confirmation email?
1229697,"Honestly you should just let or or even deliver your packages, since you all don’t know how to",Hey there! We'd like to help. Do you mind telling us a little more about what's going on?
1229715,Unfortunately not. Just links to the edition I initially ordered and what the order was later upgraded to. I'm not annoyed. Just a little,"Where we aren't able to see your account, we would like to check on this with you in real-time!"
1232086,order was to b @ front door 3-6 pm nothing it’s almost 630pm 😓what now? No breakfast,I'm sorry your order hasn't arrived! Please reach us here: for available options.
1236264,Shout out to for awesome customer service! Make sure to give Simone R. a raise !!,We're glad to hear you're happy with the service provided! Please be sure to fill out the e-mail survey sent via e-mail.
1237588,This pregnant lady wanted her special foot cream by tonight. So annoyed right now. 😩 My cankles are pissed that they now have to wait.,We're sorry to hear this! Did we miss the delivery date given in your confirmation e-mail?
1238765,"There is no visa card issuer?! It's a One4All voucher that allows me to purchase Amazon gift cards, thus crediting my account. It's a shop bought voucher. No bank acc, no bank statement, no verify option linked to it.",Thank you for clarifying! Please reach out to us via phone or e-mail so we can look into this further:
1238819,"not sure why Alexa skills for logitech harmony, bond, broadlink - all home control apps are blocked in India. It's very frustrating to buy am Alexa and then find out that I got 5% of the features that we have been dreaming of. #AlexaDiaappoints",We have more than 10000 skills and we are working on getting more international skills to India.
1239369,Can you explain why it wasn’t delivered though? It says “location is closed”?,"Unfortunately, I do not have access to your tracking info or account info via Twitter. However, I'd still like to try to help. Can you tell me who the carrier was for this item?"
1240699,were is the #PSVita part of your website ?! The Vita is not a fucking legacy system ! How can i see the preorders ?!,"the left-hand side of the page to select the console type and ""coming soon"". Here's a shortcut:"
1240702,It said about the same thing,"Thank you for confirming! We want to be sure you'll receive it today. If you don't have it by 8pm, please let us know."
1241745,"Prime offers free ""2 Day"" at its discrimination. Certainly not how it used to be.",Prime 2-day shipping refers to transit time as some items may need additional processing. You can learn more about our (1/2)
1241756,"I order a thing that is Prime, in stock. It does not show up for over a week. Rinse, lather, repeat. ""Fulfilled by Amazon"" won't be.",email? You can also see that date here: (2/2)
1243778,"Hola tuve un problema con la verificación de información de pago, se supone que habria respuesta en 24hrs, ayuda por favor.","Hola, Jonathan. ¿Cuándo enviaste la información solicitada?"
1243787,"seems like my echo has a blown out speaker, where can I find warranty info?","Hello, Jimmy! You can find warranty information about your Echo here:"
1244394,"At first I went there for help,the Support Agent was unable 2 help.He was bound by limited knowledge about CustomDuty provided by company.","Sorry to know that, we'd like a closer look at this. Please share your details here:"
1246356,"Eu recebi um e-mail mas não fala ""pagamento aprovado"" posso te mandar na dm?",Responderemos pela Mensagem Direta.
1246370,the only thing more idiotic than this idea is the ship time on a poster i ordered from you on the 18th,"I'm sorry about the delay, John! We'd like to help the best we can. Just to confirm, was the poster said to shipped by (1/2)"
1246867,"I’ve asked, no manager available.",A member of my team would like to help you with this issue. Please provided as much detail here:
1247304,"Hey , thanks for coming thru",There's nothing wrong with having a tree as a friend.
1247743,"onde peço ajuda pro app Kindle? a nova versão aparece atualizada no meu celular, mas ainda está com o ícone e layout antigos...","Boa noite, Laís. O seu comentário foi respondido aqui:"
1247793,From yesterday iam getting this..,May I know which device you're using and the name of the show/movie your trying to watch?
1248307,So 2 of my packages got “delivered” & I only received 1. How do I go about this,I'm sorry only one of the orders was located! Have you tried these steps:
1248721,"This link is not opening, plz call me directly in my no...9921002938, and solve the issue",We wouldn't be able to arrange a call here. Please share your details here: and I'll reach out.
1248967,"I don't want to be a shitty person, but I'm pretty miffed about sellers buying positive reviews on . How do I report this?",We´re here to help! Please contact us here: so we can look into this with you in real time.
1249965,Ya ive tryed to sign in says its wrong password or email yet my passwords not wrong or my email also not givin option to change email,"Have you used the ""Forgot Password"" button on the sign in page? That will give you the option to create a new password."
1251709,I just love <3,Love you too Kay ❤️😉
1252001,Our family videos have just disappeared from the cloud; weren't at the 5gb cap and the account was active but all videos have gone.,Are you located in the US or UK?
1252166,Can I transfer money from pay balance back to bank?,the bank account. For more details please go through the link: .(3/3)
1253288,"And they call themselves to be the best customer oriented. All their cust service agents do, copy and paste the emails. Frustrated",I'm sorry your issue hasn't been resolved. Kindly share your details here: we'll look into it 1/3
1253836,I'd asked customer care to cancel order 404-5150964-5784321. It's still not cancelled and my number is blocked to receive call backs! Why?,(2/2) Your refund will be initiated once we receive the package.
1254121,"Ich guck mal, ob ich eurem Telefonservice nochmal ne Chance gebe 🙈 Die sind net immer so freundlich wie ihr hier","Davon gehe ich jetzt mal aus. Aber wenn was ist, melde dich bitte."
1254582,gibt es eine Gewährleistung der gratis Same Day Lieferung mit Prime ?,"Wenn ein zugesagter Liefertermin nicht einhalten wird, sind meine Kollegen der richtige Ansprechpartner"
1254623,"Not Amazon.ca I ordered via Also I would rather keep contact here, I have the time to tweet not chat","I'm sorry about that! We're not able to view your account info via Twitter. When you get the chance, please (1/2)"
1255713,I got a lightning deal from for 1000 rs more than last week's original price. 🤔,Pricing and offers are decision of the sellers. The constantly changing marketplace and our (1/2)
1257054,"I can't log in to use the following link. Worst service ever man, ull can't fix this. Using . Cheers.","Sorry for the trouble, you should have received an email from our account specialist team. Kindly refer."
1257479,"Dachte ich auch 😧 Habe es noch mal überprüft, aber Retouradresse und hinterlegte Adresse sind zwei verschiedene 😧 Neuer Bug? 🤔",Meine Kollegen checken das gern. Melde dich bitte über den von genannten Link im Kundenservice :) Liebe Grüße
1258219,"Hello, I’ve got an order out which says it’s expected on 23rd, still not received or had an update on delivery?","Hi, Sorry to hear this. Is the item sold by Amazon or a third party seller ? Also, what is the status of the tracking ?"
1258243,"Dear Amazon India, Here's an account of the amazing service I've received on order# 408-0070077-1447540. I...",I'm sorry your order hasn't been delivered. I'd like to look into the issue and assist you with it. Please provide your 1/3
1258559,"Yes I have, how hard is it to check the same?",Then I request you to wait for our team to write back to your correspondence. Appreciate your understanding.
1258942,Thank you Your customer service guy (Shubham) was extremely helpful & had my product delivered just as and when I wanted.,Glad to know that you've received the order. Do keep us posted for any further concerns. We'll be happy to help.
1258948,"In realtà sì, la cosa peggiore è che inserendo il codice di spedizione sul sito delle poste, mi appare che il prodotto non è disponibile.",La data di consegna indicata al momento della spedizione è prevista per oggi?
1259292,Thank you. Will be waiting for your reply.,You're most welcome. We shall reach out to you at the earliest.
1259295,Nope. I put the password in and since the app updated it wants to verify my identity. So it has sent a verification code (6 digits).,Have you gotten in touch with us directly regarding this issue?
1259308,Our Amazon delivery guy always tries the handle before knocking. If the door’s unlocked he’ll just walk right in. It’s not okay. #amazonkey,"Hi Matt, sorry to hear that. Has the driver entered your house in the past? Does this happen with a particular carrier?"
1259680,"I don't see why there would be an option, surely it should come in an Amazon box regardless. Peeling labels off with ruin the box too!","Sorry, it depends on the item, the link sent previously has more info about this."
1260158,Its a fault in your app.,Have you checked for app and device updates?
1260226,They have been bouncing me around. Thats all,Did they not mention anything specifically? What Amazon site was it ordered from? .co.uk .in etc
1260598,"Dialed again .. RNR... I already connected with Dhiraj from Leadership team, He is useless.",Please share your details from the link provided by 'SH' and we will assist accordingly.
1260955,"Dear Amazon, where's my Overwatch anthology volume 01?","I'm sorry for the wait! To clarify, which of our Amazon sites did you purchase your item on? (.com, .co.uk, .in, etc.)"
1261110,: Can some representative connect me on my number..facing a lot of issues n your customer care number doesn't work..plz help,">>Choose appropriate issue codes and you'll be having options Phone, Chat and email. You can click on phone 2/3"
1261137,"Hi, my order was supposed to arrive the 24 but it hasn't, and it keep saying it will arrive the 24. What can I do?","Hello Juan, for better assistance, can you please let us know which site you order from etc.?"
1261825,Dice che non risulta ancora una data precisa per la spedizione,Mi dispiace. Ti invieremo una email di conferma alla spedizione. Il Servizio Clienti resta a tua disposizione.
1261825,Ho già annullato l'ordine...grazie.,"Mi spiace, restiamo a disposizione! A presto!"
1262213,"No, and this is the 2nd time this month!","Without sharing account information, can you verify who the carrier was? You can find that here:"
1262589,whatever changed to amazon del options is unacceptable. Prime member since beg. Modem goes out - only 2 day delivery available?,"Sorry to hear that, sometimes next day isn't available for certain items"
1262842,lost trust on Amazon due to extremely poor customer service and escalation process for delivery delay of below order.,Sorry about the inconvenience. Kindly drop in your details here: and I'll reach out to you. 1/2
1262896,"Respected Amazon, no reply yet. Awaiting for ur reply","I'm sorry for the delayed response. We'd like to help. What Amazon marketplace do you purchase from (.com, .in, .co.uk)?"
1263401,Not received refund even after 10 days of regular calls and emails 2 the customer care for ID171-7843961-0017163,We have received your details. We are working on it and will get back to you with an update at the earliest.
1264423,I've don't that and have received no help whatsoever. Is there any other way you could help??,"Sorry to know that, please share your details here: We'll look into it."
1264433,order was to be delivered yesterday had no intimation of change Amazon team went ahead and updated rescheduled on customer request,"Please don't provide your order details, as we consider it to be personal information. Our Twitter page is public.​"
1264567,There were two items of INR 800 and INR 790 that were returned. But only refund of 800 has come. Check up on this.,"Sorry to hear that, Dipankar. Have you tried reporting this to our support team using the link shared earlier?"
1265175,My product has still not reached me despite your “DMs”. Can’t believe that Amazon wouldn’t deliver even after a prime membership,Kindly confirm if you've shared the asked details via the link that we've shared via DM?
1268297,"Still waiting. And assuming since there’s only 1 left in stock now, I’m out of luck. Again.",Deliveries may be made up to 10pm. Please keep us updated on its arrival!
1268853,The delivery man is not good He is stupid pls hire such kind of people . They are just degrading your promises,Please reach our support team here: we'll update you on the latest status.
1268861,I look up for a toll free to connect with you. Your customer service experience executive disconnects the call for no reason??,"I'm sorry for the situation, write to us here: in detail & we'll get back to you."
1269532,Shows it's on the way since morning on the tracking details.,"Sorry to know this, Sumedha. Click here: and do the needful so we can find a fix."
1270234,Esperando que mañana llegue mi #NintendoSwitch #SuperMarioOdyssey desde espero si cumplan con la fecha de preventa :),"Hola Javier, en caso de que no recibas tu pedido hasta el final del día, por favor entra en contacto con nosotros."
1270962,"Un vendedor independiente ASVP SHOP me siento engañado, no sé cómo dejáis que hagan estas cosas",Comprendo tu molestia. ¿Has intentado comunicarte directamente con el vendedor externo acerca de este producto?
1271604,The latest one is my partner’s. He’s just come off the phone to you. Apparently the driver couldn’t get to our front door that is visible from the main road. We’ve had 2 parcels that the driver refused to hand over because they wouldn’t scan and 3 delivered to a wrong address 1/2,"I'm sorry to hear about the delivery issues, Julie! Were you able to get in touch with us by phone or chat to get this sorted out? If not, please do so here:"
1272338,hice un pedido que debía llegar el martes no ha llegado y no se ha actualizado la fecha de entrega Como puedo checar el estatus?,"Hola Zatar, sentimos las molestias. ¿Has conseguido hablar con la compañía de transporte para verificar lo que ocurrió?"
1273390,"Got email from Amazon Specialist stating I need to reset my password to gain access again, however once reset, account reads wrong password",Oh no! We'd love to help! Please reach out here: Ask for new password reset link. Keep us updated.
1273453,Ordered a Moto G5 S+ ten days ago but it was never delivered cause it was broken while shipping as per what customer care told me.,"We cross-checked, it worked. Kindly use a laptop/desktop to access the link. Keep us posted."
1274849,Yes but it’s been “tomorrow” since 11th Oct now.,"Sorry to hear this Steve. One of those images says it'll be with you today. If it's not, please let us know!"
1275012,one f my frnd booked a redmi note 4....20 days alredy passd nd he hasn't got his ordr... worst feeling,Sorry for the unpleasant experience. Please contact us here : We'll look into it.
1276261,hey I'm due a package tomorrow that I paid next day delivery for and my tracking status is still awaiting dispatch! Help?,"Hi! We still expect the item to arrive on time. If you don't receive it by tomorrow at 21:00, Please let us know."
1277044,Hi pls help. I signed 4 prime in frm Qatar. Can u pls check is this valid for Qatar __email__,"If you don't need Prime for the U.S., you can cancel and look into refund options here:"
1279019,Ja die Ware muss bruchsicher verpackt werden für den Versand. Aber DASS ist einfach nur lächerlich,"Hier hätte auch eine kleinere Verpackung gereicht. :( Hier kannst du uns helfen, uns zu verbessern:"
1279051,"I'm still waiting on my package, it's late - even with prime. I hold your company to a higher standard and I'm now disappointed.","I'm so sorry for the disappointment, Trae! Just to clarify, what does the tracking say here:"
1279659,very pathetic service from Amazon Courier at Jamshedpur. Since 4 days it showing out for delivery & still package with them.,Kindly contact us here and we shall look into the issue right away.
1279906,what is the point in paying for prime shipping when my packages never come on time!!!! 😡,"Hello, Ashley! It is not uncommon for items to ship out and be received same day! Please keep us posted on this order."
1280565,utterly disappointed with the communication on order # 114-6443171-9633002,"Hi there! We can't access your account through Twitter. Without personal details, could you let us know how we can help?"
1280596,i don't need assist.Plz check ur delivery service I paid for that service. i order from Amazon bcoz ur best provider of essentials,"Sorry to know about the delay, Vikrant. Please reach us from here: we'll check & assist you. (1/2)"
1280782,Very displeased with ’s customer service. they will disconnect without giving a resonable solution. Will def. be cancelling Prime.,I apologize for the poor experience. This isn't what we like to hear! What options were you given when you spoke with us?
1282345,If I order something today from prime how come it tells me my free two shipping is expected for November 1st? 🤔🤔 it’s October 26th.,Hey Victoria! You can find information on how delivery dates are determined here:
1283821,I confess: I am an online shopper. Satisfied how fast delivers my purchases. New toy I bought. #stabilizer #upthegame,"Hey Nadia, I am glad to hear that we exceed your expectations! Make sure to show off those pictures!"
1283911,"Bah non, parce que bon, c'est pas ça qui va faire que je vais être miraculeusement livré aujourd'hui alors qu'il est déjà 20h30",Nous veillerons à ce que ce type d'incident ne se reproduise plus lors de vos prochaines livraisons.
1284849,My package was supposed to be here yesterday and I NEED it for an event happening tomorrow! is there anything I can do? #SOS #help,I'm sorry for the wait! What was the delivery date given in your order confirmation e-mail?
1285141,Hi do you accept Bitcoin?,"Hi. No, we do not accept Bitcoin as a payment method."
1285528,you screwed up the delivery for my Halloween costume and I'll never forget it.,"I'm sorry for the frustration! Without providing account/order details, can you please tell us what happened?"
1286359,Oooh 1-3 de noviembre.. asi que a esperar hasta la proxima semana :(,¡Ahora es solo esperar un poco más para disfrutar de tu compra! :3
1287023,Let me knw what they say ?,The price that you see on the website is the best the seller is able to provide at this moment. (1/2)
1288875,"Bonjour, le suivi dit que je dois être livré avant 19h00. Voulez vous mon numéro de commande ? Colis Privé ne m'apporte aucune réponse.","Si le colis n'est pas livré à 19h00, vous pouvez contacter notre service client via le lien:"
1289735,Account corrected! I’ve called 3 times and gotten the run around! I can’t log in to my own account #pleasehelp #thisisridiculous,I'm sorry to hear this! When did you speak with us? Did we mention forwarding your info to an Account Specialists?
1289744,Oh I must be imagining the inability to watch the show I wanted to finish 🙄 thanks alotazon.,Our selection changes from time to time. Please send us any feedback or requests directly here:
1290395,amazon really double charged me and now i gotta get on the phone and use my i was told by applecare voice smh,Hello Steven! Would you be able to give us more detail w/o posting account info? Are you seeing an authorization?
1290446,Faith in lost again. Rep from this morning completely lied & did nothing he said he would. #badcustomerservice,"Sorry to hear that, Jessica! W/o providing acct specific info, can you tell us what happened?"
1292099,i ordered a book from you to my college dorm and it says it was delivered but it's not here :(,Oh no! Have you tried these useful tips here: Let us know if this helps. We're here for you!
1293012,"I have, was ignored. Nothing came of it. Shocking treatment.","Hi Claudia, have you received any correspondence?"
1293729,not very impressed with Amazon think it is a complete scandal that you do not take responsibility..really really angry with you,"Oh no! Sorry to hear you're upset with us Owen. W/o personal details, could you let us know the issue and how we can help?"
1296259,I want my money back. Fucking thieves.,We'd like to help! Without adding personal/account information can you please tell us more about the situation?
1296543,"Guideline says I should not be directly or indirectly associated with product as in biased comment, which am satisfying. Then why not allow?","Reviews are system approved, service related discrepancies will not be taken."
1296810,Consegui resolver pelo SAC online. Obrigado.,Nada! Que noticia boa Robert. Ficamos felizes! Boa noite amigo!
1297455,help. been on the phone for 40+ mins w/rep. They hang up/transfer me. Del addy needs correcting 4 order #114-9960182-3245068,"I can see you've reached out via DM, we'll respond to your inquiry momentarily. Thank you for your patience!"
1298954,"Dear , neat trick your shipper played today on me. Couldn't deliver the package b/c ""business closed""? I've been here waiting.",I understand your frustration. Who's the carrier listed on tracking? You can check that info here:
1299409,and guys if u have bought the rights of t-series and yrf why not uploading baadsaho and bank chor,We will consider this interest as feedback and ensure to pass it on internally for improvements.
1300361,"Order number: 402-4613869-4965128. Ordered using SBI debit card, qualifies for a cash back.When will it be credited to my acc?","Hello Baidik, if you are talking about the recent SBI cashback then it will be credited to you in the month of Jan (1/3)"
1300540,will be never shop with you again You give a a lot of anger regards to Oder no -403-0704737-2864329 #AmazonGreatIndianFestival,"Also, please don't provide your order/account details as we consider them to be personal information."
1300547,If you don't want to return my money back or mobile then I will court,Please reply to the email received from our team. We will check and connect with you accordingly.
1301223,"I forgot to cancel before my free trial ended. It says ""Prime Membership has been suspended"" but it won't let me End Membership.","Uh oh! We'll need you to contact us directly, Salvador! Give us a call or chat here:"
1301826,when you get for a fast delivery and it says your item will arrive 2 days after they said it would,I'm so sorry! Please let us know if it doesn't arrive tomorrow! We want to make sure you get your order.
1303307,I submitted a support ticket 4 days ago and still no response! What gives? Your customer service is horrible.,I'm sorry for the troubling experience you've had. Could you provide us with a few details about the issue?
1303725,"Hola, me podríais decir a donde envió el CV para la nueva sede en Sevilla? GRACIAS.",Hola. Puedes ver las características y requisitos de los puestos disponibles en este enlace:
1304681,why do you lie to me! My packages were not delivered!,I'm sorry for the wait! Who's the carrier that is going to deliver your package as listed here:
1305566,. changed avatar on my android phone but it is still a boy reading. Where is my girl reading avatar?,We'd like to take a closer look into the avatar for you here:
1305595,"thanks, I have now ordered from","I get your disappointment. We'll pass on your experience as feedback to the concerned team, it would surely be worked upon."
1305603,Yes. I tried to last night,Could you please verify the carrier for us. You can find that info here:
1305670,"Check Amazon Account __email__ ,missed many things within a week, inconvenience at tolerance level.",Is any of your current orders delayed? Do let us know and we'll sort this out. 2/2
1306427,Are you callin me for this ? Please call me for more clarification on 9899955881,Wee can't access your account details over Twitter. Kindly share the same over the secure link we shared.(1/2)
1306431,If you bought something on Amazon and the price goes down within 30 days you can email them and they will send you the difference!,Amazon doesn't offer a price match guarantee. The constantly changing marketplace and our efforts to offer you (1/2)
1306455,mi producto fue vendido y gestionado por Amazon. Es urgente xq mi esposo se devuelve mañana a Colombia y debe traer eso,"Sin compartir información personal ni sensible por este medio, ¿has verificado cuidadosamente esta 1/2"
1306780,it's just about 8 and still no package?!,I am so sorry for that. Has the carrier's tracking shown any updates? Please keep us posted on the arrival.
1307773,Wht r u gonna do with this feedback I knw nothing is gonna work I have beenn cheated and looted I m never gonna trust amazon again in my lyf,As mentioned above we've forwarded this as a feedback. Every feedback will be accounted for and worked on internally.
1308580,Good morning - I wrote an email two days ago regarding getting a fast replacement for my missing package - to which I was told I'd get a reply in 6 hours. Package never arrived and I still haven't gotten a reply 48 hours later. This is incredibly frustrating.,"I'm sorry for the wait. When the replacement was processed did you get an e-mail with a new delivery date? If so, what date?"
1310079,eso es lo que muestra y era con tipo de envío: prime 6-9 días... lo pedí el 16 de este mes,Ya que tiene que pasar por aduanas por provenir desde fuera del país puede que suceda un pequeño retraso.1/2
1310628,2 months and a week later and still you guys have not refunded my money!,a correspondence will be sent to your registered email account. 2/3
1310927,can u please deliver order no.171-3215517-3213153 by tom?I have participated in Customs Marathon on Sunday.Need d band 4 d same.,Kindly get in touch our support team here: we will be glad to assist you. Please 1/2
1311222,Yeah said it would be delivered within 24 hours nothing arrived yesterday said wait another 24 hours and still nothing?,Oh no! Please allow us another chance to review available options with you here:
1311849,You need a space after the Twitter handle name..,You can continue without the space.
1312453,where is my order? It says it was delivered but doesn’t say where 😭😭😭😭😭,"Hi, have you tried the tips from this help page:"
1312503,ORDER # 405-2461791-7785107 ORDER # 404-5845458-6107505 The return is still not placed and pending from last 15 days.,"order details, we consider it to be personal information. Our page is visible to the public. (3/3)"
1313001,Still no solution. When you will resolve? Already one month following up? Why you promise cashbacks offers if you can't give?,We've emailed you here: Kindly check and write back to it for further assistance.
1313383,i bought 1 mobile from on 14th Oct 17 i am eligible for cashback agent escalated issue to team but still not received,through the secured link provided earlier? 2/2
1313385,Yes have shared the details .Thank you,any further delay and get back to you at the earliest. 2/2
1313442,Not adding support still for by . please do asap.,"You can watch Prime Video on 2015 and 2016 smart TVs from Samsung, Sony, and LG. We don't have any announcement (1/2)"
1313872,Bring more hindi bollywood content please.,and TV shows we have available. (2/2)
1313900,No response from your side ..Shame on Amazon customer support,"Hi, sorry to hear that. What Amazon website do you use? /.co.uk/.in?"
1314432,"im so angry i order 50€ worth of stuff that is never delivered and all amazon can say is ""oops you contacted us with the wrong email -",Hello- Did you since get this issue resolved? Which site did you order with?
1315888,This is already done. Suggest some alternative.,Apologies for the delay Ashish Please share your details here: and I'll get back to you.
1317486,I found something offensive for sale on your website what should I do?,Sorry to hear this. Are you able to send us a link?
1317496,"Pues yo es que soy un poco torpe, debe ser, porque no sé dónde dirigirme en la Web","Hola, simplemente debes seguir el enlace, seleccionar la situación, o lo que más se le asemeje, y la opción de contacto deseada."
1318210,your customer care guys don't have indepth info regarding Indian version of Alexa and so on! real shame on Amazon!,Sorry about the hassle. Please let us know your concern & we'd like to help you.
1318254,i don't received my 15%Cashback on my purchase it is more than 15 days,what was the offer for the cash back ? We’ll look into it. 2/2
1319023,What a careless & irresponsible Amazon is ! I cell with box & receipt stolen. Need duplicate bill. Cannot contact Amazon.,I'm sorry for the trouble. You can download the invoice directly from your Amazon.in account. 1/3
1320462,Aft click above link redirect to orders page. I didn't find any Invoice button/link on page. Can u provide screen shot or help finding same.,"There's an option, Sushil. Please try accessing the link via desktop/laptop. Do keep us posted."
1320467,Thanks. It works. It will be great is mobile app has same features.,Thank you. I'll be certain to pass this on as a feedback internally.
1321097,is this email legit?,"Hi, here's more info about phishing: Don't use the links in the emails if you're unsure."
1322558,There wasn’t one given it just says it’s in pending delivery without a delivery date the release date for the book is today,"Hi Ben, can you provide a link to the book in question? Did it state when you ordered 'available for Release day delivery'?"
1323488,Why my number is blocked from receiving call from customer care,That's odd. You may reach our support team alternatively via chat or mail.
1323926,Is there any way to report the delivery driver? I'm sure it's the same person as before that left a parcel in an unsecured place,Please contact us here: so this can be looked into further.
1323965,"i haven't received my refund even after talking to your executives....what the hell, my number has been blocked now!!",please fill this form: and I’ll contact you soon. (2/2)
1324781,"And no, he didn't try knocking first. He said it was because he was in a hurry.",So sorry to hear this! We'd like to make sure this is reported. Please reach us via phone here:
1325537,"I could just go to Tesco and buy it right now and send you yours back and get a refund. I pay for day of release, not afternoon",Please get in touch using and we'll be happy to look into this for you.
1325780,"4 calls, 7 customer care re-some-abruptly-end-call-ps, 3 conversations thru the website, Issue still being unresolved. *sobs* :(","Sorry for the experience, Firoz. Kindly fill in your details here: and we will get back to you"
1326941,. is trading at over 1k a share and yet my glass bouquet cover still arrived broken!,I'm very sorry your bouquet arrived broken! Let's look into return/replacement options here:
1327025,Or could you let me know the serials that have Hindi subtitles at the moment?,"We do not have Hindi subtitles for content on Prime Video, Sandheep. I've noted your comments and will be sure to forward this as a feedback."
1327738,"J'étais content de recevoir mon chargeur externe depuis Je le déballe, content J'essaye de le charger Il marche pas 😔😔 #Pffff",Oh ! Désolée pour cela 😕 S'agit-il d'un article expédié par Amazon ou bien par un vendeur tiers ?
1328598,". This truck driver ran a red light at Boston & S Potomac St in Baltimore today at 7:45. He was also driving thru a ""no trucks"" zone.","Hi, we'd like to look into this with you. Please fill out this secure form from a non-mobile device:"
1328616,can you check the screenshot? it is dated on 16thAug. At that time they said 15 days.,"I'm sorry! We'd like to look into this with you in real time, Neha! Please enter your info here:"
1328776,This the way you treat all prime members?,I understand the frustration. We want to make sure it gets to you so please let us know if it doesn't arrive by Thursday.
1328903,can i choose a delivery date for my order? Basically want to delay the delivery.,We'd like to check this for you. Please contact our support team here:
1328909,I sent this in yesterday on your site. Haven't heard anything yet. But I got 8 more emails from sellers this morning.,"Hey, Trevor! Let's look into this in real time. Please chat or call us here:"
1328997,Thanks for ruining diwali guft experience.. Delivery of defective and broken items with damaged packages.. wtf,here: and it'll be sorted. [2/2]
1329000,Da habe ich geguckt. Ich sollte dem Anbieter auf Marketplace ein Bild des defekten Artikels senden. Die Mail mit dem JPEG ging nicht durch.,Unser Kundenservice prüft das gerne mal für dich:
1330191,"I am sure you did not take the pain of getting in touch with your Ms. Hanan from executive customer relationship team as Amazon being a fraud company nobody is bothered 2 look into customer problems. Amazon sells fake products I have proved it, so request everyone to AVOID Amazon","I'm sorry for the trail with your concern, please reply to the correspondence sent by our specialist team you have mentioned for further assistance."
1331118,"Yes, ""sometime between Oct 27-29."" Which doesn't help me very much with a costume event tomorrow.",Who's the carrier listed for this order here: ? Please let us know!
1331150,i got mail from abhishek. its the same drama since last 22 days. again this will take a week. Very hopeless service by,I'm sorry about the stretch. Kindly wait till the timeline shared. We'll keep you updated.
1331892,What is d development?,As you've filled in your details you should have surely received an email correspondence from our team. 1/2
1331912,Don't know what's this doing in All videos games section😂,"Thanks for highlighting this, I'll get this reviewed internally for corrections."
1332110,Yet it's shipped ????,"We'd like to get a closer look into what's going on, please reach us directly here:"
1332645,Mean by 15th Nov?,will be credited to the eligible customer’s account in the form of Amazon Pay balance by 15th November. (2/2)
1334280,"Non je viens juste de récupérer mon colis, je vais faire ça",Vous pouvez contacter notre SAV via le lien suivant :
1334299,Link not working.pls provide new,Could you let us know what's the exact error you are getting while trying to access the link? We'd like to help.
1334299,Can't u guys contact me for the issue....9814555974,"here: We'll reach out to you. Also, please don't provide your phone number, as we consider 2/3"
1336216,Forever waiting on Amazon delivering my order... not like I have other plans or anything 😑,I'm sorry for the wait. Some items aren't able to dispatch immediately. What date is on the order confirmation e-mail?
1337167,Any updates on my complaint.Its already been more than 2 weeks going through this issue.when will you resolve it??,You should've received an email from us. Kindly check it here: and respond.
1337177,"No it's nt an update.Earlier thy mentiond 24-48 hrs n nw thy mentioned 3-5 biz days.Evry time I reach out 2 u, u guys wl extend resoln time.",Apologies for the delay in resolving your query. Kindly wait till you receive an update. Appreciate your patience.
1337976,Amazon Prime got soo fucking expensive... 34€ is a lot for me okay and I totally forgot to cancel my plan before they took my money 😑,Hey there! I'm sorry about the unexpected charge to your account! Were you able to cancel this & be refunded for Prime?
1338469,Its a shame that I have to return an item THREE TIMES for the same reason. Still you repeat the same mistake thrice. Get in touch urgent.,"Oh, that's unusual! We'd like to get this checked and help, kindly share your details here:"
1338739,Details shared. Kindly check,Thanks for sharing your details with us. We'll help you in getting this issue resolved. Request you to wait.
1338742,not received last 2 shipments of unfulfillable inventory and no help from seller support. Is this intentional?,"Certainly not! Our apologies for the trouble. Did you happen to report this to us, here:"
1339590,#Winteriscoming..my phone is living without skin since you have not delivered it yet..even after promising 4 times!!!,"I'm sorry about the long wait. We'd like to get this sorted, kindly connect with us here:"
1340621,Please can you let me know when order # 204-3362019-2584354 will be dispatched? due to be delivered tomorrow.,It's not uncommon for items to dispatch on day of delivery. Let us know if the item doesn't arrive tomorrow by 21:00.
1341675,I was at checkout and I chose the free 2 day shipping cause of prime. The hole order should have been here but only 33.33% made it.. how sad,What does the tracking show for the other 2 items?
1343551,How many days u will take to resolve my problem .,We're currently working your concern. We'll contact you once we've an update. We'll be unable to share a definite timeline.
1346567,28th. But status hasn't changed,If the order is not there by the 28th please reach us by phone or chat: we are here to help!
1346626,"Pas encore, vous n'êtes pas encore en retard, mais je monte en stress...","J'espère que vous recevrez votre colis rapidement, tenez-nous au courant !"
1347558,"why does say #tanyaschristmas cost 8£ then when I’m just about to pay, it suddenly cost 10£ + postage🤔",I'm sorry for the trouble. We're unable to duplicate this issue. Please clear out your basket and re-add the item. 1/2
1347597,I have responded on this link as well. Sent emails and made customer care calls.,I just checked and we haven't received your details yet. Request you to share your details using the link (1/2)
1350056,"The email from when I ordered it says sold by fashioncreate, fulfilled by amazon.","Was a courier listed for your order? If so, they could have additional information. A list of our couriers and their contact information can be found here:"
1350069,I literally saw the truck on my street,"Thanks for reaching out, Alex. Deliveries can be made up until 8pm. Please keep us posted on it's arrival."
1352223,received literally the worst customer service ever today. wont be purchasing anything important through amazon again.,"This isn't the experience we want to be providing! Without posting personal info, could you tell us what happened?"
1352809,It keeps getting removed from my cart for no reason.,"Hmm. That is strange. Just to clarify, are you trying to check out within 15 minutes of placing the items in your cart?"
1353552,"Yes, that time has expired. It's so poor. Never have any trouble buying from you guys direct. This was a birthday present ordered 16 October","I'm sorry! If there was no response, you may qualify to file an A-to-z Guarantee Claim here: ."
1353595,The order has not arrived...,Hey James! I'm sorry your game hasn't arrived. Does the tracking still say out for delivery or has it updated?
1354458,"It is more than a month, is this your refund policy?","drop in your details through the link provided earlier & we'll look into it right away. Also, please 2/3"
1355355,Gibt's die #Amazon Channels nicht in der App für PS3/PS4? So zwecks #Eurosport-Player... Hat da jemand Erfahrung damit? #m05sge,Über beide Konsolen ist das leider nicht möglich. Alle kompatiblen Geräte findest du hier:
1357752,Is SBI offer available on SE,You may check on the terms and condition of the SBI offer here: Nikhil.
1358077,Le SAV de est détestable. J'ai passé 2 heures a essayer d'avoir de l'aide et la seule chose que j'ai eu c'est un malheureux,"..problème, afin de pouvoir accéder à votre compte et vérifier cela pour vous. 2/2"
1360061,"Nope, outside of “If you don’t have by Sunday, let us know.”",Have we missed the delivery date? Who is the carrier listed for this order:
1362488,"My package claimed it was delivered, couldn't find it, was delayed 4 more days. Packaged arrived destroyed. Very unhappy",I'm sorry for the poor experience with your order. Was anything damaged or missing? Did you report this to the carrier?
1363677,Pathetic on them. They didn't even give the delivery person's number and I don't know what to do now,I understand your concern on delivery. If we missed on the estimated date please let us know here:
1364685,"A phone call four hours ago assured me it was on a truck in my town and yet nothing, with the delivery window closing in a minute.",I'm sorry for the frustration! Our team would like to look into this further. Please contact us here:
1365435,"hi, der Lautsprecher meines Echo dots scheint kaputt zu sein. Die Ausgaben klingen irgendwie flacher und einfach falsch","Hi, melde dich gerne mal zwecks einer Reklamation bei uns im Kundenservice: Gruß"
1365469,"Ah si y muchas gracias , ya volviste a ser chévere","Hola, ¿recibiste tu pedido?"
1366066,"No sorry, it just says ""Out for delivery"" Northampton, GB","We would like to look into your deliveries further with you so we can assist. We do not have access to account specific information via Twitter, so if you can connect with us via phone or chat here: we'd be happy to help!"
1366226,Vou parar Cidade dos Etéreos primeiro q eu estava ansiosa logo pela continuação e talvez o próximo seja Ligações mesmo 😍,"Bora então 💖! Depois nos conta sobre ´´Cidade dos Etéreos``. Esses presentinhos adiantados de natal somente alegram o coração, heim!."
1366291,"Is this a reply ??? Shame, let people also know your dm replies.","any queries, kindly reply to our E-mail correspondence, we'll look into it and get back to you. (2/2)"
1366949,when should I expect my Xbox One X Project Scorpio Edition to have some sort of updated shipping?,"When you look at your order details, are you currently seeing a delivery date for this Pre-order:"
1367678,Thanks for ruining my dads Diwali gift purchased from by delaying it for one week even after purchasing through PRIME. KUDOS,We'd get back to you at the earliest. (2/2)
1369543,Last told the refund was processing and I still have no confirmation of that.,How long ago was the refund processed? Confirmation emails are sent when the refund has finished processing through our system.
1369921,"6 days for 2 months,44 phone calls, 0 action taken,10 orders given, yes i trust amazon But when will i get my refund ???",I'm sorry about the unpleasant experience you've had. Could you tell us what happened? We'd like to help you fix it.
1373652,"You guys emailed me to become an Amazon Influencer, yet I get this popup whenever I try to sign up.. Any ideas?",Hey Patrick! The best answer to that would come from Amazon Associates support:
1374069,Yes. I rcvd email this morning that it would arrive by 8 pm. I was confused when there was no package in mail and no notification of delay,Oh no! I'm sorry the game didn't arrive! Please contact us here so we can look into this further:
1374095,No there was no email sent related to the delay. I needed to go and check the status myself in order to see that update to shipping estimate,Let's talk about this in real time. Please call or chat with us here:
1374544,I got it Wednesday famm it’s suppose to come today but I don’t know where it is??? Like,Check the order details from: to see where your delivery is currently.
1375336,please add Xena Warrior Princess Title to your catalog.,We will continue to add new content. Keeping checking where we (1/2)
1376055,"AMZL US,. Delivery notifcations say they attempted at 8:44, at which point I was already gone. Left a note saying to leave package outside.",Our team would like to take a closer look at this. Please provide all relevant info here :
1376388,I have contacted to customer service executive ask me to wait for 24hrs. And it's been more than 24hrs... Hopefully i wish u will fix prblm,I'd like to look into the issue and resolve it as soon as possible. Kindly drop your details 1/2
1376727,"Message sent. However if the item is unt delivered within 24 hours, it will be too late for me to use. Thank you for your help.",Thank you. I can confirm we've received your information and will follow up shortly.
1377425,Item ordered on 8th Oct not yet received. Delivery date was 20th Oct. A Prime customer,Apologies for the delay in the delivery. I'd like to look into this. Kindly fill this 1/2
1377734,what the hell is this? saree???? can u see what has been searched for? has your search algorithm gone for a toss?,Thanks for flagging this. I'll forward it internally to get it reviewed.
1378146,"Amazon could not deliver product (Order 4-2197264-7157136) in 50 days, post 2 months initiate refund. New way to earn money??",Sorry for the unpleasant experience. It's certainly not what we'd like our customers to experience. 1/2
1378678,Das kann doch jetzt verdammt noch mal nicht war sein?!!! 😡😡😡,"Hi, bitte gedulde dich noch etwas und melde dich ggf. im Kundenservice, falls die Lieferung nicht ankommt. Gruß"
1379391,Hey i think i've received a fraudulent email about a Prime subscription i didnt set up. is there an address i can forward it to?,Oh no! You can find some helpful info on reporting fraudulent emails here: . Hope this helps!
1379466,Carrier: Amazon Shipping ...,"When you spoke to us, were we able to give you any information or offer options on the order?"
1379470,All of last week was like this... so fed up...,I'd like a member of our team to review this for you. Please provide your order details here:
1379540,0128722014 0128720804 These are my complaint numbers when the heck my problem will be resolved. Y it is taking too long. It has been more than 10 days since I made the first complaint.,Sorry to know your issue hasn't been resolved yet. We certainly did not expect this to happen. 1/2
1379545,how do I cancel dispatched order?,"time of delivery. Alternatively, you can contact our support team here: for assistance. (2/2)"
1379866,Im really about to stop using everything i order takes months and after those months of waiting they never even arrive.. EVERY TIME,"I'm sorry for the order trouble! Just to clarify, are your orders being sold by Amazon or a third party seller?"
1380240,I have filled in the details on the link provided by you. Kindly track down my request that i have mentioned in the notes. Respond awaited,"I checked and we've received your details. Please allow us some time, we'll check the details and reach out you."
1380602,"I understand that my neighborhood is probably at the end of a driver’s schedule, but it happens so frequently, why am i paying for prime?",What's the original delivery date from your order confirmation e-mail: Has this passed?
1380934,Fortune is not supporting me while purchasing from Getting defective products 😏,I'm unable to comprehend your issue. Can you please elaborate so that we can help you accordingly in the best possible way?
1381180,Please help me out. My Rupay Card shows during ordering but not in the *Manage Payment* section. Bug?,"We regret for the trouble you have with the payments, call us here: & we'll check this for you."
1381488,Why is the season not complete season 6. Only 10 episode out of 16?,we will let you know when these episodes are back. We regret the inconvenience. 2/2
1381781,Still waiting for your response,"We haven't received your details yet. Please fill the form, provided here:"
1381906,Around 4 times I replied so far. Now u want me reply t your mail.,"If you've responded to the email from social media team, we'll check the details and get back to you."
1382149,"Breaking Point is not working on Amazon :( I've emailed, so hopefully it'll be fixed asap!","Hey, have you tried another from another browser or device? Does the same problem exist?"
1383309,"Hi, Does ‘one day product delivery’ option only available for prime users??",charged for One-day delivery. 2/2
1383853,Email option not available,I'm so sorry! The best way we can help with this is through chat/phone. This allows us to troubleshoot in real-time with you.
1384113,Yes but that’s the only email I got this just happened with another order and I had to cancel the order and re order which is a Inconvenience,I'm sorry for the frustration! What is the current availability of the item on the product page? More information is available here:
1384157,Su gran poder conlleva una gran responsabilidad.,"Carlos, ¿cuántos aliados crees que Ruperto debería tener? 🤔🤔"
1384290,"Immer noch nix. Nur wieder ""Wir geben es weiter"". Mittlerweile zwei Tage rum und immer noch kein Code. Das ist einfach nur peinlich. 🙄","Melde dich bitte nochmals über den Link bei uns, damit wir den aktuellen Stand prüfen können. Gruß"
1384336,"wtf ? erklärt mal die neuen berechtigungen die die app-store app will,denn ""warum"" zugriff auf anrufe,autodownload ohne msg ?","Hi, die Zugriffsberechtigungen kannst du hier nachlesen: Liebe Grüße"
1384449,When you read this help me? Is it unlimited or one time use,Please refer to the link provided by NC. We'll be happy to look into this with you in real-time!
1385301,"Can advise the point of ordering a CD for delivery on release date, then getting email saying up to 7 days delay? Not impressed",Apologizes for any inconvenience caused Paul- Have you been given a new delivery time frame?
1385308,Avere #amazonprime e dover aspettare un pacco per due settimane grazie a #posteitaliane è una cosa fantastica,La data di consegna comunicata nella email di spedizione è già trascorsa?
1385688,"Thanks 4 the reply! By a seller, carrier is Amazon Shipping. Do you want the tracking number?",We wouldn't have the option to check from here for security reasons we wouldn't have access. What is the last update?
1386153,Amazon Pay Order ID #P04-5604862-8562487 #P04-5604862-8562487 still refund not reflect 10 days gone 1/2,so that we can get in touch with you. (2/2)
1386195,"Wrong product delivered for the ""2nd"" time now.If its not available why list it in the first place. Order no 405-5511701-1476357",we consider it to be personal information. Our page is visible to the public. 3/3
1386438,NOTE to Canadian fans: .ca is having issues with MONSTER and a 3rd party vendor. Use,"If your fans are having trouble with third-party sellers, please have them report it here:"
1386482,Yup. Can't wait. Already installed Alexa 😂😂,That's awesome! We'd love to hear about your first experience with the device. Do keep us posted! :D
1386499,meri aap se Kia dusmani thi Jo muja Etna bakwas cell Dia Mana apni pheli salary se ak phne Lia plz customer Ko cheat mat karo,"I understand your concern, Bikash. Please connect with us using the link provided earlier and we'll get look into this."
1387111,"Hello Sir/Madam, In spite of making an online payment you people have collected the money from my house holdover the cash on delivery for the below purchase and I have sent few emails regarding this issue. Please refund. Ordered on 8 October 2017 Order# 406-1678572-9952369","I’m extremely sorry about this experience, Anil. Has this been reported to our support team yet? Please don't provide your details, we consider it personal information. Our Twitter page is visible to public."
1387325,"Viel bringt mir das auch nicht, Spiel kommt ja zu spät",Du kannst die Verspätung reklamieren. Dein Feedback haben wir bereits weitergegeben. Gruß
1387402,Noted. Pls get id : Order Id: 408-8320066-0437160,Please don’t provide order details as we consider them to be personal info. Our Twitter page is visible to public.(2/2)
1387407,Agent has not contacted till today .. he didn’t pick my call yesterday,"Could you please confirm, if you've shared your details on the link above?"
1387761,The delivery guys must open the package and show it to me before I accept the product. Else the product shall be returned,of the delivery agent and in case you find any issue please do let us know and we'll be there to assist you on this 2/2
1389496,really helpful card!! I'm sure you'll agree.....,I'm sorry! We'd like to look into this with you. Please reach out to us here:
1389503,Euh non et c'est pas la question. Mais le client explique que la protection va à merveille sur SON iPhone X. Hors il n'est pas encore sorti.,"Je vous remercie de nous l'avoir signalé, nous allons de suite remonter cela pour vérification !"
1389997,I want my product by EOD anyhow.,"I understand the importance of your order. As we have received your details, we'll get this sorted soon."
1390047,"hi, the downloaded movie doesn't have the option of resume. It anyways starts afresh. Please update the app.",Could you please let us know the make and model of your device and is the latest version of Prime Video App installed ?
1390340,there is no offers in don Bradman cricket 2017 pc game,We have responded to you here: kindly check.
1391017,"Comprarlo yo mismo a una tienda física, todo es fantástico","Lamento lo sucedido, ¿que solución recibiste por parte de nuestros agentes?"
1391202,you have lost one customer and will make sure my family relatives friends will also not use your service.,Apologies for the ordeal Meenakshi. Please share your details here: and I'll get back to you.
1391207,your new shipping service is horrible when it comes to shipping to businesses. please go back to,Oh no! Are you currently having issues with an order? Please let us know more. We'd love to help!
1392933,is this yours and do you want it back (and what on earth is it)???,I'm sorry about that! We'd like to help! Was this left over from an Amazon Fresh order?
1392958,where to complain about amazon delivery staff who don’t come to deliver item but msg me that they attempted for delivery now re-attempt will be done as per my request ??,We are following up with you via DM. Kindly check.
1393987,I replied and got another lame excuse! The idiot doesn’t even understand that we were not at home and our home was locked.,Kindly revert on the email you've received for further assistance.
1394413,I must tell this but ur tracking status update is very slow . Yesterday at 12 : 10 am it left banglore (1/2),I'm sorry to hear this. Packages are shipped as per estimates. Could you please help us with the estimates?
1394440,have a ghost account with my mobile number without an email and i have suffered by calling customer service multiple times HELP!,I'm sorry to hear this. You can add email to your account here: and verify it. Do keep us posted.
1395006,Hey -can someone assist with a question please? Thanks!,We'd love to help! What can we assist you with?
1395013,Desde ayer me comunico con el número de Amazon y no me resuelven nada. Acabo de llenar otro formulario,"Entiendo, estas informaciones son enviadas a nuestro equipo de cuentas, ellos podrán tardar de 24h a 48h (1/2)"
1395607,Don’t try to reach me theory.I am going to highlight it everywhere very badly. That is why I am creating these conversations with you guys,"our efforts to offer you the lowest price, may result in fluctuations in our prices over time. (2/2)"
1396173,es cierta esta promoción que aparece por Facebook? Si no lo es cómo es que no hacen por que la eliminen? Un cliente Amazon.,"Hola Asiko, muchas gracias por informarnos. Te recuerdo que todos nuestros perfiles en redes sociales está verificados (1/2)"
1397657,"Guarda in tutta onesta se anche me lo consegnano fra una settimana a me va bene ugualmente, mi piacerebbe però avere una data certa! Credo che debba cercare partner migliori...","Ciao Andrea, mi spiace! Purtroppo da Twitter non ho modo di verificare il tuo ordine ma il nostro Servizio Clienti è a disposizione al link: per assistenza."
1398323,"I asked the delivery driver why the item wasn't delivered last night. I got the reply ""That's not my problem"".","I'm sorry for the trouble you've had! For faster response, please contact us via phone/live chat:"
1398505,happy to see more music options. Though multi room option is still missing.,feedback to the relevant team for improvements. Stay tuned. 2/2
1399340,My remote won't work and I need to watch 😭😭😭 (don't even suggest new batteries because I did that),This is not yours to fix alone! Try holding the home button for 10 seconds to reset and re-pair it with your Fire TV!
1399829,"thanks for leaving my parcel outside in the rain all day, it’s now soaked through and crawling in bugs 🙄",I'm sorry your item arrived like this. We'd like to look into this with you. Please contact us here:
1400581,"If it doesn’t come by then, what will happen? I need to today and ordered it on prime.","If it doesn't arrive, we're happy to look into all available options at:"
1400608,Where is order exactly.. Plz sir tell me order was in my area and I called delivry boy.y he hv nt responded me,"I get your concern, Sabnis. Please share your details from the link, we'll check your concern and assist you."
1400649,only after 12 days of order I will not go to service center.So take back your defected phone,"As requested, please reach out to the manufacturer for further assistance. Appreciate your understanding. (2/2)"
1401325,"Told me that I just needed to pay attention to what I was doing, while I was explaining to her that what I ordered wasn’t what I received.",Did we guide you through either contacting the seller or filing an A-to-z Guarantee Claim for the wrong item?
1402154,Not sure why sent me an empty box? Pretty sure there was supposed to be a #vinylrecord in here. :(,Oh no! This was unexpected. We can look into available options by phone with you:
1402884,I ordered 3 tilasmi tabiz but every time u guys delivered only one tabiz and which was also diffrent,"Apologies for the incomplete orders being delivered, Mukesh. We'd like to take a closer look. 1/2"
1402895,"You think you know the whole game of #onlineshopping and then you experience this bad case. Just not worth the time, hassle etc.",Looks like you had a bad experience. Could you let us know what exactly went wrong? We'll sort it out.
1403271,Order No 408-5536886-5115508 need urgent attention and details asap,"Please don't provide your order details, we consider it as personal info. Our page is visible to the public. (2/2)"
1403271,guy didnt show up or called regd address concern FYI this is not the first tym i bought stuff from amazon (2/2),I apologize for the trouble. Kindly fill in your details with the link provided earlier and we'll sort it out for you.
1403379,why is my amazon automatically in german,What device are you using to access Amazon? Are you using an Amazon application?
1404057,I have complained so many times about refund money of my order but there is no reply from amazon. Reply as soon and refund money.,Apologies for the delay. I’d like to help you. Please fill this form: (1/2)
1404783,Your clarification is not right because during last great Indian sale the cashback offer was for all not only for 1st load.,"For more insight on your concern, we request you to reply to the email sent by our team. 1/2"
1406123,En livraison aujourd'hui ... #agacement,"Je vous invite à patienter s'il vous plaît aujourd'hui et si vous ne recevez pas votre colis avant 20h, vous pouvez nous contacter pour avoir une solution."
1406157,just reviewed an appalling company that you have on your site. review honest no rude words just truthful but rejected! Why?,You can leave third-party seller feedback by following these steps: Hope this helps! 2/2
1406169,you charged me twice for something and offer no clear way for customers to contact you about issues.,"Oh sorry! Very sorry you were charged twice, Meghan. You can contact us for support here:"
1406559,Boycott Delivered my product somewhere without my consent. Amazon escalation team took no charge of it. Pathetic service,Looks like you've had an unpleasant experience with us. Could you please elaborate what went wrong? We would like to help.
1406575,"returned my order n sent you courier bill copies,when u gonna initiate my refund? email : __email__",Refund will be initiated as soon as the package reaches the fulfillment center. (1/3)
1406794,Seit wann sind denn die #Pokemon-Staffeln nicht mehr (kostenloser) Bestandteil von #AmazonPrime Video ? 😨,Pokemon wird aus lizenzrechtlichen Gründen nicht via Prime angeboten. Hier hast du alles im Überblick:
1409095,El problema es directamente con mi cuenta. __email__ envié mis estados de cuenta hace 48 horas.,"Si ya enviste los documentos, por favor aguarda una respuesta que puede durar de 24 a 48 horas laborables."
1409117,How many times do I have to complain for product replacement/return/refund of wrong order delivered?,Please share your details here: and I'll get in touch with you. 2/2
1410316,I requested for a exchange of a pair of shoes i received on Nov 6. The pick up date provided to me was 7th of Nov by 18:00 hrs. But even today it hasn't been picked up. Why so mchh of delay ? Order id - 405-8809089-7059507,"Apologies for the delay in the pick up of your order. However, twitter being a public platform we do not have (1/2)"
1410349,#amazonin i tried a lot cia email and customer care. now i fed up. either call me on 9033716757 by RESPONSIBLE person else provide me NODAL authority contact details. If any nodal EXISTS...,Apologies for the hassle. I’d like to help you. Please fill this form: and I’ll contact you soon.
1410357,#amazonindia biggest lair company. They are cancelling so called lightening deal products again and again. nobody is hearing in customer care. sharing some incidents here.,"Please don't provide your order details, we consider it personal information. Our Twitter page is visible to public. 3/3"
1411584,I just order a item it was blue a differnt shape and it’s not what I ordered.,Oh no! Sorry about the mix-up! We have options available for you here:
1411597,Testando o Prime Video pra assistir a tão comentada American Gods. Tô confiando em você !,"Olá, Bruno. Com certeza você vai adorar a série! Abraço! :D"
1411675,are the most useless logistics company I've had the displeasure of dealing with. What am I getting from my Prime membership?,"So sorry for the frustration, Chris! Without providing any account info, can you tell us what's going on? We're here to help!"
1412399,"Pls don't make some items Amazon pantry exclusive viz. Pepsi black, namkeens, chips, etc.",I'll surely pass on your feedback to the concerned team internally Anupam.
1412409,"Könnt ihr zufällig auch schauen, wo meine Sendung ist, die am Samstag nicht geliefert wurde obwohl ich zu Hause war und die heute auch 1/2",Über Twitter wird das schwer. Aber je nach Lieferdienst wird noch bis 21 Uhr zugestellt. Gruß
1412526,can't answer in 140 characters. Can you call me at number in my account - __email__,"I'm sorry, we don't have account-access via Twitter. Please explain the issue in further detail via DM using the link below."
1413412,Your return pickup for 407-3061248-5011532 is scheduled for today and will be picked up between 1:00PM-4:00PM by AmzAgent(7980833986).,"Please don't provide your order details, as we consider it to be personal information. Our Twitter page is public.​"
1413488,Como siempre cumpliendo las fechas de entrega.,Hola Jimmi. ¡Nos esforzamos siempre para darte el mejor servicio! 😃🤝
1414795,There are so many renowned good movies doesn't have. Wish I had chosen instead.,"Amazon Prime Video will have the latest and exclusive Indian and Hollywood movies, US TV shows, Top/popular (1/2)"
1416668,Is this what u call lighting deal. 1 rs difference between regular price,"Thanks for taking the time to bring this to our attention. We always value this kind of feedback, (1/2)"
1418582,No entiendo como una empresa tan grande cancela pedidos de forma unilateral.Vergonzoso.,Hola manyer. ¿Tuviste algún inconveniente con algún pedido?
1421179,"Pues nada, mi pedido de hoy lo ha traído Menos mal que lo que pedí no era demasiado frágil","¡Hola, Adrian! Lamentamos las molestias ocasionadas, ¿el producto es vendido y enviado por Amazon o por un vendedor externo que utiliza nuestra plataforma?"
1421202,"EXTORTION , AMAZON INDIA SAYS WRITE TO WHY MAKING ME FOOTBALL BETWEEN AMAZON.IN &","Have we advised that the issue is with ? If so, please contact us :"
1421206,Enough of this nuisance!! Its been 8 months since my money is not refunded and even now i just got an email on 30th oct syaing the matter,I understand that waiting is tiresome & I'm sorry about that. Reply to the social media correspondence 1/2
1421263,Order no 4__credit_card__. Amount 1799. Email __email__. Further details have already been sent via mail dated 9th july!,Please share your details using the link provided earlier so that we could assist you accordingly.
1421335,"In the past, when I've tried to leave negative feedback, Amazon have refused to publish it.",You may need to use a laptop and the review will need to meet the guidelines:
1421350,I don't think u r following enough. From past 3 days ur customer service guys r promising for delivery. But nothing's happening.,"Should you require any additional assistance, please reply to the email you received from the social media team. 2/2"
1421872,It's being sent by Amazon directly. It was supposed to be here today but there may have been a delay so just needed a bit of clarification,What info is currently available on the tracking:
1421998,I don’t know who to blame . If u dont have product then dont keep it on the shopping list. This is 3rd time.,I'm sorry if this order is canceled. I'll forward forwarded this to the relevant department for further actions.
1423058,I dont care weather its visible to public or a personal. Get my order delivered by today or else i will get one order for you guys.,"do so, so we could get this resolved & update you. 2/2"
1423471,It was promised in the phone and it seems CS has backpedaled on that promise. Not happy here.,Apologizes for any inconvenience caused Aly- We can make a request but we cannot guarantee a timed delivery.
1423786,There's absolutely no reason why that can't be cancelled,"Hi, is it a Marketplace order? There's a 30-min cancellation window."
1425002,"Check ALL your orders! They ""delivered"" my damaged order back to their Vegas warehouse but still charged me. No explanation from CS.","If an item is marked damaged in transit, you will be issued a full refund once the item is processed back into our facility."
1425014,why is this box so large ????????,We're always looking for ways to improve and would love for you to submit your feedback here:
1426729,halp. keep getting an error when I try to use . I’ve tried rebooting and uninstalling & reinstalling. Thoughts?,I'm sorry for the trouble. We'd like to troubleshoot in real-time with you. Please reach us here:
1426743,This is purchased as gift..,1/1 We'd like to take a closer look at this w/ you. Please reach us using the links provided above. Use the drop-down boxes to
1426758,Good to see your response. Hope your team is taking off these products.,We will be looking into it for you. Thanks for flagging.
1426762,A talk with Incompetence ! Reminded me of Jokes they had about Support a decade back ! Please hire Sensible People !,I'm sorry about that. Kindly share your details here: and we'll have it checked. (1/2)
1427839,"Por enésima vez pago Prime para que un pedido por no llegue el día de la entrega garantizada, ya que en dicen que lo entregan mañana y la fecha garantizada era hoy. Sólo pasa con .","Hola Sonia, sentimos las molestias. ¿Has conseguido hablar con para verificar lo que ocurrió?"
1427868,"Mais c'est dommage j'aurai bien voulu un bouton ou un moyen de répondre au mail de votre collègue pour le relancer, au lieu de faire tout ça",Vous pouvez répondre à l'e-mail qui vous a été envoyé. La demande sera retransférée à la bonne personne.
1427932,Vous avez une adresse mail pour vous faire suivre un mail frauduleux de confirmation de commande se faisant passer pour vous?,"Bonjour Julien, je vous invite à nous l'envoyer à l'adresse suivante : __email__ Merci !"
1429552,"Was bringt eig. ""Garantiertes Lieferdatum"", wenn es sowieso nicht eingehalten wird? ich scheiss auf euren Prime Dreck.","Melde dich am besten über bei unserem Kundenservice, damit wir das reklamieren können. Gruß"
1429824,So #Alexa + #Sonos + #AppleMusic combo doesn't work. Am I doing something wrong 🤔?,"Hello, please take a look at the following link:"
1430061,it was showing that the product will be deliverd to me in 2 days guaranteed. Orderd it on sunday still waiting to get it (2/2),That's odd. Please have this reported with our support team here: for immediate assistance.
1430081,(2/2) I had a very similar experience with Intelcom; my pre-order of Hey Pikmin was delivered by Intelcom nearly 2 weeks after release date!,"Hey, sorry to hear that, what delivery speed did you choose when ordering? Were you given a reason for the delay?"
1430095,Hi I was told my refund would be in 5-7 working days. It's been 8 and still have had no refund. Please can you advise?,Sorry for the trouble! We'd like to take a closer look into this with you in real-time! Please reach out to us via phone or chat here:
1431031,Your delivery guy named sunil was extremely rude to my sister. Order id 402-2873395-8983528. pls arrange a callback will DM u no,"Also, please don’t provide your order details as its personal information. Our Twitter page is visible to public. 3/3"
1432339,"Transporteur : Amazon Logistics, n° de suivi C20023155993 :)","1/2 Merci pour ces détails, nous allons remonter la situation au département en charge."
1432357,Livraison prévue aujourd’hui alors que c’est pas encore expédié ? J’avoue avoir quelques doutes :D,2/2 Nous restons à votre disposition en cas de besoin. Merci de votre patience.
1433644,Now I have placed order again but this time I will have pay ₹100/more for the mistake which was not mine but by delivery boy.,"Please don't provide your order details, as we consider it to be personal information. Our Twitter page is public.​ 2/2"
1433891,"Those steps dont explain why it is no longer working. It was working fine but since the last update, it isnt working at all.",We'd like to do some real-time troubleshooting with you. Please call us using the link here:
1433985,please share the number of delivery person who tried to deliver yesterday.,"I understand your concern regarding the delivery. However, our team is working to (1/2)"
1434079,The lady was quite unhelpful yesterday. I love amazon but feel really let down now.,I apologize for the poor experience. What were the options provided to you when you called?
1435731,Fake delivery .seller contact 11 digits. Birthday gift disaster.responsibilty-seller or delivery loopholes?,"Truly sorry about the hassle, Bipin. Please contact us here: and we’ll check this for you."
1437087,Yes it had been retuned in 17 Oct. Even I will have to pay higher price for the same TV as I bought this on sale so this will b montry loss,Please don’t provide your order details as it is personal information. Our Twitter page is visible to the public.
1438182,new issue... Dot randomly stops playing It's mounted virtually on fridge 3m away from the router,"Hello, is this occurring with all the stations? Please try resetting the device:"
1438206,Vamos a ver q mola q querais adelantar los envios x eso d q nos llegue antes pero si digo tal dia es xq el resto NO estoy. Y no mola cuando los repartidores insisten en dejarselo a un vecino o tienda y t dicen q el dia pactado no saben si el paquete saldrá... MAL!,"Lamento cualquier inconveniente Emi, ¿podrías informarme si tienes algún pedido pendiente de entrega?"
1438588,This to much ..u guys not serious .. you guys can return my money plsss ..#wrostcustomersupport,We've already sent the correspondence to your registered email ID. Kindly check it here: . 1/2
1438619,I've already reported the issue on your customer service. Let's see what will happen next.,Sorry about that. Please be assured our support team will sort this out for you.
1439082,"I've had a ""lost"" order from amazon for over a month now and gotta zero help.",I'm sorry for the trouble with your order. Was the item sold by Amazon or a third-party seller:
1439144,I pre-ordered a game about 2 weeks ago and it said that it was coming on the 17th now it's saying that's coming on the 19th,We may be having unexpected delays for this pre-order. What game did you order? What the platform/console was it for?
1439456,"Vor 5 Minuten kam die Mail, damit es versand wurde.. .",Dann sollte es auch morgen - pünktlich zur Erscheinung - bei dir ankommen. ;) Gruß
1441940,"good evening , i just forgot the password and i forgot ZIP code too !!",I'm sorry for the trouble with your account! Please reach out to us by phone or e-mail here:
1442365,When your amazon is out for delivery & you’ve got your Halloween party tonight 😱,Keep us posted on the arrival! We can deliver up until 8PM.
1442367,"When your order arrives, bleeding all over the floor, the delivery driver, and then you! Wonderful 👌",Oh no! That's not what we like to see! Please reach out to us here: for more help with this.
1442587,Entonces la orden que tenia shipping now en ahora dicen not yet shipped 😡😡😡,Hola. ¿Cuál es la fecha de entrega de tu pedido?
1443076,"trying to explain the whole insane situation to AGAIN, i hope they read my email this time instead of just sending an automatic message lmao","I'm sorry for the trouble! Just to confirm, what issue are you referring to? We'd love to help."
1443252,Yes. I have given all the information. And also i am willing to speak to you soo i can explain it properly,Thanks for the heads up. You can reply to our correspondence with preferred timings so that we can contact you accordingly.
1444421,"How much time it takes for a parcel to leave from Delhi to reach Imphal, it left on 20th October #verybad #seller #service","I do understand, however, could you please confirm if we've missed the estimated delivery date?"
1445299,Not happy with right now!!!!! Spend over 600 on a single item and it is defective and they are denying my claim!!!!!!!!,"I certainly understand your frustration! Without sharing account or order details, will you tell us a little more?"
1445331,"I checked online, all it says is that USPS tried to deliver but attempt failed. I called usps..was 1 hr wait to talk to a person. help!!","Oh No! Laura, please allow us to take a closer look at this for you. Follow this link:"
1445419,hablemos en md si no es molestia,"Por supuesto. Recuerda no compartir información personal o de tu cuenta, como el número de pedido."
1445444,"For the Order#171-5545073-8545123 , i have asked for the Return but your agent is not reached yet","Please don't provide your order details, we consider it personal information. Our Twitter page is visible to public. 2/2"
1445476,Ya le había puesto cancelar apenas vi que me hicieron un cargo. Como gestionó la devolución?,"Kitty, si no te beneficiaste de las ventajas Prime, podrás recibir el reembolso. Recibirás un e-mail con más detalles."
1446407,Yea. I will wait ofcourse. Just letting you know what the modus operandi will be for non-delivery. Excuses basically,"We are sorry for his inconvenience, your experience will be forwarded to the relevant team as feedback for improvements."
1446424,"Hey, no sweat, but my prime package came super late (it says delayed on the website). Is there any compensation for that?",I'm sorry for the delay! We aim to deliver by the date given in your order confirmation e-mail. Have we missed that date?
1447990,"Hey, , honestly these mustard-colored Windows 95 buttons are not a good look. The German localization also needs some work. 👍",But it's yellow! 😘 I'll forward your feedback.
1448042,...then why does it always look like this.,"(2/2) info on our different plans, please click here: I hope this helps!"
1449011,I understand it’s not a lot of money but I’m just really confused when I haven’t ordered or even used my account for months.,We can't access info via twitter but want to help. Please contact us directly to look into this:
1449062,Yup! I’ve already contacted customer support where I was told “Don’t worry.” I’m not worried. I’m annoyed.,"I'd like for a specialist to review this, Alison. Would you fill out additional information here:"
1449155,how do I cancel my prime please? Saying there is a problem when I click end trial!,"Oh my! I'm sorry for the troubles. Try going here: Also, try logging out and back in before clicking."
1450049,Thank you! Do I need to post my question through the link you provided or will they contact me upon review?,"See, on Twitter we don't have any account information. So please contact them via the above link and describe the problem."
1450056,Please can the money be refunded asap to my account? have already cancelled it on w'site. (3/3),"Oh my! In most cases, refunds are processed automatically when you request the cancellation. We're you notified of a refund?"
1450090,what a load of crap.1 day guaranteed delivery.... What is the guarantee then ??,We'd like to help you out. Has your order missed the delivery date given in your confirmation e-mail?
1451460,My Prime trial is expiring. Where can I find out when? Got tired of searching and clicking.,Please visit this page to see when your Prime trial is due to renew:
1451808,Oui mais précommander c'est pas dans le but d'éviter ça Non ?,La précommande vous assure l'approvisionnement de l'article. Pour le recevoir le jour de sa sortie il faut payer un supplément.
1454122,where is my Gary Barlow presale ticket email??,"Hey Alison! This link should help! If you need any further help, please reach out!"
1454182,Does AMZL have a Twitter account? They have been delivering our Amazon packages and I have 1 complaint.,"We can help with that! Without account details, could you tell us what's happened?"
1456398,I m keeping patience for the last 10 days.,"We've emailed you on Tuesday, 31 October, 2017. Kindly check your emails."
1457293,"Seriously, HOW CAN I GET MY EMAIL ADDRESS REMOVED FROM AN AMAZON ACCOUNT THAT IS BUYING LOADS OF STUFF, POSSIBLY FRAUDULENTLY?",Sorry to hear about your account issues. Please reach us through: so we can get this looked into.
1457944,My order has said shipped since the 24th and the last day for it to arrive is tomorrow but the package still isnt here any ideas,Hello! I'm sorry for the frustration. What is the current scan on the tracking for your order? We'd like to help if we can!
1459048,"No, except they emailed a code once but it was expired within seconds so it was useless. I have to restart the process everytime I call",Please reach out directly to us here: so that we can take a closer look.
1459053,Yes I've escalated three times. I don't get a reply.,When did you last contact us? Have you received an e-mail from our Account Specialist? Be sure to check your junk/spam folder.
1461506,Several parcels delayed lately despite choosing next day and being a prime customer. What’s going on?,"I'm sorry for the frustration, Jackie. Can you tell us who the carrier is? You can see it here:"
1462529,Here's the error message I get when trying to authorize a site to add to the list of approved sites for my child,Thanks for the additional info! We'll need you to contact us via chat or phone for more support here:
1463455,Just ordered an item on Prime. Why is the estimated delivery date Monday? Are they slacking in customer service now?,2/2 days after your order ships. We aim to meet the date given to you in your confirmation e-mail.
1464174,"Okay but you never did answer my question, from where do I activate the free prime membership with echo. I never received any instruction in the package or email.",That's strange! The Prime membership should have been activated by now. Let us check this out for you. Please reach us via the link provided earlier and we'll check this out.
1464278,"Ihr seid CRAAZYY 🤪 Tatsächlich, heute geliefert! 😘",😎 Oh yeah! :D
1464327,C**k.. I just clicked the wrong button on Amazon & signed up for prime,"I'm sorry! If no benefits have been used, canceling issues a full refund. You can do so here:"
1466054,I had a seller account which was suspended. I appealed the case by providing evidence in support & heard nothing! I have called over 12 times to be told it's being passed to specialist team & then nothing! Please help this is getting very stressful,"Hi, please submit this secure from so we can chase it for you:"
1467446,Thanks this is now solved,You're welcome. Thanks for letting us know you were assisted.
1470340,"Another next day delivery arrived 2 days late , & 3rd order from 30th Sept still hasn't arrived - just had a response saying it may be lost",I'm sorry about this delay! Please contact us by phone or chat for some real-time options:
1470745,"For some reason, my Persona 5 art book was delayed by Amazon, so I won't be getting it on release date despite being ordered back in April.",I'm sorry for the delay! Were you provided with a new delivery date?
1472545,Sure..but kindly go through this case and resolve as soon as possible so that we can ship by today..,We haven't received your details. Kindly share them on the link provided above and we'll get back to you at the earliest.
1472697,Me estás diciendo que no cumplen con los plazos que se comprometen en correos? Shavo eres nuevo trabajando ahí? 🤔🤔,En este caso puedes contactar nuestro Departamento de Cuentas en este enlace:
1473711,"You say ""a book""? 🙈 😂","Wow! That looks like an amazing wish list. We wish we could provide you with a discount, (1/2)"
1474039,Spent 20 minutes on live chat. ZERO resolution to my situation.,Apologies - what information did we provide ?
1474622,SORT YOUR DRIVERS OUT in my area. signing off items as delivered yet not even delivering them! ruined my dads birthday present.,"Oh no! I'm sorry for the troubles with your order, Will! Can you tell me which site you order from and the who the carrier is?"
1474657,"Oops sry , I won't share the order details public. , but if anything you guys can do. I will be very much happier.","I'm afraid, we'll not be able to assure early delivery as the orders are mapped as per delivery estimates. Kindly wait."
1476897,Watched one of your delivery staff refuse to deliver to my building because they didn't feel like using our locker system. Help?,So sorry! A member of my team would like to look into this issue with you. Please contact us here:
1477266,#Amazon really really dont want push notifications saying I've not bought beauty products.... wtf I've not bought cleaning either :p,Oh No Rachelle! Let's get those recommendations fixed here: Let us know if that doesn't help.
1477376,Clicked on link and it says can't find !!!!! Hope that's not the case tomorrow,Try clearing your current browsers cache and cookies. Do you get the same results when using another device or browser?
1477530,hello. How do I go about getting the postage and packaging refunded for this? Or do I need to cancel the item?,"I'm sorry it hasn't arrived. At your convenience, contact us via phone or chat here:"
1478008,"we just set our TV up from our wedding registry, but it's broken & it won't let us return it for a replacement. Help pls!",I'm sorry your TV arrived this way! Please contact us here: and we'll look at our options with you.
1478817,"Pris en charge oui, traité bof, avec satisfaction bof bof par contre pour se faire envoyer chier à 21h30 parce que la limite c'est 22 oui","Navrée encore une fois pour cela, je manquerai pas de remonter l'information."
1479739,Got delivery message first and the order items 20 mins later in hand,"It might be due to delivery associate error. However, I've noted your comments and have forwarded your feedback internally & 1/2"
1480145,Inutilité d' Prime si c'est livré par !!! Ma fille offre quoi demain à sa copine avec une livraison mardi??? 😡😡😡,"Bjr, dsl pr cela. Afin qu'on puisse vérifier votre dossier, merci de remplir ce formulaire via un PC:"
1480148,I hve provided my details,If you have already shared your details then our team will be getting in touch with you via email soon.
1480810,Yes it was behind the side gate. Other package delivered by amazon which was left in the preferred location,"Hi, please keep us posted, it may be close neighbour or safe place:"
1481191,Am I missing something? How do I make the purchase? #amazonux,Hi Alexis- Is the item currently available to purchase? If not it may only allow a sample to be delivered?
1483574,How do you take the survey when they hang up in the middle of your sentence,"That's not the experience we want for you. So we know how we can help, please tell us more about the music issue."
1484720,unable to cancel this order. Plz help me 403-6971836-0369117,We'll surely help you cancel this order. Please connect with us here: We'll be glad to help. 1/2
1484820,aaand still nothing. A couple outstanding orders and nobody will answer me...wth is going on?,I'd like to have a member from my team review this order for you; please provide your info here:
1487380,"and ...where in the HELL is my daughter-in-law's package? The tracker hasn't updated for TWO DAYS, saying ""out for delivery""...","If the order is 2 days late, please have your daughter-in-law get in touch: for options."
1487729,UX of amazon without subscribe and save feature is 100% and UX of subscribe and save is 0%.,"We appreciate your feedback. I've forwarded it to the appropriate team, for improving customer experience."
1487895,"can amazon GC be purchased in retail stores/locations? If yes, where in Hyd do I get them?",Amazon gift cards are only available on our website. You can find all of our gift card options on our (1/2)
1488345,3/3 whose mobile number being mentioned in the out for delivery notification. Totally messed up,We've responded to your concern here: please check.
1488724,Want replacement & full refund also. Make changes in your policy for delayed delivery of product to customer.,I get your disappointment. I'm afraid we wouldn't be able to initiate a refund and create a replacement at a time. 1/2
1488758,But it has not been dispatched yet. How can you expect it to be delivered on time if it has not been dispatched yet?,"Hi, have you been emailed to alert you of the delay ? Was the item sold directly by us or a third party?"
1488805,Apparently it gets emailed you the buyer. Bit misleading when it shows a physical guide and not a digital one.,I can understand any frustration this has caused. Have you received the e-mail including the guide?
1488822,"Sorry , I mean why I must buy the refund fee if that's Amazon's fault !! The fee is 320$ ! And the book was only 68$ !!","We'd like to look into this with you. When you have a moment, contact us by phone or chat here:"
1489457,Wenn ich auf den link Drücke komm ich einfach nur auf eure Twitter Seite wie soll mir das bei meinen Problem weiterhelfen?,Du kommst über den Link eigentlich zum Kundenservice. Versuch es hier: Gruß
1489478,"zum 10. Mal hintereinander schafft ihr es wieder nicht, meine Vorbestellung am Erscheinungstag zu liefern!",Das klingt ärgerlich :( Um welchen Artikel handelt es sich denn?
1489478,immer um limitierte Musikbundles die ich im Vorhinein Monate zuvor schon bestellt habe.,Melde dich doch bitte zur Überprüfung mal hier: Liebe Grüße
1490199,Changez de transporteur tête de ma mère,"Bonjour, avez-vous un souci avec une commande en cours ?"
1490221,"I have placed an order on 8th Oct 2017 , but still now I didn't get it delivered it's almost 1 month, how shameful does it really.",I'm sorry for the delay in delivering your order. Please reach out to us here: (1/2)
1490777,the date as above but I have pre ordered items previously & they have arrived the day of release. I would have been better buying elsewhere,Apologies Rebecca - did you select the 'Release Day' delivery method ?
1491772,I have spent an hour on hold with amazon this morning just so someone can look at why I have been charged for something I shouldn't. Great 👍,"Sorry to hear that, did the agent explain why it is taking longer than usual?"
1491814,I’m a prime member and I ordered it over 6 months ago. Surely that should qualify it?,"Hi, more info about release day delivery here: Please keep us posted on your order."
1491859,"By Amazon, its the new Kindle Fire",Could you try to phone us again here? We can look into this in real-time.
1491867,I'm a Prime member so it should have been delivered today.,"Hi, what shipping speed & info is listed here:"
1493707,struggling to get the refund from amazon pay to bank account. Order 402-1719013-1409956 Written hundreds mail and made calls,"I understand waiting could be tiresome. I'd like to look into this, please fill this form: 1/2"
1493735,This is the 4th time in a row that #amazonindia has failed 1-Day delivery despite being a #amazonprime customer. #badservice,We're so sorry to hear this. Please report it to our support team here: for a quick assistance.
1493788,"claro que si asi pongo yo tambien gastos de envio gratis nenes, pgatina al producto y a rular....","Lamento lo sucedido, recuerda que puedes valorar nuestro embalaje mediante el siguiente enlace:"
1494286,is anything you order that's fulfilled by Amazon eligible for a free return? Please let me know ASAP,"Hi, please check our returns policy here:"
1496606,On en parle du service client ? #nonrespect des délais de #livraison,"Bonjour, Je suis désolée d'apprendre cela. Quelle est la nouvelle date de livraison indiquée?"
1496673,Damn right im a grass.. when they lost one game worth £50 and delivered this one with a cracked case...,I'm sorry! We'd like to help with this! Please reach out to us via phone/chat here: and we can help.
1498525,would you help me in this can you arrange call back,"Being a social media platform, we will not able to connect with you from here. We'd like to help, kindly connect 1/2"
1499762,Are you going to reimburse the money? Simple as that.,provided above so that we can assist you accordingly. (2/2)
1499799,I have already reported. Read previous tweet.,an email correspondence from the social media team by now. Request you to respond to that for further assistance. 2/2
1499811,Does this mean I'm not eligible for the #prime 10$ reward when loading gift card balance?,"We'd like to help! To provide the most accurate info, could you let us know which website you're using? (.com, .co.uk, etc)"
1499847,Je ne trouve pas votre SAV,Vous pouvez joindre notre SAV via ce lien :
1499855,je fait comment sans téléphone pour le taff ? À cause d'un problème chez vous c'est super sa,"Bonjour, pouvez-vous nous expliquer davantage s'il vous plaît ?"
1499913,I changed the delivery dress on my order. one item is being shipped to me and the other has been sent to the old address???,Sorry about this. What Amazon site did you order from? For example etc
1500620,Really wish my Prime service was worth the $100 a year. No reason why I should be this stressed about pre orders.,Are you waiting on a pre order? Is there tracking available?: We'd like to help
1501732,Plagiarized review on Amazon (link to the source in the comment I left). Can you help out by reporting/marking it?,"Hi there, Connie! We'd like to look at this with you! Please reach out to us here:"
1501781,"I'm currently living in Italy, but my gaming systems are region-locked to the United States. Is there a way for me to--",What kind of gaming system are you referring to? And what are you looking to purchase?
1501897,Recvd a sondmagic bullshit headphine instead a sony BT hdph. Your team is nt rdy 2 hlp. pls teach them quality cntrl,"That's unusual, we'd like to help with this. Please share the details here: and we'll look into this."
1502902,"I feel like because I'm in an apartment they're just like ""eh screw it"" or leave it in the leasing office to get locked in all weekend.","Amazon marketplace did you order from? (.com, .co.uk, .in) (2/2)"
1503848,I have tried too many times to download your new album but ain’t letting me? I could 😭,"I'm sorry about the trouble. Without posting account information, can you tell us more? Are you seeing any error messages?"
1504103,Hey thanks for losing THREE of my packages and then requiring THREE phone calls to get minimal help with it.,I'm so sorry we've lost multiple packages of yours! Was it the same carrier for all 3? Check here:
1505374,i think amazon have just took a random £1 off me? I have no idea why,"We're here to help! In most cases, a smaller amount, such as €1, is an authorization. Have you recently ordered an item?"
1505431,Hello Friend of mine got her order in damaged condition. Can you please check,Please don’t provide your order details as it is personal information. Our page is visible to the public.2/2
1506904,"Dear , please make my Fire Stick work. And send more wine. Sincerely, the girl who just wants to watch GoT. #ugh","I'm sorry you're having issues watching GoT! What, exactly, is happening with your Fire TV Stick? We're here to help!"
1509264,Amazon having a shocker delivering Call of Duty. Got an email saying its out for delivery but tracking says its preparing for dispatch.,Sorry to hear this. Has the actual tracking updated - received an 'out for delivery' scan ?
1509269,This is not acceptable I love epic fantasy books nd most of them aren't provided by amazon buy so I have to give more money than Mrp price.,"Thanks for taking the time to bring this to our attention. We always value this kind of feedback, as it helps us (1/2)"
1509302,Amazon caught up to me. I forgot to cancel the subscription and they pulled a bill 30 from my account. I'm stressed,"I'm sorry for the unexpected charge! If you haven't used the benefits, you can cancel for a refund"
1509898,"So the delivery driver pulled up outside my house, couldn’t find my delivery then drove off. I WANT MY WW2 PREORDER",Oh my! I'm sorry for this. Packages can be delivered until 9pm. Please let us know if you do not have your order by then.
1511931,"Dear . If I order something bc it says same-day delivery is available, I probably need it today. So wtf w the 2 day delivery?",I'm sorry for this wait. What was the delivery estimate given at Checkout:
1511988,Already checked. No explanation as to why they were canceled or returned?? On the phone for 20 mins and your agents don't have a clue either,"Were your orders shipped by Amazon, or by one of our third-party seller? You can find out here:"
1512038,"It says its delivered at 6:57am, no one would have been able to deliver it at that time. Please get someone to call me as a matter of urgenc",We don't have access to account information. Please reach out at the link provided above.
1513579,Can I download a movie that I purchased on Amazon video to my pc?,"I'm sorry, currently there is not an option to download a movie to a PC through Amazon."
1514373,Amazon logistics spedizione BA0088644813,Da qui non abbiamo la possibilità di controllare. Clicca sul link indicato sopra e ti risponderemo il prima possibile.
1515321,Was ist los bei Amazon Logistics in Bochum? Pakete an Amazon Locker verzögern sich um Tage. Unbefriedigend! Besser DHL/Hermes?,"Deine Verärgerung kann ich verstehen. Allerdings bitte ich dich hier um etwas Geduld, bis das angegebene Datum erreicht ist."
1515321,"Ich will nur verstehen, was da klemmt. Sachen werden laut Status gestern um 10:38 ausgeliefert und sind heute um 19:45 noch nicht im Locker.",Über Twitter haben wir leider keinen Einblick in deine Bestellung. Die Kollegen prüfen das gerne:
1516000,attempted delivery is a complete lie. No one came either day as we have been home. Couldn't be bothered more like.,I'm sorry to hear about the trouble with delivery! Who's the carrier listed for your order here:
1516009,En préparation chez l'expéditeur,"N'ayant pas accès à votre compte via Twitter, veuillez relancer notre SAV je vous prie via ce lien:"
1516030,I filled the details. Kindly look into matter and help me with the return.,Thank you for confirming. Our team will get back with an update. Request you to wait till then.
1516041,"how long does it take to get refunded on a canceled order cause i got charged. I made the wrong item purchase, bleh.",I'm sorry you haven't received your refund! Have you reached out to our Customer Support team:
1516110,Thanks. It’s been resolved now &my album is on its way. Thanks for such a speedy response. 👍🏼,We're always here for you! So glad it was sorted out. Let us know if we can do anything else!
1519057,"Update: Aún sigue deshabilitado, pueden darme un número gratuito de atención para llamar y ver dónde está mi pedido?","Hola de nuevo Johnny, lamentamos el inconveniente. Por favor intenta a través de este enlace: ."
1519121,I got charged for 11.65 as well right after I changed payment,We'd like to take a closer look at this. Please reach out to us here:
1519879,en un pañal de muestra de dodot,"Entiendo, en este caso los únicos cupones que puedes utilizar, son los que aparecen en la página web."
1519883,I’m expecting a delivery next week - your tracking says that I’ve requested delivery on a different date even though I haven’t?,"Oh goodness! Please reach us by phone or chat here: so we can take a closer look, Jasmin!"
1519896,Why do Amazon Logistics never deliver a package! 9 deliveries “attempted” but not arrived! #poorservice despite instructions!,I'm sorry your orders haven't been delivered. We'd like to make sure this is escalated for you here:
1521756,Like I’ve never had an issue with their delivery people but this guy legit made me uncomfortable :/,This certainly isn't something we like to hear! We want to help. Will you confirm the carrier listed for your order?
1522600,Yeah Ive done all of those things. Noone has the parcel and no delivery card but my account says “delivered to customer” yesterday afternoon,Let us look into this. Please contact us by phone or chat here:
1525974,Anyone else STILL waiting for their copy of Wonder Woman Warbringer from Amazon?? Mines 3 months late!,I'm so sorry for the delay! We'd like to look into this with you. Please reach us here:
1526875,"Yes I keep getting charged for amazon prime when I don’t use amazon prime, how do I cancel it?",Please visit this page if you'd like to cancel your Prime Membership:
1529957,"Yep, and their tracking is down online. Just had this reply from Amazon, if by next business day they mean Monday I will be fuming","Deliveries can run until 21:00 hrs. If you don't receive by then, reach out via Chat/Phone/Email:"
1530917,"hi, I keep getting the error message saying my password is incorrect no matter how many times I change and reset it. Please help","I'm sorry to hear this. Just to confirm, is your account with .co.uk or a different Amazon site?"
1531210,can u delvr a product on or bfr 12 nov as dat product is not eligible for prime. I want to gift it 2 my father on his b'dae.,"I get the importance of the occasion. Delivery dates depends on shipping address, the location of the item, (1/3)"
1531264,"Craft supplies for tomorrow's program have not yet been delivered. says ""out for delivery"" so... we shall see.",Deliveries are made until 8 PM. Please keep us posted on the arrival!
1532169,I have. Thank you !,"Thanks for confirming! When you contacted us previously, what information/options were provided to you?"
1534964,Thanks for leaving a $350 package unprotected in the rain. 😡,"Oh no! Was any part of your order damaged? If so, please reach out to us for available options:"
1535386,once again cheated by 408-9587619-9781162.item nt delivered widout reason.Do we really afford this?Is it a monopoly?,"I'd like to take a closer look into this, please share your details here: 2/3"
1537467,Any return policy applicable on it?,You may request a return/refund here:
1537511,Two futile complaints in FOUR days with call-center about this invisible #AmazonPrime delivery-failure.,Sorry to know you've not received your order. Kindly fill your details here: I'll look into it.
1537560,"In the back of my mind, I'm thinking they may have lost the package.",I'm sorry for the experience! This is not what we want to hear. Were you able to use the link provided by ?
1537567,Hey my prime orders keep taking longer than the guaranteed delivery date to get delivered... Can you help? #1stworldproblems,I'm sorry your orders arrive later than expected! Have you noticed this with any specific carrier:
1539216,That particular order is not listed. Can you check?,"Under 'Tell us more about your issue', > choose from chat / phone / email options and we'll be glad to help. (2/2)"
1539230,No I wasn't. The rep I chatted with just blaimed the carrier and said the package should be delivered Monday (3 days after gauranteed date),I'm sorry for the delay! I'm glad we were able to provide you with new delivery date. Keep us posted!
1539873,Today is Oct. 16...calling 8 day delivery 2 day shipping and charging for it is just a LIE. 1 day shipping won't arrive for a week!,I'm sorry for the wait! Some items are unavailable to ship right away. You can learn more here:
1543264,I WANT TO ACTIVE AMAZON PRIME ON MY LG SMART TV HOW TOH ACTIVATE,"You can watch Prime Video on 2015 and 2016 smart TVs from Samsung, Sony, and LG. (1/2)"
1543573,Amazon Echo Dot arriving today! I'm excited!! 😍 😄 #AmazonEcho 🔊,"We're excited, too! Excellent choice. Have an awesome weekend."
1544054,why Lumia 640 xl phone not there for exchange while I am planning to buy one plus 5 ..on Oct 14th it was there ...,Kindly stay tuned for updates on the availability of the offer. Appreciate your patience.
1545448,Wat a joke sirji from 18th oct in my order list refund issued is showing but still after 15days my refund is not credited.,Please fill in your details using the link: and I'll get in touch with you soon. (2/2)
1545740,It shows that the product is not included in return option,I get your concern. Please connect with our support team using the link above. We'll look into it.
1546001,"Dear AR, I don't have an account. That's the reason requested on twitter for assistance to have mail id.","Only account holders can contact our support through the link shared, could you help us with your query?"
1546031,"Disappointed with delivery.It was expected yesterday,today customer care told me,may be I will get by tomorrow.403-5989134-5342768","form: so we could get this checked. Also, don’t provide your order details as its to be 2/3"
1546040,Yeah checking that update only I got to know that it hasn't been shipped. Something went wrong while sending the message then I guess.,Apologies for the delay in delivering your order. Please drop in your details here: 1/2
1547218,"Link provided is for buyers, we are seller on Amazon.in",I'm sorry about the hassle. Please connect to our support team here: We'll look into it.
1547247,Why have not you picked up my ORDER # 404-8970009-0733166 and what about refund? Why are you delaying this? I want to place,I'm sorry about the delay in pick up. Please share your details here: 1/3
1547883,I am not able to view my orders and your customer care support is not available. #AmazonIndia #Order,Did you try contacting us through this link:
1548365,Why is alexa a big liberal cunt? Why does she say jesus is fictional and there are more than one gender? Why lean one way? Me and many others will be boycotting this dumb fucking piece shit spyware. Go fuck yourselves fucking liberal cunts,Thank you for letting us know! I sincerely apologize for any offense this may have caused you. It is not Alexa's intent to offend. I've sent your feedback to the product team to improve the responses.
1550774,"👏🏻👏🏻.On the day of order delivery,order is cancelled with no intimation.It was a prime delivery😡.Very bad!Oder removed from list",Sorry to know about the cancellation of the order. Whenever an order is (1/2)
1553042,3/4 Today they told me money was not loaded by delivery boy Fix this issue as soon as possible Contact me on 7042766109,"Please don't provide your account details, we consider it to be personal information. Our page is visible to the public."
1553213,It would've been better if you cross-check the product before it reaches the consumer. I'm fed up of couriering the package all the way back to you. Got a defective Sony headphones. 😔,I'm sorry for the faulty item. You may request for a return via
1553227,Why do you keep asking the same questions I’ve answered? The delivery date was next day delivery! But why do they not turn up next day?,We'll be happy to look into that for you. Please reach out to us here:
1553281,"Request to speed up the process, everything you demanded on the form I have submitted, request to speed up the inquiry",We have received your details. We are working on it and get back to your with an update.
1553283,"If this is the issue than just tell me why should I ever pay my money with , better it will be if I choose COD.",Please fill in your details using the link: and I'll get in touch with you soon. (2/3)
1553872,calling it “guaranteed nextday delivery” & then not delivering the order for several days is false advertising! Repeatedly happens,I'm sorry about the frustration! We'd like to help! Do you have an active order that's running behind?
1554868,"Clearly Both Amazon and Royal Mail have shown me absolute contempt as a customer, and are continuing to do so!",What was advised when you contacted them?
1556294,. - packaging overkill?!?! 😂,Oh my! We're always looking to improve. Please tell us more about your experience here:
1556316,has withrawl option while don't,I've forwarded your feedback to the concerned team for review.
1556321,"Indeed. In the Settings, Video does not even appear. Why this special treatment, ?","I get your concern, Nakul. We haven't made any announcement on this yet. I'll ensure to forward your feedback to 1/2"
1558717,. Love the Echo! When is Prime Music streaming going to be available? No complaints otherwise,"Delighted to hear that you love it. Regarding Prime music, currently there is no announcement. Stay tuned for updates."
1558725,I get plenty of orders that get delayed. Current prime order 204-2998163-8559512 (20+ hours ago) won't arrive till Tuesday. What the fudge?,Sorry for the wait. Prime shipping refers to the transit time after orders ship. Have we missed a date provided at checkout?
1558930,Angeblich heute. Immernoch Versand in Kürze.,Leider habe ich keinen Einblick in deine Bestellungen. Magst du dich mal bei meinen Kollegen melden?
1559279,'Sorry an unexpected error occured',Have you had a chance to contact Activision regarding this? You can find their contact info here:
1559884,This skill already exists for Amazon echo in US. Why can't I get it here ???,We can apprehend to the connected excitement. I've noted your comments and have forwarded your feedback internally.
1559900,"est vraiment de loin le meilleur site marchand ! Choix, prix, livraison, retour... 👌🏻 Merci beaucoup 😊","😍 ça fait plaisir d'entendre cela, merci à vous surtout de nous en avoir fait part !!"
1559908,hello. Echo dot recognizes All Sonos devices. Playbar is the only devices it won’t play to despite listing it and recognizing it in the Alexa app. Any experience with this issue?,Hi. If you get in touch: we'll be happy to look into this with you.
1560573,where’s my Echo? Delivery not updated since Tues. It’d have it tomorrow if I cancel and reorder. What’s the point of preordering?,"Hello, what is the current tracking information showing for your parcel? You can check here:"
1561188,Bonjour à combien de RT vous m'offrez un smartphone ?,"Bonjour, cela n'est pas possible."
1561952,Which is nonsense as I am being blocked from postin ANY reviews,Please reach out here so we can check this for you
1561968,Hey order number 911147465754 better be delivered today. Dont make me regret my prime membership.,Sorry for any delay. Did we miss out our estimated delivery date? 1/2
1562019,Quand m'informe que le prochain tome de ma série préférée sera livré 1 mois plut tôt que prévu... NON ça ne me dérange pas ! :),"Excellente nouvelle Fred 😃 Si ce n'est pas indiscret, quelle est la série que vous attendez ?"
1562368,I've contacted you 32 times already ! Just refund me my money and give me the Hard copies of the content wiped out.,I'm sorry about the stretch. Kindly write back to the email you've received from our social media team (1/2)
1562375,"Nothing new in the email, how you're working hard to fix the prob etc. Just refund my money , thats all I want. Why doesn't someone call?",mentioning the same. 2/2
1562857,I’m considering signing up for Prime; Can I use Prime Video/Music and Premium shipping in Belgium now?,Amazon Prime is only available in Germany or Austria. Regards
1563285,my order has said 'dispatching today' since yesterday! What's going on?,"As we're unable to view your account via Twitter,pls contact here: so we can look into this."
1565015,"me mandaron un correo que mi pedido había sido declinado con 2 diferentes tarjetas pero en pedidos salen 2 ""en proceso de envío""",¿Sigue pidiendo revisión de método de pago?¿Has contactado con tu banco?
1565236,I'm certain my Alexa is possessed. She randomly started playing religious radio and connects to random iPhones 😳😱,Oh no! Have you checked the Dialog History to see if it picked anything up:
1565853,De toute face cela ne change rien . Ce n’est pas la 1ere fois et j’ai toujours le même refrain inutile. Très en colère 🤬🤬🤬🤬🤬,Avez-vous contacté notre SAV pour leur signaler cela?
1565857,It says it will deliver today but no sign of it yet :/,Deliveries can occur until 21:00. Please let us know if you don't receive it by then.
1565883,"Screw you, . Guess prime 2-day shipping doesn't work for everyone. #amazonprime",We're sorry to hear this. Has one of your orders not arrived as scheduled?
1565913,It should be a public matter. I have tried of calling Amazon customer care but havent received my money back.,mentioned earlier please open the link that was provided earlier and respond there. We assist you further. 2/2
1566735,does any1 reply 2 comments on play store?App has been givin users a hard time. Been a week cldnt c a single video,"Yes, we do provide support for our customers on Google Play store. Kindly elaborate for us to help you better."
1566735,Videos wont play.. screen freezes n goes black splits a second into pieces. Check internet..,Are you referring to Prime Video App?
1567094,I have send mail already to your qla team but not any response so please help to me I have add money to amazon pay balance so please help me,These limits can’t be increased. Items with quantity restrictions have very high demand or a limited supply and 1/3
1567476,"oui, car forcément demande de retour impossible en ligne. Carton sans emballage, sans protection, arrivé aussi éventré que l'intérieur.",vous pouvez soumettre une évaluation sur le manque d'emballage reçu via le lien suivant :
1568708,I’ll try it and contact you if I have any further issues. Thanks.,"Sure thing, we'll be here if you need us, Tray!"
1569561,"I already changed the password, just wanted to know the reason.",You might have received a notification for the reason to reset. Kindly refer to the same.
1569561,It said for your security your password needs to be changed then it gave two options of mobile and email for sending code.,Sometimes we ask our customer to reset their account passwords for security reasons. It is only to keep your account safe.
1570294,I have ordered one plus 5 in India,I’d like to help you; please fill this form: and I’ll contact you soon.
1570819,No update on my order since 18 hrs.. worst services in store has betr services nd are on par with promises,"Please don't provide your order details, as we consider it to be personal information. Our Twitter page is public.​"
1570832,Again same issue still problem didn’t solve and don’t request any kind delay,Sorry about the trouble with the delivery. You might have received an email from us. Please check and reply to the same.
1570853,"hello, I need to complain I bought from an Amazon Seller but can’t find how to message them directly?","Hi, Charlie. When you visit this order here: do you see a yellow ""Get help with order?"" button?"
1570951,Hv done exactly as you said and there is NO facility to disable this nonsense.,Pls request a call back here so we can help you out Shelia
1572221,Can't wait to have Alexa in the family 😍,That's awesome. Your family is gonna increase by one more member. Kinda reminds of the show Karishma ka karishma doesn't it?
1572816,I have reported twice and no response yet.,"How have you reported it to our support? Email, chat or call?"
1572863,This doesn't come up when I click on my order?,Is this order sold and fulfilled by a third party seller?
1572905,It’s all a scam as price reverts to original on check out guys. Check delivery chargers can be double the price of product.,We've responded to your query here: Kindly refer to the same.
1572928,Ha ocurrido algo con la lista de deseos o es que ya no se pueden ordenar los productos por precio?,"Hola Erlich, espero te encuentres bien. Por el momento esta funcionalidad no está disponible en nuestro sitio web."
1572930,colis marquer livré mais je n'ai rien eu 😑,"Bonjour, désolée pour cela, quel est le nom du transporteur ayant pris en charge votre livraison je vous prie ?"
1572947,"Yup, this got resolved. Thanks!",That's great to hear! Let us know if there's anything else we can help you with!
1573538,"how do you trace a parcel which is presenting as ""delivered"" yet it hasn't been delivered to me.","Hello, please take a look at the link provided as it might help you locate the parcel:"
1574266,Was sold fraudulent item at . Rep assured me of full refund per A-Z Guarantee. I returned item. AMZN reneged. Help please,"I'm sorry to hear this. Have you tried contacting us again by phone or chat? If so, what was advised regarding this claim?"
1574443,"No. I just keep being told it doesn't exist, end of.",When was the last time you used it ? Have you checked your Spam/Junk folder for any emails form Amazon ?
1574952,", wie wollt ihr dass denn schaffen, Zeitreise? Dritte #amazon Primebestellung die in dieser Woche zu spät oder gar nicht kommt.",Sehr ärgerlich. Bitte reklamiere das nicht eingehaltene Lieferdatum: Gruß
1575627,Thx. We reached Amazon by phone and got it after 35 minutes of talking to different people. Thx for your help.,"You're welcome! Thank you for the update, and your patience."
1576244,"See this, after 3 visit to yr centre based in Lajpat Nagar 2 Delhi, India. They say, they have only this latest os which can be reinstalled",I’m sorry about that. We would like to assist you. (1/2)
1576289,USPS. And this worries me.,"In rare cases, it may say delivered before arrival. If it's not in by Monday, please reach us here:"
1576306,Here is my email confirmation,I'm sorry for the trouble! Please give a call here: so it can be looked into in real-time.
1577275,"Bought this 4 months ago and that happened Like if I wanted to be ""2 face"" I'd let you know","I'm unable to comprehend your concern, Humaid. Could you please elaborate so that we can assist you accordingly?"
1578335,trying to cancel two Amazon Digital Orders that were made in error (due to 1-Click). Can you help,I'm sorry for the frustration! Please reach us via phone or chat so we can look into this:
1581341,😔 it’s a pregnancy pillow - I really wanted it for tonight! 😴😴,"Deliveries can run until 21:00, if you don't receive it by then, reach us via Chat/Phone/Email:"
1581376,I haven't been able to go on your website for the past 48 hours. Amazon is the only site that I can't access. What's going on?,Sorry for the trouble! I've responded to your DM with some troubleshooting tips.
1582562,"Order # 407-3038099-9197965 you have cancelled, but SBI Card has started EMI deduction on the payment as per your offer.",We apologize for the inconvenience. Please contact us here: and we'll help you with this. (1/2)
1582595,Bonjour Pouvez vous me dire s'il est possible de ne plus être livré par Amazon Logistic ? Je ne suis jamais livré avec ce transp,"Bonjour, rencontré-vous un problème avec les livraisons Amazon logistics?"
1586219,9.30pm yest I load money in AmazonPay. It reflects in my account 5hrs later. Why? Money in other eWallets shows in 5 seconds. This is 2nd tm,I understand your concern regarding the pay balance. I've noted your comments and have forwarded your feedback internally 1/2
1586711,Je n'arrivais pas à bénéficier de la babybox offerte malgré les 25€ d'achats sur une liste de naissance.,"D'accord, nous restons à votre disposition en cas de besoin :)"
1586778,I called again and now the new person is saying. There is nothing like that written here.,Apologies for the confusion. Please fill this form: & we'll get back to you with an update.
1590592,No new estimate as part of troubleshooting over phone order was canceled to try to reorder. Can’t reorder,"When you contacted our support team, what insight/available options were we able to review with you to fulfill this order?"
1592449,still my refund not credited. yesterday is the refund date but no credit. and i ask yesterday customare care they are told me go to nearest bank and tell the reference number he will help you. what is this sir all your side misstake but all problem handle me only.. very bad sry?,"Apologies for the hassle. Please contact your bank customer service and dispute the transaction as 'refund not processed'. At that time, they will see a pending refund and will follow the path back to our payment processor to locate the refund."
1593598,is this one of your email address? <__email__>,Have you received a suspicious email from us ?
1593608,One of my friend has faced a very shameful Customer experience from you guys. I too did not expect this from you guys.,That's quite a comment. I'd like to know what went wrong so that I can help you accordingly.
1594012,Your order for pin 800020 dispatches from Kolkata West Bengal to Haryana while it can directly be send to Patna.,Please wait till the estimates. I'm positive your order should be delivered as per the estimates shared with you. (2/2)
1594634,"I already sent an email, though. Is that not enough somehow?",The phone or chat options are the most direct way to get in touch with us. So we can go over this in real time with you.
1595184,please make the delivery by today. It's a gift for special.,"I understand the importance of the product. We try to deliver the packages as early as possible however, we wouldn't 1/2"
1595235,"Es geht mir auch nicht darum, dass es heute nicht kommt, sondern dass wahrscheinlich gar keine CE mehr kommt. Ist immerhin begrenzt (4/*)","Hast du dich deswegen bereits bei uns gemeldet? Falls nein, bitte gleich hier: Viele Grüße"
1595278,I preordered South Park the fractured but whole but it says it's coming Thursday instead of today,"Hi, we'll respond to your DM as soon as possible."
1595329,last month my card was charged for prume when even though its canceled and it did it again this month,Oh no! You can cancel your prime membership here:
1597728,"I'm a Prime member. Spend thousands a year. You do not want to lose me as a customer,",I'm sorry for the trouble! We'd like to take a closer look at this; please reach out to us here:
1598452,i want to contact with Amazon plz how to call at your customer care,You can reach out to our support team here: for any assistance.
1598775,i purchased this from Amazon and see the packing of Flipkart,I'd like to check this issue for you. Please share your details here: and I'll reach out.
1598818,ruining my Diwali since yesterday track115107102141. Prime delivery guaranteed yest not delivered till now. Several followups done,We'd like to help you in getting this issue resolved. Please share your details here: and we'll help.
1599242,"I had bought Ipega 9038 just now, which came with missing accessories. Though return request is done, I wanted to gift it to my 8-yr son on his b'day tom. What do I do now??","I'm sorry for the trouble caused over this order. As return is requested, please follow with the return and place a 1/2"
1599627,"Sauf que je n'ai pas de fax. Donc ca veut dire par courrier. Sauf que ma commande est urgente, donc je suis censé me démerder 1/2","Honnêtement, seul l'envoi des documents peut de débloquer le compte, certains bureaux de tabac proposent le service de fax."
1599748,I’m not sure what to because the signed book is out of stock...so if I return it I won’t get a signed one,I'm so sorry for the condition of your book! Please reach out to us so we can look at options:
1600426,"I have filled that form you asked me too, but nuthing has been done upto now",Unfortunately I'm not able to find the details. Request you to check and resubmit the same.
1601111,ich habe Dienstag (Feiertag) Vormittag per evening express zu Donnerstag bestellt. Bisher nicht angekommen,Konnten dir meine Kollegen helfen?
1601604,I am already a Prime Subscriber in India. If I buy the Echo do I get the Amazon Prime charges in my Amazon Pay balance since it shows 1 year Prime included? Or do you extend the date?,If you are a prime member and purchased an echo device. 1/2
1601617,Les acabo de enviar un MD para confirmar una sospecha que tengo sobre un correo que recibí el día de ayer... Revísenlo. Gracias,"Hola Néstor, ya hemos dado respuesta a tu MD"
1601848,is there a way to separate my movies and tv shows in my video library? I don't like going through all 243 items.,What device are you using? Your Library can be sorted by movies or shows on the website here:
1601855,Amazon Is slower than a snail #freddyfiles is late do something pleaseee,quantity ordered and selected delivery speed. The orders are delivered as per these estimates. Please wait until the same.2/2
1602157,Cc votre politique de changement de prix est honteuse.,"Bonjour, comment pourrai-je vous aider ?"
1602564,"Package not delivered. But you have mail & SMS saying it is delivered. This is unacceptable,","Please don't provide your order details, we consider it to be personal information. Our page is visible to the public. 2/2"
1603070,"9th-11th Nov, but the book was released weeks ago. Can’t find the hardback version anywhere, so wondering if it was just released paperback.",Hi Anthony. I see. What is the current status of your order:
1603128,As of now I haven't heard anything positive from your side.. What is the final resolution..??,"My apologies, Shivkumar. Kindly reply to the email sent and we will get back to you with the best possible resolution."
1603289,kindly check with the vendor and the customer who may be new like me and purchase the guitar for learning but they cant,Apologies for the trouble. Kindly report this to our support team here:: & we'll have this checked.
1603532,planing to buy phone. Is return possible if the person didn't like it? Within how many day ?,You may refer to the link here: for our return policy for mobiles.
1603721,Wende dich bitte in diesem Fall an,Du erreichst uns über den folgenden Link: Unsere Kollegen prüfen das gerne für dich.
1603729,"ORDER # 408-6917321-6324364, 4months on, still awaiting #HDFCBank card cashback worth 2K. Is Amazon fooling its #PrimeCustomers??",We've responded to your query here: Kindly check. 1/2
1603735,"I just wanted to know what do you mean by ""working condition"" for old phone exchange??",You may refer the link here: for complete details regarding the exchange offer.
1604752,#407-4472323-3355563. Delivery personnel is not picking our call. We have called him atleast 10 times. Pls help.,we consider them to be personal information. Our Twitter page is visible to public. 3/3
1605126,The app on my fire stick better start working ASAP!!! Fucking bullshit.,Oh no! Have you tried some of our troubleshooting tips? You can find them here:
1605616,"yes I have. Every once in a while I need to reset netflix, but now nothing is conecting. Do firesticks go bad?",Let's look into this in real time. Please contact us here via phone or chat:
1606254,Delivered Broken Product ! never had issue ! Quality is Deteriorated by Amazon,Sorry for the hassle. Please report this to our support team here: and we'll check this.
1606310,Received delivery agents no but apparently he has left the job 2mnths bk.Why am I being sent a wrong no?,"Sorry for the trouble. If the order is out for delivery, it is expected to be delivered by the end of the day.(1/2)"
1606377,"Hi Amazon India, appalled at your logistic system and the grave emotional trauma they give a customer. #Fail #Disappointed",That's quite a remark! I'd like to help. Please write to us here: and I'll reach out to you.
1609978,"Worst Amazon services,bought""Zoook Rocker Mini M3Speakers""ORDER # 406-4258862-9073149 havnt received my money yet.","Please don't provide your order details, we consider it personal information. Our Twitter page is visible to public. (2/2)"
1610693,Dalo por hecho 😉✨,Estaremos ansiosos esperando la foto. ❤
1610994,"merci pour la livraison rapide. Par contre pour offrir ça risque d'être délicat, vu l'état...",Oh je suis vraiment désolé pour cet incident. Avez-vous signalé cela à notre SAV afin d'y remédier ?
1612056,"Vor ein paar Wochen nachgefragt, ob Adventure Time auch in Eng. anbieten kann. Jetzt verfügbar! Danke!#nachfragenlohntsich","Danke für dein Feedback! Freut uns natürlich sehr, wenn wir dir damit eine Freude machen konnten! :-) Viel Spaß und schönen Sonntag"
1612488,"My order # 403-4976084-1094725 was supposed to be delivered on 15th november, 2017. Still not received. Support not able to help",Sorry to learn your order has not been delivered yet. I'd like to take a closer look into this. Please share your details here : and we'll reach out to you soon. (1/2)
1612500,Yes Thanks that would certainly help customers like me.,You're welcome! Appreciate your understanding.
1614204,. Can you give my contact number : 9082833081 to delivery person and ask them to deliver between 1 to 8 PM. On 6th November.,I understand your concern. Please contact us here: so that we can assist you accordingly. 1/2
1615593,"Under RunWay, you approve Return Request for ""size issue"" even before product delivery. , That's itself is a failure #HearUsAmazon",Have you reported this to our support team here: ? (2/2)
1618345,Can i avail EMI payment for buying Moto G5sPlus through my HDFC Debit Card ?,"EMI as a payment option is only available on eligible products. Please find more info, here:"
1621297,"There was a delivery attempt on day 3, but it was after business hours. I could not find the tracking number in Amazon's email messages.",What's the current status on the delivery?
1622217,... y sin respuesta por su parte.,"En estos casos recomendamos aguardar hasta el final del día de la fecha estimada, en caso de que no llegue, avisanos."
1623410,The email doesn't say who the courier is. Just said it would arrive today,"Orders can be delivered up until 21:00. If late, please contact us for options:"
1623447,why can't I add something from the skills to the Routine lists. Love to play Bamboo Music skill as a routine. #suggestion,"I understand your concern, please contact us here: so that we can assist you accordingly."
1623698,"It is set to amazon, still not working :(",We'd like to take a look at this in real time with you. Please reach out to us here:
1625476,I don't see much of Bollywood movie added ! Need to add a lot more !,We keep adding new content on regular basis. I'll be sure to share your comments as feedback with the concerned team.
1626647,"Almost two hours later and still no food, no way to track and no way to contact anyone. Not the right biz for you guys!",I'm very sorry for this issue with your order. Let us look into this with you here:
1627795,It’s a business address. You know it closes at five.,I'm so sorry! Has your tracking been updated with a new delivery date? You can view it here:
1629849,Very poor customer service in Amazon. Delivery man didn't even call me and issued a refund.,"Apologies, we'd like to understand this better. Please fill this form: and (1/2)"
1629849,It's 19th November and I've not yet received the refund amount. It's been told to me that the amazon services don't share bank reference number against the refund immediately after the refund process has been started.,Sorry to know about the refund issue. Have you reported this concern to our support team using this link here: for assistance?
1631033,"Never pre-ordering with again, just wanna play Fractured but Whole man",I'm sorry for the disappointment! Have we missed the delivery date provided via checkout/e-mail?
1631326,"Si, . Cundo liberan la serie en Mexico?","Hola, actualmente no contamos con el dato. Cualquier novedad se podrá ver directamente en el sitio web."
1632518,you sent me $120.00 worth of cough drops in error. What do you want me to do with them?,I'm sorry about the additional items in your order! Please reach us directly to go over options:
1633171,Who needs leave home? I'm so lazy that I just ordered Cup Noodles by . Lol,"Noodles without leaving the house, what a time to be alive!"
1633281,Pourquoi pour une commande vous vous obstinez à faire 2 ou 3 colis? Alors que les produits sont disponibles... c'est pénible,"Bonjour, cela dépend de la provenance des articles, parfois ils sont envoyés de différents centres d'expédition."
1635681,You can't find the order details from tracking id? Then what's your utility? Do you have feelings Samantha?,fill in your details through the link so that our team can check and take necessary action. 2/2
1636659,So apparently when says one day shipping they actually mean three days glad I didn't actually pay extra for this #annoyed,Hi! Have we missed the expected delivery date that was provided at the time of checkout?
1637213,Told when ordered item would be delievered today on Prime. Now informed tomorrow or Tuesday. Not happy!,I'm so sorry for this delay. Have you had a chance to let us look into options:
1637889,"Hola, hace unos meses hice un pedido y NUNCA LLEGO! , que hago???","Hola, lamentamos lo sucedido, podrías informarnos, ¿recibiste el correo de confirmación de tu pedido?"
1638832,"Oye, cuándo va a estar disponible en Prime México 🇲🇽?","Hola, actualmente no contamos con esa información, cualquier novedad será pública en el sitio."
1639316,unable to buy a book on kindle ios app. Any help would be highly appreciated!!,That's strange. May I know what's the error you're getting when you're trying to place the order.
1642088,"I pre-ordered a cook book call Hook,Line and Sinker which was out Monday. It now says out of stock. What is estimated waiting time? Thanks",Thanks for reaching out! Have we given you an estimated delivery date on the order:
1643404,does amazon offer Amazon Household like in the US?,"I'm sorry, we don't offer Prime Households in Canada."
1643406,I spoke with customer service...seems just some weird freak thing...order never came and driver left with it hours ago. Cancelled it. Bummer,"Thanks for keeping us in the loop. I hope you'll give us another chance in the future, let us know if you need anything!"
1645507,I'm having it on the full site and the mobile site on all browsers. I don't use the app. Shopping works...I just can't buy.,"Oh boy, Tracy! Is there an error message you are seeing? Sometimes clearing cache and cookies can help, as well."
1645617,no recibi mi pedido N.º 112-5097710-8304219 figura como entregado pero fue devuelto por error en el nombre. Necesito lo reenvien,"Dime, ¿el pedido fue gestionado por Amazon o por un vendedor desde nuestro sitio? (2/2)"
1646800,I really need to do laundry. But I'm waiting on a package from That should have been here & I don't want to possibly miss it !,"Hello Devon, what is the delivery date and order status? You can view this here:"
1650272,I haven’t gotten my order yet,"Hi there, have we missed the promised delivery date shown here:"
1650792,I am still awaiting for your response.,"If you've shared your details, you should've received a correspondence from us. Kindly check here:"
1650893,How come hawaii residents dont get Free No Rush Business shipping to get No-Rush Rewards??,Business accounts are not eligible for the No-Rush benefits. More info on Business Shipping:
1650938,Pretty upset right now with Trying to sleep on it so I don't call them right now and flip! #HorribleExperience,"That doesn't sound good Robin, sorry to hear. Without providing personal info, would you like to share with us what happened?"
1651206,Received a call from +911206184200 regarding opening a seller account on behalf of my company.. Then asking my bank details on watsapp,"Sorry to know that, kindly report this activity to our support team here: We'll look into it."
1651537,"Yes, I was able to see xperia z option yesterday, can u help is this?",Exchange options are determined by our buyback partners and may change from time to time. (1/2).
1655108,Any chance of despatching my order? Pending since eighth October.,Sorry for the hassle. Please report this to our support team here: and we'll check this.
1655168,I hd placed an one-day delivery order. It hasnt arrived yet and the delivery boy has swchd off his phn. Ur srvc sucks!,Please don’t provide your order details as it is personal information. Our page is visible to the public.2/2
1657867,how do I go abt filing a complaint 4 the carrier service n my area? 2x my deliveries hv been marked delivered & I didnt rec them,I'm so sorry to hear this. Without revealing any personal account information. Will you confirm who the carrier is?
1658949,I have some balance in Amazon Pay. After using that I am never going to use Amazon. I am coming over forever,Kindly revert to the correspondence which you have received from us and we will assist you further.
1659689,Es betrifft aber diesesmal keine Bestellung von Amazon.,"Oh, na dann :D Aber warte.... hast du etwa wo anders online geshoppt? 😱😆"
1660446,And they didn't leave any notice anywhere. It just says it shipped with AMZL US.,We would like to have someone look into this. Please provide more information using this form:
1660446,I've filled out the form. Do carriers usually try again the next day? Can you even tell me that?,"Typically, orders arrive the following business day. Please let us know if your package arrives by tomorrow."
1661115,Is there a way to revert the site fonts and colors?,We're always looking for ways to improve! Feel free to pass this along to our team for review:
1661516,The only reason I ordered more is because it offered free shipping. It’s just deceitful to offer free shipping if you know I’m in thailand,I'm sorry Austin for the disappointment this misunderstanding has caused.
1661538,Haven’t ordered anything and it’s not taking money,Did you receive an order confirmation email?
1661791,They just said they don’t use that label and I would have to pay. But I have a prepaid label,"Hi Rachel, what carrier name is printed on the label?"
1661806,Amazon Echo: Awesome device with a lot of potential. Does need work on a bunch of things though.,and we'll look into this for you. (2/2)
1661970,My parcel has been returned 2nd time Amazon address is insufficient,"Truly sorry about that, Jaydeep. We already following up with your concern here: request you to check."
1662609,"Estaría muy bien, la verdad 😂",¿Alguna recomendación para poderlo lograr? 😅 Estamos aceptando sugerencias 👀
1663569,Hello! I’m a prime member and placed a order pre-membership. Being charged for delivery and it’s “standard” only. Please assist.,"Hi, sorry to hear that. Is the order fulfilled by Amazon or a 3rd Party Seller:"
1664426,Having shocking CS on the live chat and if anything it's made me cancel my prime subscription,"Apologies, if the order has been delayed the agents may not be able to change the delivery date at this point."
1664778,"STILL no sign of the item. So, I go onto my Amazon 'track package' page. Supposed to be with me by 1 pm, I was told yesterday. But...","As we're unable to view your account via Twitter,pls contact here: so we can look into this."
1665797,hi. What is the final dispatch time today for delivery tomorrow,Hi Matt. Sometimes orders can dispatch on the same day as delivery occurs. Are you awaiting something specific?
1666017,Less than 12 hours from order to doorstep. Incredible. #AmazonPrime,I'm so glad to hear you got your order AND quickly! Hope you enjoy! 😍
1666027,Hab zwei Anliegen - UPS versuchte zuzustellen. Bin aber erst Samstag zu Hause und 2) Artikel verschiebt sich jetzt zum zweiten Mal #Prime,Hast du dich denn hierzu schon bei unserem Kundenservice gemeldet? Diesen erreichst du hier:
1666178,I'm trying to buy something and your app keeps saying it has no internet when my LTE is on,We appreciate you reaching us on Twitter. Let's uninstall and reinstall the app. Does the issue continue?
1666218,"When there is an address, why the hell your fellow keeps calling? And send message that he is unable to reach. WTF.","I understand that you're upset, Gokul. It was never our intention. Could you let us know If you've reported this to our support team through the link provided earlier?"
1666595,Ok mais cela fait 3 jours et 1 des 2 remboursements a eu lieu. C’est pour cela que je m’inquiète. Et merci pour la rapidité de vos réponses😉,Les retours sont traités dans un délais de 5 à 7 jours ouvrés. Au-delà de ce délai je vous invite à contacter notre SAV.
1666615,J’annule donc mes commandes en cours et résilie mon abonnement prime puisque personne ne veut écouter un client fidèle et régulier.,1/2 Bonjour vraiment désolé pour cette mauvaise expérience. Soyez certain qu'un responsable du service client prendra contact
1667172,Just 15 minutes back received stone instead of monitor. order #404-8230773-5198704 #SHOCKED,"Please don't provide your order details, we consider it to be personal information. Our page is visible to the public.3/3"
1667193,kindly address the concern,"We'd like to help you, may I know if you shared the details from the link provided earlier?"
1667754,"war nur bei diesem Artikel, nach einer Benachrichtigung. jetzt tritt es nicht mehr auf. (unter Android 7.1.2)",Hast du schon einen Neustart versucht? Ich habe es soeben mit Android getestet und es wurde korrekt angezeigt.
1667782,The order was expected delivery yesterday but the status still said preparing for dispatch. No update and explanation,"Sorry for the wait! We're here for you still! Please, reach us in real time using the link provided."
1667791,The last week I've had the worst experience with . Prime items not arriving after 10 days and customer service being awful 1/2,Sorry to hear that! What info have we provided? Please avoid posting order sensitive details.
1668881,Verifiquei antes de entrar em contato e está tudo certo.,"Entendo, você conseguiu falar com nosso SAC para verificar o acontecido?"
1668889,"Selten direkte Zustellversuche, kaum noch Benachrichtigungen im Kasten, unklare Zustellorte. Aktuell: zugestellt an ""Nachbarn""",Hast du diese Fälle bereits bei unserem Kundenservice gemeldet?
1669444,thanks! Have some downloaded but tablet only has 16gb storage was hoping to be able to put on SD card like Netflix titles,"You sure can! Please see the ""To manage your preferences:"" section here: for more info. 😊"
1669850,"Gracias, han reprogramado mi entrega para este miércoles, y ademas tengo otro paquete de ustedes en camino, espero ya no haya problemas.",Con gusto. Por favor mantennos al tanto de la entrega de tus pedidos. ¡Saludos!
1670707,"theres an item i want to pre order that releases tomorrow, but the estimated deliverys saying that its going to be a day after?","Hi Elliot. The date provided at checkout is always the most accurate, based on the address and delivery method chosen"
1672053,"Ahora lo hago, gracias!",Puedes mantenernos al tanto de esta entrega.
1672612,hola porque no puedo ver la temporada 3 de ayuda me dice que no está disponible en tu región ayudaaa,"Hola, lamentamos esto. Toma en cuenta que el contenido varía para cada una de las regiones"
1673009,I recharged ₹399 on My Jio. But I don't get ₹101 Cashback. Check it out.,"You may refer the T&C here: Please don't provide your order details, as we consider 2/3"
1673699,Kinda sad :( forgot to send the bookmarks with the books!,"Sorry that you didn't receive a bookmark with the order. Although we try to include bookmarks with several book orders, 1/2"
1674845,"Already reported , not of much help by customer care ..Poor service",Apologies for the trouble. Please drop your details here: we'll connect with you on this.
1674904,Problem was solved and the last person I talked to helped.Its crazy that it took that long.Yet just happy it's over.,Thank for confirming that it's now been resolved. Apologies for any concern & please get in touch anytime.
1681828,Where is Hindi subtitle even Marathi is working for this,"As of now we don't have this feature. However, I've passed on the feedback to my team. Do stay tuned to our website."
1683553,hi I need to send a message about my account being accessed by someone unknown and details changed so I cannot login.,"Terribly sorry about your account, Andy! Let's get this taken care of here:"
1684538,Still no revert on my product is surprising,Please share your details from the link here: to assist you accordingly. (2/2)
1687362,"I reached out, the customer rep did not acknowledge my actual concern of how my package was thrown, rather that it was ""left unattended""",So sorry! Were any of the contents inside damaged? You can leave direct agent feedback with us in the survey sent by e-mail!
1689619,any ETA for amazon.fr ? Thanks,What do you mean by ETA For Amazon. Can you explain more please?
1692653,Can you please send the mail again to the corresponding account __email__,"Please don't provide your email Id, we consider it to be personal information. Our page is visible to the public. 2/2"
1693674,"Using #EchoDot from past three days without prime music, still waiting for my prime membership activation",Could you please confirm if you've reported this to our support team here: ? Do keep us posted.
1693687,you have a packaging problem.,"Thanks for sharing, Lauren! A member of our packaging team would like to review this here:"
1693704,trying to place and order says I can get free Delivery w Amazon prime (which I have) but once signed in it doesn’t register,Hmm... that's odd. Is your device showing you are logged in when you are adding the item to your cart?
1694335,recharged my jio number with 399 order number 403-7433692-8062733 but did not get cashback of 101,Sorry for the hassle Gaurav. Please report this to our support team here: and we'll check this. 1/2
1699921,"Si, está en buenas condiciones, para para pagar 6€ aproximadamente de gastos de envío y recibirlo en estas condiciones me parece fatal.","Entiendo, Blasco, ¿Has entrado en contacto con nuestro Servicio al Cliente para reportar lo sucedido?"
1700085,"I’m premium member & book collector; bought tons of books, arrived in mint condition. Suddenly books arrive shabby. What gives?",I'm sorry for the trouble! Have you taken a look at replacement/refund options here:
1701214,U r not doing anything except filling up form.am saying that transfer my hard earned money to my bank account from Amazon pay.simple,Request you to check and revert to that correspondence. 2/2
1701316,just had an email to say my parcel couldn’t be delivered as couldn’t be left unattended- delivery address is a doctor’s surgery. Always someone on reception to receive and open until 18.30 🤔,Sorry to hear this- we'd like to help! Let's talk about options via phone or chat here:
1701482,This is utter rubbish. How can you have the same product listed twice?,Thank you for bringing this to our notice. I'll be sure to share your comments on this as feedback 1/2
1702131,Your send feedback button is not working. So how do you give feedback on your feedback that’s not working.,You can reach out to us directly here: to leave feedback.
1703097,"Hey I ordered a Xbox One X Scorpio Edition back in August, expecting it tomorrow (release). Estimated delivery is now Wednesday??",Oh no! We always strive to meet the provided delivery date; though delays are possible. Let us know Wednesday!
1704748,tired amazon pantry and this is how my items ended up. They were spilled everywhere too.,Oh no! Have you reached us to report this and to explore all of your available options:
1705385,Delivery time has come and gone. They have not arrived. Still no tracking updates,We'd like to look into this further with you. Please reach out to us here: for real-time support.
1706318,srry.u hav nt even gt d problm. im nt complaining! im saying coz of a tech glitch its nt available for ANY pin code in India. I hav checked.,"Apologies for the unpleasant experience, Kindly contact us using this link and we'll assist you."
1706318,i already did. no support given. the glitch is still there and ur customer care accepts it but says they are helpless.,Could you please help us with the product link so that we can check and assist you accordingly.
1706537,placed order on 5th n product not yet delivered. I salute 2 ur commitment 2 serve ur costumers . What the bloddy hell is this .,I'm sorry about the delay with the delivery of your order. We'd like to look into this 1/2
1706561,You can grocery shop on Prime! This just changed my life.,😁 Glad we can make life a little easier!
1706564,How cheat their customers. Before logging in the product was priced at Rs.451. After logging in with prime account it's Rs.502..😑,Prices on our website are subject to fluctuate for every second being a ecommerce website. (1/2)
1710116,No update is still received in my case. I have been delivered a piece of marble instead of mobile phone.,with an update soon. Request you to wait. 2/2
1710377,ur exchg offr is not wrking in any loct kindly fix this problem as u promise offer expires 17mdnght,"We'd like to get this checked, could you let us know which exchange offer are you referring to here?"
1710436,u guys r slow af,"I'm sorry to hear this, Brandon! Are you having issues with a recent order?"
1713151,"Hola, tengo una cuenta en Amazon y no puedo recuperar mi contraseña, este es mi correo: __email__","Hola, Heather. Por motivo de seguridad, te recomiendo eliminar tu tuit, pues contiene información personal. (1/2)"
1713164,BRYAN AND I HAVE BEEN TRYING TO WATCH SHAMELESS FOR THE PAST HOUR. I paid for Showtime on AND IT DOESNT SHOW UP.,I'm sorry! Just to confirm; what device are you using? Is it logged into the Amazon account with the subscription?
1714194,"Hi Is there anyway I can get an ETA for a delivery going to a business address , Im on site waiting for a driver",Our carriers deliver until 21:00. We'd like to review your delivery and available options here:
1714302,"I did do, now I just need to figure out what carrier has it but I don’t know where to find that out",You can find out who the carrier is by using this link:
1715335,So you also cant help me with this right ?,"As mentioned earlier, Amazon doesn't offer a price match guarantee. Appreciate your understanding."
1715659,it is leading to your waste customer care service,I'm sorry that your issue is not resolved & you're not satisfied with our support team. (1/2)
1715678,shoulda delivered Saturday. Monday 6:50pm still waiting. This is why I cut prime last night. AMZL US is top notch shit service. 👌🏼,"I'm sorry for the wait! To escalate this with our Logistics team, please relay details here:"
1716701,can I access my UK Amazon video purchases over wifi whilst abroad because they're ones I actually bought?,"HI, Use this reference for guidance: and safe travels!"
1716715,Two items are supposed to be delivered tomorrow but only one is on its way. Why hasn't the other one shipped?,It's not unusual for items to ship the same day they're delivered. If the order doesn't arrive please let us know.
1716752,"3rd week, 3rd order in a row that employees of #amzl_us have lied about and screwed up. I really hate this company right now.","I'm sorry for the frustration! Without giving account/personal details, can you please tell us what happened?"
1718142,I'd like to know where it says I'm not going to get them on release date when that's what is advertised. DM me and I will give you order #s,What was the delivery date we listed in your order confirmation e-mail? Feel free to tweet us or reply via DM below.
1719122,I did thru website only,Could you confirm if you have sent an email to our support team?
1719633,"I bought 1 and when I recvd laptop, it wass w/o charger..though no info was whether it is with charger or w/o..v bad exp",Hi Shailendra- Have you contacted us regarding this? Have you looked into the return options in our support center?
1719693,Same here. First time I've ever pre ordered a console. Not happy. should have been honest if they could fulfill day 1 delivery.,Sorry about the delay. What estimated delivery date were you given? What's the latest info here:
1720451,do ur courier partner had not been contacted me or nor try to deliver it me. Tracking id 69987177035,it to be personal information. Our Twitter page is visible to the public. 3/3
1721010,The returns were made yesterday but no update in the system. It's showing that it's waiting for me to return products.,Apologies for the hassle. Please report this to our support team here: We'll help with the return.
1721635,I wasn't born on this earth to sit around waiting for you to ring the doorbell and pick up your defective items,I'm sorry the pick-up hasn't been completed. Kindly share your details here: we'll look 1/2
1722137,instead of increasing service area for Pantry Products you are decreasing it . Earlier pin code 700024 was in service but now not,"on several factors. However, I'll surely pass on your feedback to the relevant team internally, it'd be worked on. 2/2"
1722475,"Yes, have also 'reset password' option on that form and had no email. I get the email using the 'forgot password' on the main website, but after resetting the password, the account still doesn't work.",I'm sorry for the difficulty. We'd like to look into this with you. Please call us here:
1723919,I ordered clove oil at 420 and I got the product on time. To my surprise it has a MRP of 399. I m unable to return this product.,We try to ensure that MRP mentioned on the website is same as the MRP mentioned on the product that is delivered. (1/3)
1724675,it really shouldn't take a month and a half to get a pack of soothers. Especially when it was a 2 day shipping deal,I'm sorry for the wait! Was the order being shipped by Amazon or a third-party seller:
1724692,money debited from bank but isn’t credited to amazon pay balance please sew to this asap,I'm sorry to know about this. Please contact us here : so that we can assist you accordingly.
1724752,"A+ overall, as always, but why do my (AT&T) iPhone ""Delivered"" push notifications show up 1-2 hours after the package does?","That's a great question, Dean! I'm sorry for the notification delay! Do you have the latest version of the app installed?"
1724927,I returned 3 items that were received back on Oct 20th and only one has been refunded. Should a refund take this long?,I'm sorry for the inconvenience! Please reach out directly to us here: so we can take a closer look.
1727614,"I ordered a netball of 7 netball bibs, but only received 1 bib - please can you help? Thanks!!!",I'm sorry for the trouble! We'd like to look into this with you. Please call or chat here:
1727638,. My no is 91-9910998227.Pathetic substandard services from Amazon which cant provide the courier cnt details,Kindly fill up the details in the link here: and we'll get back to you shortly. 2/2
1727659,Dear When you're an ONLINE retailer why do I need to PRINT OUT a gift voucher?,I'm not sure what you're referring to. Could you please tell us more about the issue? We'd like to help!
1727901,Ya me he puesto en contacto y mientras que vuestra web dice que lo entregan hoy ellos me han dicho que mañana. Ganas me dan de no cogerlo.,Puedes mantenernos al tanto de esta entrega.
1727923,Vous avez pas l’impression de prendre les gens pour des cons non? J’ai payé pour recevoir en 24h et là ça fait 120h que j’attend🖕🏼,"Bonjour, en quoi puis-je vous aider?"
1727981,so it turns out after talking to 4 differnt people (and awaiting a call back from a 5th) tjat the wnd peraon i ralked to lied to me,When was the callback promised?
1727996,"Dear my mother's bday is on 14th Nov, missed the great Indian sale. Want one mobile phone to gift her. Pls be the saviour.",Please stay tuned to our website for any upcoming deals on mobiles.
1728631,Who can I email to help with a log on issue? I'm resetting my password but it's not recognising it when I try and log on,"Hi, have you been able to check for a message from an account specialist?"
1728644,Hey ¿para cuándo una opción Prime para elegir transportista? 👍😍 pero Correos y Seur siempre con retraso.¡Dejadnos elegir!,"(2/2) dirección de entrega. Agradecemos tu sugerencia, y te aseguramos que la compartiremos con nuestro equipo encargado."
1729647,Why is my Xbox One Scorpio delayed when I ordered it as soon as it went live?!,"Hi, sorry to hear that, it's not what we want you to experience. Were you given a reason for the delay?"
1729686,We opened up the case 4610919111. We've been trying to reactivate our Seller Central Account since September. Pls let us know.,Hello! Have you received any communication from seller support regarding the steps to reopen the account?
1730161,"How can my order, made 3 months ago, not ship in time for release today?",I'm sorry to hear about the delay. Have you received any notification?
1730168,Not happy that have changed the ETA on my OneX from today to 'by 8pm Weds' - booked 2 days of leave to make the most of this! Poor,Sorry to hear of your order. Can you please keep us posted?
1730188,Giftcards aren't on there & I mean digital giftcards which are emailed. Are there issues buying on amazon.ca from the UK?,Did you receive the email GC codes?
1730751,Why does your new Fire TV Stick Basic Edition without Alexa cost more than the previous Fire TV Stick with Alexa?,We’re continuously working to provide the best possible prices and prices do change from time to time. (1/2)
1731193,support team is useless.am contacting them from sat4oct17.and today they r saying sorry we cant help it to unaware of delivery guy abt offer,here : and we'll reach out to you soon at the earliest. (2/2)
1731543,#AmazonGreatIndianFestival u made millions smile... Retail therapy... Happy wala feeling... Amazon rocks india,"Thanks for the shout out, Karim. Happy shopping! :)"
1731565,is there a specific reason 2 day shipping orders have been taking longer?? i placed an order today and it says will arrive 10/23,Two-Day Shipping refers to transit time once item ships. Some items may be unavailable to ship immediately.
1731642,"My Amazon deliveries were faster and more reliable before I signed up for Prime. Royal Mail FTW. Other delivery options, not so much.","Sorry to hear Ian. Have you noticed any trends with delays? ie. Certain carriers, delays during dispatch etc?"
1732586,WiFi connection is fine everytime I put in email and press forgot password page comes up with page not connected go to home page,Have you tried clearing cache/cookies or using a different device/browser?
1732592,"No does not work, it says not a functioning address on your site go to home page","Thanks for confirming, Julie! Please contact us by phone or chat and we'll be happy to investigate:"
1732613,"yep, cs could not tell me when or if my order is coming. Just said I had to wait for an email in the next 24 hrs :(","Ok, please keep us posted here."
1734530,"it's okay, it was ordered from but not fulfilled by amazon! so not your fault",Have you been in touch with the seller? Check out here -
1735223,I am no longer able to access the email account that this email was sent to me on. Please can you provide an email address that I can email? Thanks,In order for us to take any actions on your account it has to be reopened by our Account specialist and they are able to reopen it only if requested info is sent to them. You can always contact us here:
1735260,Per 6+2 fa 10. Non c’è più la rapidità e precisione di una volta. Nonostante Amazon Prime #amazon #ritardi #amazonprime,"I tempi di consegna sono calcolati dal momento della spedizione, qui altre info:"
1736188,order 402-7187003-9728305. What is the issue with this? Need it max by Nov 9. Update on the status at the earliest. Thanks.,We usually deliver the packages as per the estimated delivery dates. Kindly request you to wait. (1/2)
1736815,order postponed from the date promised(4days from date of order) Being a prime member its disappointing. Revert asap,Sorry for the trouble. Please contact our support team here: we will get your issue resolved.
1737951,need help for trouble shooting my echo plus. Kindly contact at 9843253650 or give your helpline number.,Our support team will be happy to look into this. You can connect with us here: (1/2)
1738388,the order never arrived but the amazon website shows it as delivered. What the hell? Need it today urgently.,Sorry about the order discrepancy. Please report it to our support team here: & we'll help you.
1738955,"Oh says my package was delivered to a neighbour. Doesn’t say which neighbour, there’s no card through door. 40 houses in street!","I'm so sorry about this, Jacquie! Please contact us by phone or chat and we'll be happy to help:"
1738987,I’ve tried to cancel an order multiple times over the past week and keep getting this error message and it won’t cancel. :(,Sorry to see this! Have you tried clearing your cache and cookies or trying from another browser? Let us know if that helps.
1739000,what’s the latest time for deliveries? Been waiting all day and it’s getting kinda boring,"Hi, thanks for contacting us! Deliveries can be made until 21:00. Let us know if your item doesn't arrive by then."
1739075,Absolutely disgusted at how this situation has been handled .,"I'm so sorry for the poor experience, Lauren. Please give feedback via the e-mail survey so leadership can look into it."
1739884,Es gibt keine Sendungsverfolgung . Nichts hinterlegt in meinem Account noch habe ich eine Email bekommen ..,"Wie ist denn der Status der Bestellung unter ""Mein Konto""?"
1740732,"oh, how you lie! Attempted delivery? Nope! We are at home waiting for package!",I'm sorry for the inconvenience! We'd like to look into this; please reach out to us here:
1740743,Twice. On two different packages.,I'm so sorry for the delays! Who's the carrier on the late orders shown here:
1740770,And you don't have a dedicated PC application... Why has your Prime Video division let things fall so far behind??,"We're always looking for ways to improve! You can forward any feedback to us here, via email:"
1740985,"Yes, I got told completely false information about one of my orders, meaning I couldn't get it delivered today. Unacceptable.",I hate to hear that. Have you been provided an updated delivery date?
1741020,Hey why have you cancelled my order? 😡 Order number: 404-6296425-8499511,"On order cancellation, we always send out an e-mail to your registered e-mail with Amazon. 1/2"
1741067,cardboard packaging doesn't work when the delivery vehicle doesn't keep the rain out. My parcel was wrapped in wet brown mush!,I'm sorry your order arrived this way! Was anything inside your package damaged?
1741646,why are you not sending out the redemption codes & instructions for Irish shows? #GaryBarlow,"Hey, Tessy! Let's get in touch. Contact us here: <"
1741756,"Si vous êtes vraiment d'Amazon, vous n'avez pas besoin de mes identifiants pour accéder à mon compte interne. Cordialement","Au-delà du fait que nous n'avons pas accès à votre compte depuis Twitter, pour des raisons de sécurité, 1/3"
1742613,"Should I write an email from that page? It says 12 hours, I thought twitter would be quicker","We want to help! Since we do not have access to customer accounts over Twitter, please contact to us using the link provided."
1742627,Got it last night but it was too late & agent's contact number was switched off constantly,Sorry to know about the bad experience with the delivery of the order. I'd like to take a closer look at this. (1/2)
1742701,Pas très écolo le carton pour un jeu de switch,"Bonjour, je suis désolée pour cela😓 Vous avez la possibilité d'évaluer l'emballage via:"
1743707,That feeling when ruins your collectors edition Project Scorpio console with in-transit damage 🤬,"Oh no! I'm sorry about this! Just to clarify, is the product damaged as well? Also, can you tell us who the courier was?"
1746106,Oui j'ai eu quelqu'un via Chat qui m'a dit que c'était bien livré aujourd'hui avant 16h quand le tracking de la poste indique demain...,"Je comprends votre situation, et j'en suis navrée. Je vous invite à patienter jusqu'à demain en cas de non-livraison1/2"
1751602,"I ordered a copy of latest book but tho Amazon said it has been delivered, it hasn't. How can this be addressed?","Oh no! Just to clarify, have you tried locating the parcel using the tips listed here:"
1751781,Hello I bought a PS4 on Prime Day from you all and it always has trouble connecting to the internet. Am I able to exchange it for another?,"Hi, Ryan! I know how frustrating this can be. We have a 30-day return policy. 1/2"
1751890,Not going to join another live chat but last night you absolutely guaranteed that this order would be delivered today 205-2406977-2742750,"Oh my! I understand how upsetting this is. Just to clarify, have you been given a reason for the delay with this order?"
1754282,"// mail carrier pulled into driveway Nov. 5, said package in another truck, drove off. No delivery Nov. 6 or 7. ?????","Hello, Von! We're here to help! What is the status of your package currently? You can check here:"
1754291,was looking 4 beats audio and this is what I'm getting.Not expctd by India's top e-comm site. Seriously? Yogi kanthika?,Thanks for flagging this. I'll forward this internally to the concerned team for review.
1755095,Put an order in yesterday and it was delivered to my house this morning I'm shoooook.,I'm glad to hear we were scary fast in the best possible way! 💨 Enjoy your order!
1755937,I want to buy one plus 5 but I aint getting exchange option? Whats wrong could you guys please guide. #AmazonGreatIndianFestival,"Exchange facility is available only on select models of mobile handsets. If a particular model has exchange facility, (1/2)"
1757988,Please help seven items say they have been delivered. I have none or any notes. Call back not working. Where are my items!,Oh no! Missing packages are never fun! Can you please let us know who the carrier was for these packages?
1758026,ha salido hoy y esta disponible con librerias externas pero si escojo la opcion de amazon pone que esta agotado,"Comprendo. Actualmente no tenemos una previsión, pero cualquier novedad será reflejada directamente en nuestro sitio."
1758636,"when will I be able to stream/rent The Flash season 4 (it's just aired on Sky, wondered if you guys were getting it too)","Hi! We haven't announced a release date yet, Aidan, but definitely keep an eye out!"
1761041,ASIN: B003CXOB1G nach Berlin,"Dies hat logistische Gründe. Sobald nach der Bestellung genaue Infos vorliegen, wird die Zeitangabe aktualisiert. Gruß"
1762325,Too bad I can't do that. Item was ordered more than 60 days ago. Is there another way for me to leave feedback on this atrocious packaging?,You can contact us directly here: We'll be happy to annotate your feedback.
1762330,"I ordered a parcel with PRIME Delivery, it was supposed to be delivered on Friday but it STILL hasn’t arrived....🙄",I'm sorry your order still hasn't arrived! What does the latest tracking show here:
1763156,Still on the first stage!! Meant to be delivered today.,Please contact us: so we can take a closer look into this.
1763179,"I've been through my recent orders and there's nothing, my son downloads things to tablet but only things that are free to download",Hmm. Let's take a closer look in real time to help find this charge here:
1763250,All orders showed delivery for the next day but so far all 4 orders have not arrived then.,We'd like to look into this further with you. Please reach out to us for available options:
1764541,Creo que un canal de atención al cliente debería al menos responder los mensajes. Sigo sin recibir mi pedido y sin respuesta de vosotros,"Hola, Victor. Lamento el atraso. ¿El pedido fue gestionado por Amazon o por un vendedor desde nuestro sitio?"
1764576,Siiiiim! “Uma Breve História do Tempo” de Stephen Hawking e “D. Pedro a história não contada” de Paulo Rezzutti. Ler no Kindle é vida!😍,"Que livros legais! 😍 Fico contente em saber que você está gostando do seu Kindle, Helder. Abraço! :D"
1765833,"Grateful to finally own this after complaining twice about it but shipped in an envelope and arriving damaged, seriously?!",I'm sorry to hear your order is damaged. Check out the options you have for this item here:
1766034,"Did the delivery driver get lost, or something? 😏 Do I get something for not being pissy about my item? 😂",I'm sorry your delivery is late! We'd like to look into this with you. Please reach us here:
1766883,"Eh bah voila, je me suis encore fait avoir, pour la deuxième fois, j'ai toujours pas mon colis. Merci et !","aider. Lorsque vous avez le temps, s’il vous plaît contactez-nous ici: 2/2 BR"
1767544,"Absolutely nothing, checked the whole area, both entrances, nothing at all","Thank you for letting us know! Please, reach out to us so we look more into your delivery:"
1768229,Yo the clock is ticking on shipping out my item,We frequently ship and deliver orders in the same day. Let us know if you don't receive it by 8 PM!
1769425,Why do some Prime and In Stock items not get delivered in 2 days? Trying now - taking 4 days. P.S. Also check on your Customer Servc,"Two-Day Shipping refers to the arrival time, in business days, once your order has shipped. Some items don't ship immediately."
1769448,hi. The kindle needs a monthly data plan to buy books . Or its one time payment ?,"Just to clarify, are you wanting to know about a Kindle membership plan, or about connectivity to access books?"
1770165,"Initially it said delivered, but then when pulling it up through USPS tracking, it said forwarded (I recently moved, but had the package sent to my new address anyway - no fwd needed). I called USPS and they said they'd look into it. Now it says delivered again but nothing here.",That's not good. Let's talk about this in real time. Please call or chat with us here:
1771829,I cannot even tell who shipped it. Carrier listed as AMZL US.,Someone from my team would like to investigate this with you. Please provide you details here:
1771846,Still nothing's happened. I'm under the impression that nobody actually is really doing anything to help this situation. Why would i pick Amazon to purchase anything when pretty much everywhere else is more reliable than this.,Sorry for the troubles! You should be contacted within 12 hours. Please let us know if you haven't been contacted by then.
1772952,That my Oder was supposed to have arrived by 9:00 pm. It’s 9:30,"Normally delayed packages arrive the next business day. If you don't receive it tomorrow, please keep us posted."
1773005,Amazon prime now GPS must be trash because every time I get something off of there and it says “headed your way” they go about 20 minutes in the opposite direction,"I'm sorry for the frustration. Without providing any personal or account details, is this happening with a recent order?"
1773479,$1650 of garbage pails for a client,I can certainly understand any frustration. What options/insight was offered when you contacted by phone?
1773755,"Oh wait. I placed it on Nov 2. And the ""guaranteed"" 2 day shipping would get it here today (5 days later). has certainly changed and not for the better.",Sorry for the wait! I understand you need this on time. Did we miss the estimated delivery date:
1773846,I will not spend £18 for a certificate to prove I am Deaf that is discrimination at best breach of my human rights at worst.,Please fill out this secure form and a specialist will look into this for you
1773989,"Both items say ""sold by LLC"".",Thanks for confirming. We can look into the available options with you here:
1774522,Do u what 'shutup' means?? Plz shutup __email__ check ur sent box for this... Now every now and then expect my #amazonfail twit,"We've sent a correspondence, Ashish. Kindly check it through the link provided earlier. 1/2"
1774562,"uhhhh whats up with this "" arriving today by 8 p.m. "" like its 10:30 p.m. right now and my package ain't no where in sight? whats up with this?",I'm sorry for the late package. Late orders typically arrive the next day by 8PM. Please keep us posted on its arrival.
1775076,"Remember that time I ordered something on Nov 3 with ""guaranteed"" 2 day prime shipping for my kids' bday on Nov 9 and it's not here yet and is probably going to ruin their birthday.",I'm sorry for the delay! What is the latest tracking update for your order? You can check here:
1777307,The amazon delivery guy used my doormat to cover my xboxonex package in the rain. Shoud've taken a picture.,"I'm glad you received your Xbox One X! Is your package okay? Is there any damage from the rain, needing to be addressed?"
1779344,Very disappointed with today. Marked item as failed to deliver but no delivery was even attempted. Now delayed even with,"I'm sorry to hear we've let you down, Micael! Have you been provided a new delivery date for the order?"
1780022,Watch out for you guys they took my money and I have to sue them to get it back. I'll tweet everyday til I get my money,"I'm sorry for the frustration! Without giving account details, can you please provide us with more info?"
1783458,sir your offer is not provided as your terms & conditions last month I have ordered Redmi 4 which order I'd is 404-7262011-6964352,"We understand your concern about cashback, Bharat. Please share your details here: I'll assist. (1/2)"
1786091,"My Amazon account has been hacked. Wanted to speak to a customer service executive for help, but 1800 3000 9009 does not give that option. Kindly help.",I'm sorry your account has been hacked. We take these issues seriously. Please share your details here: and I'll get back to you.
1786560,"So either delivered to the WRONG address, or lied & marked it delivered 5 minutes before ’s guaranteed time. #ontrac",I'm sorry your order hasn't been received! Have you tried the steps outlined here:
1786560,So it’s been over 36 hours and I’ve done everything listed. Seeing as there are no further steps do I just give up?,"We never want you to give up, Bobby! Please contact us so we can discuss further options:"
1786569,there comes a time in life where your recommendations are simply past the point of no return,I'm sorry for the trouble with your recommendations! You can learn how to change them here:
1786624,"Yes! Mostly with USPS, has only happened once with your own Amazon carriers. I’m a big fan of them.","We're still here for you! Have you contacted your local post office to address this issue? if so, what info was provided?"
1786641,. PLEASE allow customers to opt out of USPS deliveries. I would honestly pay more than to deal with those scammers. smh.,"I'm sorry, we're unable to exclude carriers. Is there a current order past the delivery date in your confirmation e-mail?"
1794104,Same date for Canada 🇨🇦 Amazon subscribers??,We don't have information on this yet. Please keep your eyes peeled on the site for updates!
1795608,It's complicated and more than 140 characters so you need to DM me.,"I certainly understand! If you'd like to continue this through a DM, you're more than welcome to with the prompt below."
1798432,Is this the kind of support you offer?,I'm very sorry for the trouble you've experienced with your package's delivery date being changed as well as the support here. 1/3
1801021,Like this is more important to me than my phone. Im crying cause the screen isnt working anymore,"Oh no, I'm sorry to see this! Please contact us so we may review any possible warranty options:"
1807403,your dogs are cute... but SOS where have all the portable power banks gone?,Thanks for reaching out. Do you receive the same error when trying this link:
1809417,Well ...... yesterday evening I received my ordered books. Thanks.,Glad to know about that. Happy Shopping :)
1809891,Nope. A cancel was refused.,"Is this order/item shipped & sold by Amazon, or a third-party seller on our website? Have you already spoken with (1/2)"
1811649,very pathetic service by amazon . they even dont know where is product . call 9713730311,"I'm sorry for the trouble! As a reminder, for your security, please don't post personal information on Social Media. 1/2"
1820478,Thank u 4 givng me nightmares 4 my order delivery and plz thank 'Ecomm' on my behalf Worst service ever. 0* #Amazon #WorstService,I'm sorry for this experience. Is there any ongoing concern you would like to share here?
1820478,yes... I'm supposed to get my order til 14th Oct bt still hvn't got it tho d order is arrived @ courier facility on 10th Oct,I understand your concern regarding the order. Could you let us know if you've reported this to our support team 1/2
1820563,"Why did my package leave Amazon and then go right back?! Idgi, so much for prime",I'm sorry for the frustration! When were you expecting the order to arrive:
1821639,- Prime membership has lost tremendous value since Laser Ship has entered the picture. Delivery unreliable. May cancel membership.,This isn't what we want to hear! Are you currently having an issue with your delivery? Please let us know.
1822321,Ben pas de nouvelles encore,Vous pouvez relancer notre SAV si vous le souhaitez.
1822341,"Get your house in order and ask your delivery partners to stop giving wrong feedback. I buy from the top 3 (not giving names) and your last mile delivery is the worst, and deteriorating .",I understand your concern regarding the delivery of the items. Please drop in your details in the link provided earlier and we will check this out for you.
1824802,R u insane read the conversation then reply 😡how many time need to share details? nonsense,"If the details were shared you must've received a correspondence from us, Sandeep. Please check."
1826205,hw can u cheat us like dis? i ws assured a replacement if d ordr get cancld due to courier bt rfund is created instead,Kindly place a new order and we'll make sure the product is delivered on time. Appreciate your understanding. (2/3)
1827304,Still no package. It says it was in transit to the carrier at 12:37AM today. What's the deal? Should I still be expecting it today?,Oh no! We'd like to look into this with you. Please reach out to us at your nearest convenience:
1827381,Dnt wry I will surely close ur #amazonpay service in india till u wil nt give withdraw facility to the #Indian consumer,Appreciate your patience and understanding in this. 2/2
1829420,No not yet. Just estimated.,What was the delivery date shown on your original order confirmation e-mail? Are you seeing a different estimate now?
1830742,its about 6pm..till 8pm it is to be delivered.else prime membership is a waste. already being a day late,time and I'm positive that the order would be delivered. 2/2
1831922,Anyway. Got woken up today by the Amazon delivery guy. Such is life. #foreveralone,"Also, you can restrict the recommendations by following the instructions here: 2/2"
1832139,"sucks, first I got used mobile Order # 406-8564391-5251550, now saying to live without mobile for 10 days. rocks sucks. leave india.","according to our policy. However, I shall forward the feedback to the concerned team for review. (2/3)"
1832517,I opted for 2 day delivery system but your website shows Estimated delivery date on 22nd October. No benefits for prime users?,I'm positive your order will be delivered on or before the delivery estimate provided here: 2/2
1837998,"No queremos sustos adorables, queremos más “Mini Snes” 😭","Mantente atento al sitio web, Fito 😉 Mientras, puedes disfrutar de nuestro Ruperto con su disfraz de superhéroe 💕"
1840628,Order not even dispatched..how can it be delivered till 8pm,"I understand your concern, I'd like to assist you, please fill this form: & I’ll contact you soon."
1843581,I have ordered goods that haven't arrived on two days of waiting round you transport have let you down again an it's unacceptable,"Hi, I am sorry to hear this. We strive to offer the best Black Friday and Cyber Week Deals. During this time, deliveries may take slightly longer than usual. Please check the link provided for more details."
1844237,"Raised return request on 24 Sept, but no response despite 6 reminders. Tracking# 663753220398. Extremely Dissatisfied 😠😣!!!",be personal information. Our page is visible to the public. (3/3)
1844329,The status by your Delivery Guys is WRONG. We kept chasing & they stuck to their 'Route' & were rude. Get your Act together,We're sorry for the trouble. Please contact our support team here: and we'll help you.
1845978,But I have already activated the card?,After approval your gift card will be automatically applied to your account here:
1850483,This is not first time last month also it happnd with other order. Not delivered in time and wastd my time in texting for 12hr to cust care,here: and we'll sort this for you at the earliest. (2/2)
1851078,"recd FENA TIKKI for ordering a phone worth 33K and Cust serv is not resolving the issue, Details on FB",I’d like to understand this better. Please fill this form: and I’ll contact you at the earliest
1856110,"corporate address but i m here till 7 pm and just now contact no has been shared, i called and mutually agreed to deliver before 7pm.",Thanks a bunch for being so accommodating. I'll ensure to share your comments internally to work on.
1856218,can I renew my amazon student prime with a gift card?,Hi - on which Website (.com / .co.uk / .in / etc) is your Sutdent Prime subscription ?
1856309,Thank you for u reply have already got solution for this but you should take a action this how this can happen,Apologies for the bad experience with the order. I'll be sure to pass on your feedback to our specialist team internally.
1860358,Is it all you got? Filled up a form and wait for automated empathising message???,I see that our team is still working on this. We'll reach out to you soon.
1865070,when I send confirm mail then u said I am eligible for flat 101 cash back cheating customer..fraud,"I get your concern, could you confirm sharing your details here:"
1865202,"Replied to that last email too but be kind enough to read before replying, bored of those copy paste templates & do you know how (1/2)",Thanks for writing to us. We'll surely look into the issue and reach out to you at the earliest.
1867039,Couldn't find on Prime Video,"Hi, here you go:"
1868777,Is this feature available in Amazon India app?,to the concerned team internally to work on it for future. 2/2
1869782,"In the past month, I’ve had more orders delayed and didn’t meet the same day or 2 day delivery Prime window. What’s up with lately?",Oh no! Have we been missing the delivery date shown in your order confirmation e-mails here:
1871752,Gekaufte Bewertungen auf nehmen langsam überhand. 2. 5*-Produkt in Folge das nichts taugt. #sonicht #dannebenwoanders,(2/2) Produkten. Auch kannst du gerne eigene Rezensionen mit deinen Erfahrungen verfassen. Viele Grüße
1873725,"Amazon India making ch*** to customer. I placed order on 15.10, delivery shown was 16.10, 11:00am guaranteed. 1/3",Please share your details from the link here: to assist you accordingly. (2/2)
1875485,"Hi, I've just bought Gary Barlow tickets for my girlfriend but couldn't see anywhere to add her name as attendee?","Hi, please get in touch with us here: we will help you out"
1875519,thanks for deleting my order when I’d gone through checkout!! Terrible customer service when i called 😭😭😭😭😭,"Sorry to hear this - did you speak with the Ticket Team ? If so, what info did they provide ?"
1875537,And believe me I'm more than disappointed with the order,"Apologies for the delay, I'd like to assist you, please fill this form: and I’ll contact you soon."
1877745,If you can't cater to delivery of customers on scheduled time.. Why u provide them with scheduled dates?? Disappointing,Looks like you had an unpleasant experience with us. Could you elaborate the query? We'd like to help.
1877745,Already called them and informed about this.. Bt no action yet... Hopefully I would be able to celebrate diwali with this order...,I’m sorry about the issue you’re facing with delivery. Let us look into it. Please share (1/2)
1881687,"Non. Mais vos collègues du Helpcenter (par chat) annoncent cette date, sans certitudes qui plus est.",Vous avez un email à chaque mise à jour au niveau de la commande. Merci de vérifier auprès de notre SAV via
1883301,"No, no tengo ningún dato de contacto.",Puedes hacerlo siguiendo estos pasos
1883368,"Hi, I moved to Japan. Can I change something that I can use amazon prime video here? Coming from Germany",Are you going to be using Amazon.jp?
1883370,Can I switch my account to Japan? Or do I need to create a new account?,You can sign in to Amazon.jp with the same email address and password.
1885927,Me reembolsaron el dinero. Solo eso. Esperé un mes para nada.,"Lamentamos lo sucedido con tu pedido, Elias, recomiendo verificar esta información:"
1886013,The second picture pops up when I click the link. The one saying I'm not eligible 😕,Please get in touch here: and we'll look into this for you.
1886043,Looks like the mobile version would not cancel my order. I loaded a desktop view and that worked just fine. I tried the mobile a few times,Have you tried uninstalling and reinstalling your app?
1887465,I ordered something at 10pm last night with next day delivery. Is there a chance it will come today or not?,What is the delivery date on the order?
1887795,Details are as follows: Order # 402-4076498-4294709 Product Name - Tynor Pregnancy Back Support Belt,We request you share your details via the secure link mentioned earlier. We'll look into it. 1/3
1889527,order an item from you and cancelled it. One of your seller started spamming everyday.,Sorry for the disappointing experience. Escalate this to our support team here: and they'll help you.
1892052,Anyone else having issues with Alexa app lockup then crash,I'm sorry for the frustration! Have you tried the troubleshooting steps listed here: Let us know if this helps!
1892106,"If it was merely annoying it would be one thing, but for some of us, it doesnt even work. At all. #incompetence","We'd like to help. Without posting any personal or account information, can you tell me a bit more about the issue you're encountering with Two-Step Verification?"
1893369,I can’t. You let my account get hacked so I can’t sign in. And now this? I’m very disappointed,Hi Ollie - pls use this link to contact us :
1894026,"Ja, dort ist nichts (auch nicht in der Hermes Sendungsverfolgung) und auch nicht im Spam-Folder. Hatte den Kundenservice (auf englisch) kontaktiert und die können erstmal nicht helfen (melden sich bis Mittwoch erneut).","Dann melde dich bitte über den Link bei uns, dem Amazon.de Social Media Team: Wir prüfen das für dich. Gruß"
1894068,Done as requested. Pls help.,"Thank you for the confirmation, Kautuk. Our team will check and get back to you with an update soon. Request you to wait."
1894097,You guys didn't do what you promised last time we did a Twitter conversation ... Hope to get justice this time,Could you please let us know more about what went wrong? We'll definitely look into it.
1898519,Thanks.... But it's so disappointing 💔 makes me not to believe in such kind of contests anymore,I understand your disappointment. Don't lose your heart. Stay tuned to our website for more contests.
1905511,Thank you! Will I get a confirmation email about the refund or will it happen automatically?,You can track the status of your refund here:
1911028,"Yes, and I can see that WashPo is still listed as connected on the Amazon account",Are you able to reset the password for your Washington Post account? Have you tried through the website and app?
1911628,since when does 2 day shipping mean up to 5 day window to receive item. 1 of 2,"Hi, Nicholas! Have we missed the delivery date shown in your order confirmation email?"
1912129,Relevant issues is not listed in your issue category,"Please click on the link provided earlier and login, Choose an option, Choose reason, Choose Issue, Choose the mode of contact: phone, e-mail or chat."
1912728,I spoke with a lady about a product I never received. We had a hard time communicating and she put me on hold over ten times. Then came back,Uh oh! When was the delivery scan? Packages typically show up within 24 hours. More info here:
1916105,Item is eligible for return but customer care is not ready for pickup.,"Please be rest assured, we have your details with us. Our team will reach out to you shortly. Appreciate your understanding."
1916279,Are employees allowed to smoke in their trucks?Or does my package reek of cigs because they hack darts all day at ?,Sorry to hear this - pls contact us so we can escalate :
1916299,"fraud delivery by amazon india ,delivered detergent soap instead of LG Q6 Phone,Amazon order no- 406-4219311-0037923,",Please don’t provide your order details as it is personal information. Our Twitter page is visible to the public.
1917117,Didn't Received any mail ✉ from u...,Our team has sent a correspondence to your registered email address. Kindly check it here as well:
1919835,Já vi aqui. Obg,De nada. Caso precisar de mais informação é só perguntar.
1919970,"Si,he hablado con ellos y me han dicho que han puesto una incidencia a Correos Express",Entiendo. ¿Te indicaron un tiempo estimado de respuesta de ?
1922752,"So far no reply, no fixes. still waiting at same location since last 4 hrs waiting for delivery.#noDiwali #NoMoreAmazon #amazon",We have replied to you here: Kindly check.
1922785,Thanks for getting back to me - the carrier is amazon shipping.,Please give us a call here: so we can take a look at this with you real-time and get it sorted!
1929356,12 minutes are left for 8pm.so is it a bollywood movie where unexpected climax will occur.i am waiting for it.,"Sorry about the stretch. If the order is yet to deliver, please tell us here: & we'll get this fixed."
1932437,Deregister which I’ve done but I’ve lost all my library with about 50 books in so I either start again or move to an iPad,I'm sorry for the inconvenience. Would you please give us another chance and contact us again? Please keep us posted.
1936468,pls Note Product MRP 235 sold by you at 258 this is ridiculous and illegal in India hope you take Necessary action and revert back or get ready to face Legal Action.,"There may be cases where M.R.P. of the product delivered is different from the M.R.P. given on the website due to various reasons including time lag in updating prices post changes in M.R.P., product belonging to a different 1/2"
1936507,any reason why Amazon hasnt taken my money yet from Friday?,Hello Jack! We don't take payments until the order has dispatched.
1936552,Day 14th waiting for my product to be delivered by . Highly disappointed by the service but nt a single call from amazon for update,Sorry about the stretch. May I know if you replied to the correspondence email received?
1937597,what is the point of prime membership if the items are always delayed???? Your logistics department is terrible.,I'm so sorry for the trouble! Can you please confirm the carrier for your shipment:
1939153,My package didn't get delivered bcos the house was locked. The delivery guy should've atleast called before going back 😏,"I'm so sorry to know about that, Ankit. Have you reported this to our support team here: ?"
1947062,I’ve been trying to get an authorization chg from off my acct for a month. Missed call & # left has been busy all day. Tips?,I'm sorry for the authorization trouble! Have you contacted the bank for insight on their policy to remove pending charges?
1949912,Super excited to read this book by my long time fav youtubers . But gotta learn to deliver books without damage 😢,Sorry to see Mateo- Which site did you place your order with? Have you looked at our return support center for options?
1950336,I spoke. I was told its a technical issue and will be sorted in 3-4 hrs. Hasn't been sorted yet.,here: & I'll reach out to you with an update at the earliest. 2/2
1953623,I am not satisfied with the reply sent by your team because the offer displayed on ur website and discussed with ur customer care executive is totally different.,"I get your concern, Jitesh. If you have received an email correspondence from the social media team regarding the issue, request you to respond to that for further assistance as we don't have the direct access to your account from here."
1955375,me ajuda eu não consigo comprar nada pq vcs simplesmente não querem reconhecer meu cartão,Pode falar com o SAC ( eles te ajudam!
1972818,"Pues se está coronando últimamente. Tengo pedidos de hace 3 semanas aún sin llegar. En algunos, Correos los devuelve al almacén sin explicación. Muy mal. Voy a buscar reemplazar la compra de todo producto posible a otras tiendas, aunque me cueste más caro.","Lamento mucho esta experiencia, Álvaro. ¿Has recibido algún email indicándote el motivo de esta situación?"
1973377,Please ensure my product is delivered tomorrow between 2 and 6 it’s a Diwali choice product it won’t be fun to use it after the festivities,Have you reported this to our support team here from the link shared earlier?
1976662,Non merci c bon j ai appeler et j ai ete remboursere,"C'est parfait, merci pour votre compréhension"
1980483,Plz share ur email id as well. No responsible person I felt.,Request you to get in touch with our support team via email from the link provided earlier and we'll look into it.
1980602,"package needed for tmrw hasn't arrived even tho courier said it was posted. Rang, woman said she'd send it & email me. No email","So sorry for the frustrations, Kimberley! We deliver until 21:00 so let us know if you don't receive it by then!"
1986962,"Yes. Ordered as soon as preorders went live, booked yesterday off. 1050am told it dispatched arrive wed, so have to use another days holiday, and site now says wed 8th -15th. Not what I expect from preorder for release day.","Sorry to hear that, can you get in touch with us here: we can help"
1986988,Later that day it still wasn’t cancelled so contacted again. Again asked for a refund and refused. But they cancelled this one item. I contacted them loads and a refund still hasn’t been issued. Parcels are still in limbo. Why is this my problem? Going into my bank tomorrow.,Refunds may not have been possible depending on the seller. Did the rep request a stop and return on the missing items?
1990139,Je ne peux pas contacter au vendedeur.,"pour cette commande, contactez notre SAV directement via le lien suivant :"
2003815,Bonjour. Je voudrais me faire rembourser un achat d' non sollicité. Comment procéder ?,"Bonjour, je suis désolée pour cela. Je vous invite à contacter notre SAV via le lien suivant :"
2003957,"Not yet, thought it was a no-reply email. Would do that",The e-mails sent by our Account Specialists requesting information can be replied to. What is the exact error message you are receiving? We're here to help.
2003957,"Address not found Your message wasn't delivered to __email__ because the address couldn't be found, or is unable to receive mail.",Thanks for the information! could you please let us know what the e-mail you received states?
2004831,fooling customers with no cost emi option. It's a trap don't buy anything from amazon on emi. Not even bothering to help its customers. #thegreatlooyingfestivatofamazon.,"That's quite a remark, Harshit. Please elaborate your concern for us to assist you."
2011926,j'ai pas pris amazon premium pour qu'on me livre une semaine après j'aimerais que mon colis arrive un jour merci,"Bonjour, avez-vous un problème avec une commande en cours ?"
2011930,"my wife ordered a dancing duck 4my son, as a devali gift, u idiots delivered a cheap quality monkey toy & that 2in 4 days, when she is prime subscriber & when the seller in from delhi, all the time blaming sellers & still no penalty against them.",Please share your details here: and I'll get in touch with you. (2/2)
2017554,Please provide list of films and tv shows added in November 2017,Sorry to inform that we can't provide the details. But all the recent movies and tv (1/2)
2017564,"I don't know yet. Hopefully, everything is ok. Thanks!",Cool- Do keep us posted if you need any further help with this. :) Thanks
2017567,Oh yes you missed it by a good 6 days which includes today...and suppodely my complaint is on an urgent basis,I'll get back to you. 2/2
2017585,What has been wrong with Amazon lately? Shipments going out late and now I got an email about my package being lost or damaged but stranger they want me to contact them about it.,"Hi Amelia, are you currently waiting on an order?"
2025577,Y'all have put notes on my account over and over you were drivers could care less about the notes,I'm sorry about the link. Someone from my team would like to look into this with you. Here is the link:
2028475,"The reason I pay of Prime and use Subscribe & Save was to have orders delivered TO MY DOOR, not at the other end of the property.","Oh no, Johnny! We'd certainly like to get this amended. Please contact us via phone or chat:"
2031110,"💩 service. Promised delivery since Monday, still no delivery.",I'm sorry for the trouble! Have you had the chance to report this to us yet: We'd like to help!
2033180,From The Ground To My Prime Now I’m On The Rise 🙏🏾,Hope you're enjoying the service :-)
2033190,"Yes, it says it's now ""on the way."" But 3 days late.. it was due to arrive Sunday... And is texting with a delivery slot, but I won't be in.. It's a small, low-value package, why do I need to sign for it? Will this mean it gets delayed again? This carrier is useless.",We can't check your account. Can you contact us here:
2033196,Update on sending me a box of Capri sun instead of my Xbox Scorpio - they have now told me I have to pay £190 more to get what I ordered. What the 🤬🤯,Sorry to hear that. We'll be happy to look into that for you. Please reach out to us here:
2033225,"Danke für die Versandinfo gerade eben, . Das Zustelldatum stimmt übrigens und das Gerät funktioniert einwandfrei 😂",Naja.. besser spät als nie heißt es doch 😉 Hauptsache es ist in einwandfreiem Zustand angekommen. Danke für den Hinweis.
2033482,"why fire emblem warriors yet to have a delivery date, it comes out on friday",We're happy to review your order and any available options with you directly here:
2049109,"Do anybody in your team care for a 4 year old customer, who has paid for an undelivered product pending since last 1 month?","Apologies for the delay. We're following up on this issue, please wait until further update."
2049854,excelente envio. Mi amiibo llego impecable. Espero que asi me manden los amiibos de mario odyssey,😍 ¡Está hermoso! ¿Cuándo te llegan los de Mario Odyssey? 🙂
2052216,"Hey, tell me why my package still says “expected October 5th” today, on October 18th, but you already took my money? 🤔🤔🤔",I'm sorry for the wait! What's the status of the order and who's the carrier under tracking:
2057115,"When you order 25 4x4x4 boxes from , because you have orders to ship out, and they send a MUG! A FREAKIN' MUG! #Really?!",I'm sorry the wrong item arrived. See your available return/replacement options here:
2059157,"on your website,my package says it was delivered on Wednesday. it's Friday and I still have no package! There is no contact help",Oh no! We'd love to help Makayla! Have you checked these steps to locate your package? Let us know!
2061539,no response being received for email to customer care through app. Done the below twice. No response,I understand your concern. If you've contacted our support team via email you would've received a correspondence here: from them. Please feel free to get back to us for further concerns.
2061563,I need to speak to a human because all I can see on my account is a note saying that my “prime membership will be active soon”.,"I'm sorry for the trouble! You can reach us here via phone or chat, and we'll certainly help to get this completely canceled: If you have any further questions or concerns, please let us know! We're here to help!"
2061655,"Ya está reportado. Aunque siendo domingo, no espero contestación hasta mañana.. Entiendo que este fin de semana hay sobrecarga, trabajo en el sector y se lo que es.Pero es de lógica que no se puede entregar un pedido un domingo en una empresa y menos dos días antes de lo indicado","Gracias Pili, agradecemos mucho tu feedback. Recuerda que cualquier duda adicional o inconveniente, estamos aquí para ayudarte."
2064388,Sold by a seller called 'Urban Extreme llc' Why you don't stock these items and sell them is ridiculous!!!,Thanks for clarifying Charlie. Please get in touch - we'd like to escalate this further.
2064414,"Sir, order Details can't show my order who cancelled.",Every canceled order would be sent with an email specifying the reason for the cancellation. 1/2
2065823,is there a number or email i should contact regarding ebook textbook rentals? I looked under my rentals & didnt see contact info,Hi Beka! Please contact us at the following link and we'll be able to help:
2067242,Lo he cancelado mientras estaba en reparto. ¿Me pueden informar de su estado y cobro? El núm de pedido es 408-4198325-7383519,"Con respecto a tu pedido, por este medio no contamos con acceso a tu cuenta por lo que para saber el estado del mismo te recomiendo ponerte en contacto con Soporte al Cliente por medio del siguiente enlace:"
2069771,i recently bought a game from you guys but i only received the second disk.,Sorry one of the disks is missing! We can look into avail order options. Send us the details here:
2069823,I hv ordered 2 ceiling fan with order 405-9320902-9485113 dtd.24/03/17.Product is under 2 years warranty but worsen,Sorry for the trouble with your order. Please contact us here: and we'll help you with this. (1/2)
2075313,"Yes. I know what is the problem. The site is ""misleading"". It is only FREE if you spend over $35. I just did an order now and got it.","Thanks for sharing this with us! I'm glad that you were able to sort this. If anything else comes up, we're here to help."
2078429,"so no, no change. for an item that released yesterday.","I'm sorry for the wait. Once a delivery date is available, you should receive an e-mail from us with more information."
2084584,"Message sent, although I don´t trust the ""we will contact you within 12 hours"".","Hi, we'll be in touch as soon as possible with an update."
2086362,"J'ai préco Sonic Forces édition Bonus, le jeu est sorti hier, mais toujours en préparation de commande. Du coup j'me demande comment ça va se passer.","Bonjour, avez-vous reçu un mail de confirmation de commande avec la date de livraison prévue ?"
2092680,why there is no exchange facility available in 492001 pin code?,We're working on expanding our services to more locations. I'll be sure to pass on your feedback. Kindly stay tuned.
2093921,"loses my parcel... They assure 2 day delivery, which is then delayed by further 4 days and then poof! They say it's lost and ask me to initiate a refund... #fail",Please drop in your details here: 2/2
2094029,Siete davvero fantastici. ps: vi ricordo la mia idea di creare delle copertine stampabili (con tanto di dorso) per chi compra gli ebook ;),Grazie per i complimenti! A presto!
2094096,ahhh the sound of xmas :),Christmas is just around the corner 🙊💛
2102711,"Dear Sir l have ordered my NOKIA model number 130 DS (Black) mobile with amazon order no 403-9527897-0448309, dated 27.10.2017. I have received the phone on 07.11.2017",That's unusual. I'm sorry for the experience. Let us investigate this further and help assist. Please drop your details (1/2)
2103073,"i accidentally deleted my household on amazon, how do i create it again without waiting 180 days",Sorry to hear this. What site did you have your household set up on
2104370,#KDPAMAZON won't open my kdp account they are the ones that said the rewrite public domain was fine then somerset closed my account. They will not look.its like they don't want to be wrong,What information were we able to provide about your issue when you reached out?
2104407,i have made payment on redbus for my booking but amount was deducted twice from my bank account...,That's unusual. Please report to our support team here: & we'll help you.
2104982,Je ne l'apprends qu'aujourd'hui puisqu'aucun suivi n'était indiqué... TNT,Je suis vraiment désolée Stephane. Il s'agit d'un oubli de scan de la part du chauffeur. Je remonte cela au service concerné.
2104987,"Dear , I bought woodland boat shoes (171-6222949-5962754) on 17th October and seam stitches have already come out. Have you also starting cheating customers? Never expected this. #pathetic",Please don’t provide order details as we consider them to be personal info. Our Twitter page is visible to public. (2/2)
2107329,2 hours delivery #amazeballs,The cat is well and truely out of the bag now!! Enjoy!
2110260,I have filled the form that I was asked to. Kindly help atleast now,"Thanks for the confirmation, Jitansh. We have already responded to you via DM. Request you to check."
2110310,Not sure if you know this but the bit.ly link ( on the details page of Amazon for getting Servify Insurance for #OnePlus5T actually points to the App (iTunes) store instead of the Google Play store.,That's unusual. Could you please let us know which device are you using is it Android or IOS?
2110318,"Thanks for your help. Trying the link on my iPhone, but no pop up appears. Should I try on a PC later on?","Yes, the link should work on a PC. Please reach us there at your earliest convenience, and we'll be happy to record your feedback."
2111134,"Avec plaisir, merci à vous c'était sympathique comme discussion et encore un coup GG pour votre service client 👍",À très bientôt ;)
2113048,"order NO. 405-0450770-7257116 date 13/09/17 ,invoice no-sjab-4673, i want this bill with my GST NUMBER- 27AKEPK2419D1ZJ ,SACHIN",I understand your concern regarding the GST. Kindly reach out to our support team here: 1/3
2113604,ordered an iPhone 6s on 27june. Can’t find orders in ‘my orders’. Need the bills. Plz help as facing issues with,Apologies for the hassle. Please go through the link: for an invoice.
2113616,November 7th by 8pm,What's the most updated tracking status: Which carrier is delivering it?
2113695,experiencing very bad customer support. nobody is ready to give a ticket numbe for my request (1/2),please contact us here: so that we can assist you accordingly. (2/2)
2115526,Delivered today Your package was delivered.,I'd like to have a team member contact Canada Post on your behalf; please reach out to us here:
2117801,I have sent an email.,"As you have sent an email to our support team, they'll check it and get back to you soon."
2119291,Ordered something using two day shipping says it’s coming later.... customer service said that it uses an algorithm to predict and to not pay attention to that because it’s not accurate,Hi! Did you receive an email with an estimated delivery date?
2122267,Me encanta cuando corta los códigos de barras de los envíos con tanta delicadeza que se carga la caja de tu juego...😒,"Lamento el inconveniente Antonio, ¿el producto se encontraba correctamente?"
2126225,"Naja, nachdem das Paket ja bereits bei Hermes liegt, vermute ich das Problem eher dort als bei euch. :) Aber einen Versuch ists wert ...","Wir haben die Möglichkeit, deine Lieferung weiter nachzuverfolgen oder ggf. mit Hermes in Kontakt zu treten. :)"
2126255,"Hi, wondering why my order has been 'preparing for shipment' for 3 days???","Hey, sorry to hear that, when is your delivery estimate?"
2126702,Muchas gracias por la información y pronta respuesta.,"De nada Juan, cualquier duda adicional o inconveniente, estamos aquí para ayudarte."
2126749,When you aren’t in to accept your delivery so the courier takes it upon himself to open your parcel and post each individual thing through the door! So now Oli has seen some of his Christmas presents as he got home before me! Amazon have messed up so much recently!,I'm so sorry for the improper delivery! Please reach out to us here so we can look into this with you:
2126762,Apparently its been delivered to the post office but when went there its not there???,What information was your local post office able to provide you? What's the current order status:
2128499,creo que va siendo hora de mejorar las empresas de reparto...Ya van 2 días de retraso en la entrega y no es la 1a vez con ellos.,"Lamento el retraso, Antonio. Contáctanos por acá para dejar el reporte y ayudarte con esto:"
2128505,I filled it in yesterday as well,"If you have filled in your details earlier, I believe we must have already got back to you on this via email. 1/2"
2128936,hey . . STOP your drivers from putting my packages in my mailbox...the picks them up thinking i’m sending out a package #holidayfail #amazon,"This isn't the kind of experience we want you to have! To confirm, who's the carrier under tracking:"
2128995,Appalling service from you. Prime delivery due by 8pm today (which is in 52mins) still preparing for dispatch. CS agents unable to help as getting no response to their emails/queries to fulfillment centres. Not good enough.,"I'm sorry for any trouble, Joanne. We'd like to help in any way we can- please keep us up to date on this delivery."
2130927,"Non ancora, appena posso lo faccio, temo di non aver scelta.","I miei colleghi sono a tua disposizione dalle 6 alle 24, e potrai contattarli da qui: A presto!"
2132778,im sick of my packages being left anywhere opened and destroyed,So sorry about your delivery! Let's get this taken care of with you in real time here:
2132832,"Says looks like it's lost, check the the options below. But there aren't any!",Oh dear! We are here to help! What options do you see?
2132862,shocking packaging! Is this how you pack your hard drives #Amazon,Sorry for the trouble! We're always looking for ways to improve. Please submit feedback here:
2132868,day three... still no delivery. Can I get a refund on the same-day shipping please?,"Oh my! This is not the experience we strive for you to have with us! Have you been able to reach out via phone or chat about this order? If so, what has been advised?"
2133110,aint going to do that again cos already did that. No soln found. I think consumer court has to be involved,You must have received an email correspondence from social media team. Request you reply to that email for further assistance.
2135539,does this come with international warrant? and valid in INDIA?,our experts from our partner site assist you with this. 2/2
2141391,"what’s up with lying about the delivery tracking, but not actually delivering it until next day? #amazonprime #lies #notthefirsttime",I'm sorry for frustration with your deliveries. Do you currently have a late or missing order?
2142451,idk if the notification relies on the delivery-person confirming it or if its automatic,It would be confirmed as del by the driver but can be a delay in the system updating. Please let us know once you check items
2142960,If u really care for ur loyal customers u can call me on 9867649098 right now,Please elaborate your concern. We'll help you with it accordingly. Rest assured. (2/3)
2144533,You’re service center for fixing this sort of problem has been down far a long time now. There have also been continuous edits on delivery dates that are prime. Pls fix it and refund my money.,"Just to clarify, was this item shipped by Amazon or a third-party seller? You can check here:"
2146468,"Echo order ""by mistake"" says delivery by Jan! Amazon cust care execs promise delivery by 2-4 days. Still no sign.",Apologies for the ordeal Dinakaran. Please share your details here: and I'll get back to you.
2146475,"I purchased from Amazon India Samsung A5 2017,order ID 403-7642555-7574736 but Amazon delivered me a China mobile .",Sorry for the hassle Ainul. Please report this to our support team here: and we'll check this.
2146752,"why would you put an ornament in a box like this, who do you hire to sort orders out?","I'm so sorry for this! Please see the avail refund/replace options, & give packaging feedback here"
2148056,WTF I pre-ordered the Book of Dust released today and it's not being dispatched until the 23rd?!!,Sorry to hear this. Has any reason been given for the delay?
2149469,I usually buy approx 500 boxes of StoveTop Stuffing each year for a Thanksgiving drive for a homeless outreach center. Can I do that through Amazon?,Hi! We would like to look into your options to place this order. Please reach out to us here:
2149501,Finally settled down to read #AlternativeWar by only to find “Beholt The Man” by Lantz Miller inside the cover. #Conspiracy ?!? :) #sigh #fail,I'm sorry this happened. Have you had a chance to contact us about this? If not you can do so here:
2149531,Sure do. As others have been.,Oh no! I'd like to have a member of our team look into this for you. Please reach out to us here:
2150978,Now you won't reply at your fault! #amazonsucks,"I'm sorry to know this, Anuj. Please drop in your details here: We'll connect with you on this."
2151019,App not working on Samsung Galaxy Note 8. Tried uninstalling. The app is simply not opening.,That's strange. I've just checked & it seems to be working fine. Kindly try accessing the app after sometime. Do keep us posted.
2151039,2 late deliveries in 3 weeks now. Really starting to wonder why I continue paying for Prime. 😒,I'm so sorry it hasn't arrived! What's the delivery date and most recent tracking shown here:
2151861,Los de repartiendo los domingos 😍😍,Es para mejorar tu Domingo 💕📦
2152587,need lot improvement in logistics I guess u should shout during festival if u can't stand on commitments,Sorry for the hassle. Please tell us more about the issue for better understanding?
2152587,Booked 2 gift on prime supposed to get yesterday but got text saying delivery made no one was available where I am at home from yesterday,Sorry for the hassle. Please report this to our support team here: and we'll check this.
2152738,Pathetic service Earlier my problem was not sorted out and No. Was blocked And now I can't connect through another Number,"Apologies for the hassle Shivam, you can also choose to chat with us or email us."
2153956,"Pues... Yo sigo esperando desde el viernes para sonreír, pero no, como vamos igual llega mi pedido la próxima semana. Si tienen demasiados pedidos, quiten la opción de promesa de entrega. Ya ni la...","Hola Rich, lamentamos el inconveniente. ¿Has conseguido hablar con la compañía de transporte para verificar lo que ocurrió con tu pedido?"
2154241,Sure. I’ve spent two days off work sat in waiting for an age related item to sign for. That’s after I tried to arrange delivery to a neighbour which one of your customer service team said they could and had done to be emailed back next day to say it couldn’t be done. I’ve had a,"Thanks for that information, Annette! Please reach out to us here for further assistance: -Roger B."
2154454,Did leave my package outside to soak in the rain yesterday hoping I’d let them in my house next time?,Oh no! We're here to help! Who was the carrier for delivery as indicated in your order tracking?:
2159220,"Email sent. Again. I am sorry to keep complaining like this, but man, any time I have problems it seems to always be with AMZL delivery. :(",Don't be sorry! We always strive to improve and we appreciate any feedback. You're always welcome to ask for help.
2159389,yesterday I changed the number & FYI it changes number after verification. Acc is not unblocked yet. horrible experience with Amzn pay. __email__ its harassment.,I'm so sorry about the experience you've had. Kindly request you to reply to the email sent by our team and we'll get back to you with an update.
2161789,I did it but no response even did chat but no proper update even wrote to no response I guess busy counting money but rest would have given me proper solution on query. correct me if I'm wrong. policy of refund violated in my case. Thanks.,"We're truly sorry for the trouble. If you've replied to the email sent by our team, we request you to await further response."
2161832,..if u unable to deliver product in 2 days then why u charged 80 Rs for prime. why r u cheating with customer. do u want become a robber. you should learn Business Principle from Flipkart ..Today is your last day of dilevery confirm will get?,Sorry if you feel that way. We'll not be able to check your information here.I'm positive that you will receive the 1/2
2161844,For the love of god... I haven’t received it!,Please get in touch with us here:
2161852,This is unprecedented. My parcel shows delivered while I haven't received it.,"Uhoh! Something must've gone wrong, Apurba. Please have this reported here: for immediate assistance."
2161923,still trying ti track a non delivery 205-5349810-6471507 please send replacements,"We don't have access to your account here, but you can reach us here: ?"
2166062,Can't believe an delivery driver just tried to get into my house to deliver a package after only knocking once. He was also rude af.,Sorry you hear this Gurnery- Have you reported this to us directly via:
2167079,Nachdem mir der kundenservice zugesichert hat dass es heute noch rausgeht.....ist es immer noch nicht versendet. Mein sohn wird sich bedanken. Hat sich sehr auf seine laterne gefreut,"Das ist sehr Schade ☹️ Von hier aus haben wir keinen Einblick in deine Bestellung. Gewöhnlich wird bis spät in die Nacht noch versendet. Sollten noch Fragen zur Bestellung offen sein, kannst du dich gerne nochmals an unseren Kundenservice wenden. Gruß"
2170437,there was a pick up scheduled today on a replacement.. No one has come and no response... Pathetic...,"Apologies, Bharath. Please report this to our support team here: and we’ll be glad to help you.1/2"
2170816,Xmas shopping basically done! Thanks !!,Shall we send some elves over to help wrap or you got this?
2170826,"Liebes Team. Mein Paket, dass per verschickt wurde, soll ich nun in Krefeld abholen? Obwohl ich diesen Artikel mit Angabe Lieferort Hilden geordert habe? Das sind 50km!!!! Ich brauch den Stuff dringend!",Auf der DHL-Website wird dir der genaue Abholort angezeigt - check das bitte kurz. Vielleicht ein Anzeigefehler. Gruß
2171018,"No, that’s why I’m on here asking why","We can't access accounts via Twitter, but we'd like to look into this for you. Reach us here:"
2171024,"Bjr, j'ai passé une cde le 06/11 elle n'est toujours pas expédiée... pourquoi?! #Amazon","Bonjour, est ce que la date d'expédition a changé ?"
2171075,Yes. Game released today. In the Amazon app it says out for delivery and arriving today buts it's now almost 10pm with nothing delivered. Have an e-mail saying it will take another day or two to arrive.,Oh no Sean! I am sorry that your order has not arrived. Who is the carrier listed here: ?
2171436,No phone call yet!,"I understand you frustration, but I don't see that we've received your information in the form provided by AL. Please send us your details when you have the chance."
2172032,ORDER # 402-3233698-3832314 was never delivered but your website says hand delivered. what a joke.,"Please don't provide your order details, as we consider it to be personal information. Our Twitter page is public.​ 2/2"
2176321,"Yes, it is a spam email but others may have thought that was a legit email. It looked very real.",Thanks for highlighting. Here's more info:
2176331,a little help! My account says my package was delivered and left in my mailbox yesterday but it's nowhere to be found.,Uh oh! Have you tried the steps listed here: to recover the package? Keep us posted!
2176415,Amazon courier guys in India fail to deliver order for 5 days in row and then badmouth your customers. Order# 403-0161310-6974739,Sorry for the hassle. Please report this to our support team here: and we'll check this. 1/2
2176472,Still haven't got the product,"Apologies for the long stretch. Our team is currently looking into this, we're working on having it resolved at the earliest for you. Appreciate your patience."
2176558,The irony is that I still need travel pouches :(,That's strange. We'll surely sort out the issue for you. Please fill this form: and we’ll contact you soon.
2176567,I have but wasn't any help or explanation as to what the issue was. I get parcels delivered to work so this doesn't happen plus waiting for this for 2 days is unacceptable.,"Thank you for confirming! We'd like to take a closer look into this with you. When you have the chance, please reach out to us here:"
2176588,"hi please below pics, no1 what i ordered,no2 what i received?!no box,i dont believe my item is genuine,where is the box 4 storage?!",I'm sorry to see that. Was the item sold by Amazon or a seller? You can check that here:
2176727,"A formal complaint to Amazon itself, as Audible is also an Amazon company. Audible is a key selling point for new Oasis; it's not working.",Sorry to hear that. Please contact us here: to submit the complaint.
2184930,It's already 10Pm till now no updates till now. 8985287160 this is my registered mobile number.,"Please don't provide your contact details, as we consider it to be personal information. Our Twitter page is public.​ 2/2"
2190990,Maximum how much time I want to wait???,We'll get back to you in 12-24 hours Mudit.
2192551,"I did no use. Tell me your golbal company , How long it will take for pracel delivering from Bangalore to Hyderabad ??",I'd like to personally help you. Kindly fill in your details here: and I'll look into it.
2193209,I get this now. Where do I see the student offers please x,For more details on how to get started with Prime Student. Please see here:
2195265,Ósea que mi envío no se ve afectado por el cambio del status del producto?,"Dime, ¿el pedido fue gestionado por Amazon o por un vendedor desde nuestro sitio?"
2195592,can i call that number from the uk? will it be chargeable?,The number that provided is toll free and is for assistance with our site. If your account is under please call us at: 442-070-847911
2198815,Sir your support team is not answering any calls neither no response from mail sent through app. Please help in tracing the refund with the given order number in screenshot,Apologies for the ordeal. We've responded to your concern via DM. Kindly refer.
2198985,WHERE THE FUCK IS MY BLENDER,"I'm sorry for the wait. Have we missed the delivery date provided on your order confirmation e-mail? To see the latest tracking update for your order, please go here:"
2199086,"Hola. Me han bloqueado la cuenta de y me pide enviar fax. No tengo posibilidad de mandar Fax, Me ayudan a desbloquear? Hice dos compras y veo el consumo en visa, recibiré mis compras?","1/2 Hola lamentamos el inconveniente. En caso de que desees recuperar el acceso a tu cuenta, recuerda que .."
2199106,"Hi, my account has been blocked and I couldn´t send the requested fax. Could you please provide another way to unblock? Also, I made a purchase in just before the acount was blocked, will i receive it?","Hello, sorry about that, the email you received contains 2 ways to send the documents, either by Fax or Post office"
2200725,Is this a mobile phone to you ?,Sorry to see that. Was the order fulfilled by Amazon or a 3rd Party Seller?
2200788,"Dear , please stop using ur own delivery service, AMZL. Twice uve used them for my stuff & twice they've failed to deliver my stuff. Once they ""lost"" my stuff. No idea whats happened this time. They suck. Stop using them! I can get my stuff just as easily from Wal-Mart.","Sorry to hear that, what's the current status of the tracking and estimated delivery date of your order:"
2200817,preciso ter uma conexão muito boa para usar o Fire Tv Stick?,"Olá Ueslei, espero que você esteja bem. Respeito a sua consulta, é importante ter uma conexão de internet estável para conectar dispositivos wireless."
2205289,I­t­ says Monday for delivery.,"If the order is expected to be delivered on Monday, it should be delivered any time before 8:00PM. Please let us know if the order does not arrive by then. You can find more information on shipping time can be found here:"
2208275,I have to wait until Tuesday because thinks that's fine.,I'm sorry for the trouble Jon! Did we miss the delivery date shown on your order? You can check the information here: .
2211733,"your costumer support was abysmal this week. Spent 1 hr via chat and call to resolve a simple issue, then you back on your word. You also missed 2 delivers as well. Downhill compared to past experiences.",I'm sorry to hear about your poor experience. Without giving out account / personal info can you tell me a little more about the issue?
2211751,I have 3 items to purchase it literally will not purchase them there are in stock,Is it allowing you to add to basket but not allowing you to check out?
2211999,"Buenas, me aparece la siguiente leyenda le comento desde el 22 de octubre lo compre y no ha sido enviado",Entendemos esto y nos disculpamos por lo ocurrido. Contáctanos para revisar que es lo que ha sucedido y como podemos ayudarte:
2212044,Every 2 Orders There Is a delivery problem. Whats the use of getting prime then?,so that we can get in touch with you. (2/2)
2216563,"Yes, I can. It's just that when I'm on any of my wishlist pages, instead of a search bar being above the list, it's a link to my profile. It's that way on both the desktop site and Android app, but not the mobile site.",Which Amazon website are you on?
2216645,i have . long back all i need is an invite to amazon echo. thats all.,"Thank you for the confirmation, our team would get back to you shortly."
2216648,you want me to fill a form after 7 days 6 chats 4 phone calls 5 emails . ryt lemme do that too :) lets see how many more days it takes for you all to deliver your own product amazon echo,"I get you being upset with the delay. Please understand we can't gain access to your account details via Twitter. If you've shared your details in the link provided above, we'll check the delivery issue and reach out to you with an update."
2219920,i have. try 20 times but no response came from your side,"Apologies for the experience. I’d like to help you, please share your details here: and I’ll contact you soon."
2219931,ther is products oder is 4__credit_card__ still products was not came to my hands and money was dected by my account,"Sorry to know that you haven't received your order yet. We'll certainly help you with this, please contact us here: Please don't provide your order details, we consider it to be personal information. Our page is visible to the public."
2220022,why does my prime membership no longer give me next day delivery on prime items?,"Hmm, that is strange, Lindsay! Are you seeing this with all Prime items or only some items? Some products are not eligible for One-Day Delivery. More helpful information here: Please keep us posted!"
2220056,"So, I paid for 1 day shipping on . Now they're saying there is a delay. So, if I don't get my package today, do they reimburse me the 1 day shipping?",Absolutely! Sorry to hear about the delay but if it doesn't arrive on time please let us know.
2220131,"hi, I need a sandwich grill which can accommodate 4 sandwiches (2 bread/1 sandwich). Products details don't carry the infos I need",Could you contact our support team here : so that we'll help you with the product info.
2220970,"Madre mia que despues de darme una fecha de entrega de ayer, ahora me dice que el paquete me llegara el dia 14. Pero ey, que el Prime es entrega al dia siguiente (o al siguiente, o al siguiente, o al siguiente). Podria continuar con 280 caracteres.","Lamento el inconveniente Eneko, nos comentarías, ¿has intentado contactar al transportista respecto a esta situación?"
2226739,Can you please tell me how to contact amazon social media team on phone because i am not getting you on email at right way,Kindly reply to our email requesting a call and we'll get in touch with you soon.
2226968,i did send an email but had nothing back,"E-mails can take up to 12 hours for a response. For a real-time response, please contact using phone or chat."
2230330,Still nothing... the extra charges are still on my credit card,Hi Jonathan! You can get in touch with us right away with our call back service:
2230622,purchased Peter Robinson The Summer That Never Was and guess what Unable to Open the Title. Forget help it doesn’t exist.,"I'm sorry to hear this. Just to clarify, are you unable to open your Kindle e-book?"
2230730,Need help with an order I cancelled please,"We'd be glad to assist you with this! Without posting personal account information, tell us more about your situation."
2234311,teremos num futuro proximo venda de tablets e produtos da amazon na loja BR?,"Olá Paulo! No momento não temos mais informações, recomendamos ficar de olho no nosso site para novidades."
2236243,I love above an insurance company and you guys tried to deliver it there but they were closed and then sent me an email saying sorry you missed me. Now I have to wait until next week to receive something I was supposed to get on Tuesday,Which carrier is delivering it? You can find that information here:
2236396,A parcel of mine says it has been delivered and it hasn’t been. Would love some help please x,I'm sorry you're having trouble locating your parcel! We can help! Here are some tips to help locate a parcel that's been marked delivered:
2236417,come mai spariscono le recensioni e non arriva notifica sulla mail di approvazione o meno?,Da Twitter non abbiamo la possibilità di verificare il tuo account. Ti suggerisco di segnalare l'accaduto al nostro Servizio Clienti cliccando qui: I miei colleghi saranno lieti di fornirti l'assistenza necessaria. A presto!
2236426,not at all cool. Bcoz of ur fault I m not getting the product today even after so many follow ups.,I'm sorry to hear this. We ship the packages to meet the estimates provided while placing the order. Did we happen to miss it?
2236488,"your service is getting worse! Twice in one week you've changed delivery dates on me for time sensitive items! What's the point in me paying extra for your ""Prime"" service??",I'm sorry for any inconvenience this has caused; were the original delivery dates provided upon ordering these items or were they provided as shipping confirmation dates?
2238127,So happy found the station on . Exactly the music feels I've been looking for,"Best feeling ever! Happy listening, Jennifer! 🎵"
2238651,"I don’t get the option for video on the Alexa app, just books and music?","If you'd like to use voice commands with Fire TV, this page will help: If you'd like to use your mobile device as a remote, we have a remote app:"
2238669,are useless. I ordered four kindles in the Black Friday sales and when I've received the order today and they sent me the 'Two Ronnies' DVD instead. Fuming 😠,"I'm sorry you got the wrong order. We'd like to help, please contact us here:"
2238687,"hey, just wanted to say thanks for my clearly second hand, broken item I received today 😎",oh no! I'm sorry the item wasn't as expected! Let's look into return or replacement options here:
2238707,The wastefulness of makes me so angry!! 🤬,"Thanks for letting us know, Emily! Please also share your packing feedback and pictures with our team here:"
2240592,"I submitted the order weeks ago. Am now getting 'payment declined' email. Card works fine elsewhere. Ordering from Germany, ltd edition vinyl LP for charity, unavailable elsewhere.","Hi Luna, did you double check that the card details you entered in our system are correct? We recommend deleting what you have and re-entering."
2240607,Release Day war 7.11. Bestellt hatte ich schon im JUNI. Läuft gerade bei 🙄,"Hi, welcher Liefertermin wurde dir in deiner Bestellbestätigung genannt? Lieber Gruß"
2240614,"Also, your supervisor was very rude, and didn't answer any of my questions.","I am very sorry to hear that Dan, what did they advise you? Which steps have been taken in relation to your parcel?"
2240625,Ordered 2 relatively small pieces of trunking...this was the #ridiculously oversized #packaging it was delivered in today...completely unnecessary! #unimpressed,Sorry for the troubles! You can leave your feedback about this packaging here:
2240635,"I have a Amazon Gift card which has balance when I try to use it , it says the card balance is used. I have check the balance exist. So what information you need to help me better . Amazon Gift card I'd ? I am happy to share but on Twitter only the reason is mentioned earlier.","In that case, please drop in your details here: We will get back to you once we receive your details."
2240672,do you not respond to messages ? Wasn't customer services supposed to be a strength ?,"Sorry for our late answer! This should not have happened! :( Please contact us, the Amazon.de Social Media Team via We would like to take a closer look into this. If you can't login, you can skip it with ""Anmeldung überspringen"""
2242055,Non il n'est pas disponible le seul document est un reçu où il est marqué partout qu'il n'a pas valeur de facture.. Vendeur relancé en espérant avoir une réponse. Merci à vous bonne soirée :),"J'espère que vous recevrez une réponse rapidement, je vous souhaite également une excellente soirée et un bon Week-end."
2242063,Super wieder mal Top Job 👍,Immer gerne doch :)
2242539,"hey, en Amazon Prime video se puede ver la tercera temporada de Mr.Robot? Aún aparece como no disponible. Ayuda.","Hola, lamento el inconveniente, por el momento la tercera temporada de Mr. Robot no está disponible, sugiero estar atento."
2245410,"I’m assuming not since it won’t ship until february. When I ordered originally it took a week. Point is, I ordered this tv on time. Should be able to get the same tv+price sooner than 3 months from now",I understand the frustration this has caused! Please reach out to us here: so we can take a look into this order and explore the options we have.
2245431,"Buen trabajo de y . Paquetes de #blackfriday con entrega para el próximo martes, entregados hoy 👏😉","Nos emociona que hayas recibido tus pedidos antes de lo esperado. 😉😊🙂 Cuéntanos, ¿hay algún producto de estos que estuvieras esperando con muchas ansias?"
2249788,I couldn't find it on Amazon Video app on my Roku 3. I can choose it on my watchlist on computer. Not on watchlist on Roku app.,What insight were we able to review with you when you contacted our support team?
2251912,"4 requests, 2 weeks wait, still no return pickup. Never expected such service from 'Earth's most customer-friendly company'",your details here: and I'll get back to you. 2/2
2251912,Even you did not solve the issue. Should I forward the matter to ?,"As the details are filled from the link provided earlier, you will receive correspondence here:"
2252892,ur bharuch courier service in BHARUCH is a part of any illegal service PL call them my item pickup 4pm by mo no 9265262938 but not shown,"I'm sorry about that, I’d like to help you with this, please contact us here: so that we can assist you accordingly. Also, please don't provide your contact details, we consider it to be personal information. Our page is visible to the public."
2253174,"talk about a downward spiral, no delivery and no apology. Customer for 10 years.. very poor show.","This definitely isn't what we strive for! Without providing personal account information, could you tell us more about what's going on? We'd love to help in any way we can!"
2254429,OK now you've failed to keep to your Promise's. We was promised delivery today. You are all as bad as each other.,"I'm so sorry for the continual trouble with your order! I know you've already called, but I'd like to have a member of my team look into this for you and your step son. Please send us as much detail as you can on this order here:"
2254601,Entro mezzanotte avrò il mio bottino. Sarà un duro lavoro ma ce la posso fare 😊,Confidiamo in te! 😉
2254639,Only email I’ve got 🧐,"Choosing One-Day shipping will reduce the transit time to one business day after we've shipped your order, but it won't impact how long it takes us to obtain the item or prepare it for shipment: Parcels can arrive up to 21:00. Keep us posted!"
2254656,Done. One for my ring and the other for the book using the respective buttons. Not impressed with packaging but am glad the items are in immaculate condition as I'd expect. But amount of packaging was way too much. Thanks.,"Thanks so much for sharing your feedback with us, Dale! It helps us to improve. Please let us know if you ever have any other questions or concerns."
2255200,starting to think prime is not worth the money since they don’t guarantee 2 day shipping anymore.,"Two-Day Shipping refers to the transit time, in business days, after an order has shipped. We strive to meet the delivery date shown at checkout and confirmed via e-mail, have we missed this date on a recent order?"
2256395,"In meiner perfekten Welt würde #eurosportplayer in über #PS3 auf meinen 📺 funktionieren. Ist aber nicht so, oder ?","Du hast Recht, leider ist das über die PS3 nicht möglich :("
2260629,Why have I also not been refunded the £2 tip when your driver did not even turn up to deliver?,"Hey, I'm sorry about that! Please contact us again regarding that."
2260679,"Already did, but no reply yet!","I'm sorry about this experience, Nutan. We’d like to help you; please fill this form: and we’ll contact you soon."
2260695,No everything was fully stocked (I made sure to only order items that were!). I upgraded my delivery to standard but its still suggesting the 23rd December?,Could you provide us with a link to the item you are looking at?
2260705,"Es que la compañía transportista es Amazon Logistics. Supongo que es vuestra propia transportista, ¿no? 🤔😂😂😂",Correcto. Puedes contactar mediante nuestro departamento de Soporte al Cliente para verificar el estado de seguimiento.
2260744,"Cheguem logo livros da , preciso de vocês /","Oi Fábio, qual é a data estimada de entrega do seu pedido?"
2261664,Salut où est ma commande ?,"Bonsoir, avez-vous un souci avec une commande en cours ?"
2261707,Dear delivery person... Maybe don't leave my books outside in torrential rain. Just a thought. #ruined,"Oh no! I'm so sorry about your books, Ilona! You can view replacement options here:"
2263027,danke. Gute Nacht :),Ebenfalls eine gute Nacht :)
2265499,Dear please cancel these orders and initiate refund asap. As #BlueDart is worst in my town. They just...,I'm sorry about the hassle with the courier. Please get in touch with our support team here: We'll look into it.
2266855,No. Its not. Will come back to yu..if its not delivered btw estimated dates. And also i will not give/raise complaint on this now. Will sure I believe it will not be delivered on said dates,I get your concern. Kindly wait until the estimated delivery date provided.
2269103,"Merci j'ai bien compris, mais du coup les consommateurs doivent s'attendre à un changement du prix (à la baisse) ou bien un changement du prix au litre? Car si on compare le prix du contenant de 500ml, je suis tenté de dire qu'Amazon surfacture le 1L ;)","Comme indiqué précédemment, le service concerné a été averti et prendra les mesures nécessaires en cas de détection d'erreurs. Merci de nous l'avoir signalé."
2269266,"When i launch amazon App on android fone a main window appeared and asked me to change the password. There was no other option to skip or cancel, bit weird it never occured before. Have been using amazon app for years.",Sorry about the trouble with your app. Please clear app data from device and reinstall the app. Do let us know if the issue still persists.
2269293,Thank you Tara. Hopefully all sorted now 👍,Our pleasure! Please let us know if we can assist further. We're here for you!
2269330,"As i clicked on the link this page come, what to do next am really confused, is it possible from your end to give me a call or plz provide ur number","We'll certainly help you. Kindly fill the form with details as mentioned below: Twitter handle: ""JishuSumu"", last 4 digits of your order: ""NA"", URL to twitter message: "" Kindly share these details and we'll reach out to you soon."
2269358,here is what gets generated. No pricing information,"I understand your concern. We'd like to look into this. Please drop your details here: and we’ll contact you soon. Also, please don't provide your order details, we consider it to be personal information. Our page is visible to public."
2273217,"Yes, but the problem is, the chair is in the full upright position and won’t go down. Might be a problem to return?","We'd like to view available options with you! When you have a moment, please contact us by phone or chat here:"
2273389,". Since the change to Amz Logistics, have not successfully had a pkg delivered. What's the point of having Prime or even orders 😤","I'm sorry to hear about the delivery troubles! We'd like to reach out, please provide your details:"
2273523,Yes but for some reason every time I send my statement info they read it but do not unblock my account please help!,Have you received e-mail confirmation from the Account Specialist team that they have received the information they requested? Are they waiting on further information from you? Please let us know.
2275907,Muss Altgeräte (konkret geht's um ein Drucker) zurücknehmen? Zumal ich auch einen neuen dort gekauft habe.,guck mal hier: und dort findest du alle Infos zu dem Thema. Lieben Gruß
2276168,Your continued shipping failures will result in my non-renewal of Prime. I'm over it. 2 day shipping has become a thing of the past. Done.,"I'm sorry for the poor experience, Mark. Are we missing the promised delivery date found in your order confirmation e-mail? We'd like to help."
2276353,"Yep. Sure! :) Also, can you guys ask deeper questions about Alexa's reaponses in the app? The Yes or No system doesn't seem enough. More feedback from users might help, no?","I've noted your comments and will be sure to forward it as a feedback internally. Also, users can provide their feedback directly from Alexa app. Please follow this path: Menu -> Help & Feedback -> Send Feedback. Thanks!"
2276513,"Patiently awaiting my package all day, only to check and see that my delivery has been changed to '11th - 15th Nov'. An email or text might've been nice, especially given I'm a Prime customer... however, I shall henceforth wait with my nose pressed against the window...",I'm sorry to see your order has been delayed. Please let us know if it doesn't arrive by the new delivery dates given.
2276541,Vorbestellen und den Artikel am Erscheinungstag erhalten funktioniert bei offensichtlich nicht. 🙄,"Lisa, hast du eine aktuell betroffene Bestellung? Wenn ja, dann schauen sich das meine Kollegen im Kundenservice gern mal an: Gruß"
2276763,Aunque no sea muy original... como empecé viendo la serie de Juego de Tronos.... He decido empezar a leerme todos los libros 🙈😍📖,"¡Excelente decisión! No te vas a arrepentir, al igual que la serie, los libros son geniales 😍 ¿Cuál es tu personaje favorito de Juego de Tronos?"
2277126,"Ciao, nel vostro sito quando porgo una domanda ad un acquirente che ha recensito un prodotto acquistato, mi arriva una notifica quando mi risponde? Oppure, esiste una cronologia dove posso visualizzare tutte le domande che ho fatto?😀",Potrai visualizzare le eventuali risposte sulla pagina dell'articolo e via email. A presto!
2277419,Por aqui fico sabendo sobre o prime vídeo?,"Olá, Edson! Me diga, como posso ajudar você?"
2277505,Hello. Just to let you know it's just arrived. Thank you.,Delighted to hear your order has arrived. Enjoy!
2277519,Yet again we have delivery drivers claiming no one was in when the opposite was true. Becoming the worst customer buying experience on the web.,Have you received an updated delivery date on when to expect the item? We'd like a chance to make sure carrier feedback is left for you as well here:
2277530,Hey Wird Scrubs irgendwann wieder für Prime Mitglieder verfügbar sein? :D,"Eine Ankündigung gibt es hierzu leider noch nicht, deinen Wunsch gebe ich aber gerne weiter. Gruß"
2278374,i am following amzaon regarding this issue since yesterday .but not getting support .if something went wrong .amazon is responsible for this,We've replied to you via DM.
2278519,"You should make policies to help customer, not to haraas them..",Your comments are appreciated here. I'll have them forwarded to our teams internally (1/2)
2279661,Is it possible to spend gift card balances on Prime Now in the UK?,"I'm sorry, Gift Cards are not accepted. For more information, you may visit this page:"
2280063,I can't find the option to get a refund on my latest payment,"Using the link provided, do you see an active membership? If so, click End membership, the second option on the left-hand side of the page. Once done, you'll receive an e-mail confirming the cancellation and refund."
2280089,Thanks for such a great product. Loving it looking forward for other great improvements,I'm glad that we could meet your expectations.
2280448,Würde mich auch interessieren,"Hi, die Folie um die Box sollte nicht entfernt werden. Lieber Gruß"
2281088,after selling product the way you people behave and don't take call shame on u people..,"Could you kindly elaborate the issue, so that we can assist you in the best possible manner."
2281338,if my driver can't deliver tomorrow (second attempt) will they call me? As I can probably give them somewhere else to leave it,"Hi, can you let us know what carrier is delivering your order?"
2281382,"someone has stolen my Amazon account, and changed the email address. How do I recover it?","We definitely want to help with this, but for clarification, what website do you use (.com, .co.uk, etc.)? Let us know!"
2281420,"Hi , its been 6 hour, and no one have contacted nor ur product came in.... VERY VERY VERY SAD AND DISAPPOINTING..... #SHAME#AMAZON","I understand your concerned regarding the delivery of your order. As informed, we're looking into it and will update you accordingly. Appreciate your patience."
2282019,This has to be resolved today. I have orders on my seller account that are waiting,"Hey, Maritza! When you contacted us, what did information did we provide regarding your account?"
2283440,I will. Thank you.,Anytime! We're still here if you need us! 😁
2283735,Obrigada por terem retirado a cobrança,A cobrança já foi deletada do cartão?
2284170,yet no response from you? can you provide the mail id so that i can ask for the refund.,"Apologies that you haven't received response from us, please share your details here: and we'll assist you accordingly."
2284751,"Ononoki Yotsugi. Que sale en un libro más adelante pero no lo manejan, así que tengo que esperar hasta que vendan Tsukimonogatari, jaja","Excelente, espero que pronto puedas conseguirlo y así seguir disfrutando de la lectura. 😉"
2284886,Un bonito display para poder trabajar mejor en los proyectos,"Esperamos que tengas un excelente trabajo, mucha suerte en tus proyectos."
2285260,Thanks .. we have,Thanks for keeping us posted. Could you confirm if the issue is now resolved?
2285632,"No. I've been going to the site every day to check if shipped. Hasn't shipped yet. If it was not for a gift, I wouldn't care, but got Prime.",We'd like to investigate this for you. Please reach out to us here:
2285658,Seems at it again...cancelling tickets!!!! #gutted 😠😢,"I'm sorry for the frustration! When you have a moment, please reach out to us here:"
2285683,The driver hired by Amazon flex lied about delivering the package because he had lost it in his truck. That's ridiculous.,"I'm sorry about the poor experience, but I'm glad to hear Kennedy was able to help you out, Joshua! [1/2]"
2286359,Hey where is my one day delivery? I would like to have a refund for one day delivery charges.,I'm sorry your order hasn't arrived yet! Have we missed the delivery date provided in you order details:
2286561,This is a joke. I’m literally 20 minutes from a fulfillment center and I can’t get a delivery. This is not the first time it’s happened either. What’s the point of guaranteed deliver if it really isn’t even guaranteed,I'm terribly sorry for the delay with your package. Please reach out to us if you don't receive your package by the updated time frame given here:
2287068,SLAs seem to be more than months on solving problems? Pls don’t ask me again what the issue is. A simple issue which you aren’t able to solve. My experience is really taking a hit and i am running out of patience!,"Sorry about this experience, We’d like to help you; please fill this form: and We’ll contact you soon."
2287526,"O m effing g. If you forget the pin to unlock the screen for a Fire, the /only/ solution is resetting it to factory settings. Why not an option to reset it from the Amazon account?","I'm sorry for the frustration. You may try to reset the pin here: Go to Devices. Select Remote Lock from the actions drop-down menu. Enter a new pin and select Lock Device. From the Fire tablet, tap Unlock Device. Enter your PIN."
2288005,# were the hell is my order Amazon # very disappointed with your Prime service # looking to change from Amazon to flipkart,We have responded to your query here: Please check and do the needful.
2288085,My order has two days and it's in the way when it will arrive ، my order number #LS113773911CN,Hi Tota- Which site did you place your order with? Was tracking provided?
2288544,did you just cheat me?? See the reply from your team below. If you didn’t have GAP sweatshirt y then display on ur site & dupe customers by delivering a local brand ???,I understand your concern. Please reply to email sent to you by our team with your insight over the issue for further assistance.
2288569,hi! Can you fix the subtitles of assassination classroom! First you see the subs then you ear the sound!,"To clarify, does this occur on all your devices or just one? Is it every episode or certain ones?"
2288698,shame. Give up ?Hannity.,"I'm sorry, I wasn't able to comprehend your concern. Kindly elaborate your query, we'd like to assist you with this."
2289000,How do I enlist in your Amazon Vine program for one of my FBA private labeled products?,"Thanks for your interest in Amazon Vine! For questions about having your products reviewed, please reach our Vine team directly at __email__"
2289157,"Courier said Sunday, orders says 11-14th, chat said would maybe be end day 13th. I'm upset choosing certain items&prices bc of same-day & now that was moot & spent an hour in chat support getting nowhere, when if notified early enough this could have been resolved b4 closing time",If the carrier has your package - they will have the most accurate information. Has their tracking updated to indicate a Sunday delivery ?
2289530,"As an FYI, the reason why I ask about my orders page is because I've been waiting on a package for the past four days, one that was supposed to be a one-day delivery. I am beginning to be very annoyed about paying for a service that I'm not receiving. This is NOT the first time.",I know this can be frustrating and we want to help! Please contact us at: so we can look into this further with you.
2289559,when u going to fix Amazon Music App for Android? App shuts off and some music loading time is just pending ...Fix it!!!,Have you already tried to delete the app and make a new installation? Kind regards
2290178,Keep the book with u only now. Coz u can't deliver it even after the book was out 4 delivery. Tomorrow i am buying from market only. i should hv bought it from u only. #customerfooled,"As you have mentioned that your order is out for delivery, I'm positive that your item will be delivered by end of the day. Appreciate your patience."
2290254,I ordered phone. Phone speaker is not working.I called CCE but CCE is not answering. How can I return?,Sorry to know the product is not working. Connect with our support team here: and they'll assist you regarding this.
2290290,i have shared the details through the link..please look into that.,"Thank you for sharing the details, we will contact you soon."
2290304,"order number ORDER # 403-5962415-2037955 placed order on 14th oct still not delivered, been around a month",I’m sorry about the delay in delivering your order. We certainly do not intend this to happen. Have you escalated this to our support team here: ? 1/2
2290436,I have not get any mail asking the details,"As you had mentioned that our investigation team had requested for Aadhar card, request you to check the email and reply to the email."
2290499,I have already spoken to your live channels. They say they can only send a form to the carrier and don’t know the outcome once sent. Last update was that they ‘hoped’ the carrier would deliver last night. They didn’t. Nobody is helping. 😞,"Apologies, has the tracking on your order been updated since yesterday:"
2290583,"Il corriere di Amazon è venuto venerdì,giusto in quei 15minuti in cui io ero uscita e a casa non c'era nessuno... Una gioia ogni tanto Non chiedo altro😒",In questi casi la maggior parte dei corrieri effettua un nuovo tentativo di consegna il giorno lavorativo successivo: Facci sapere! 😊
2290664,"AMAZON SELLS FAKE PRODUCTS, SO I APPEAL TO ONE & ALL TO AVOID BUYING ANYTHING FROM AMAZON. PAY FEW MORE RUPEES TO SOME OTHER SELLERS THAN BUYING FAKE PRODUCTS FROM AMAZON.","The resolution provided in the email is the best we can offer. Further, we won't be able to provide any insight on this."
2290672,Is it legal to sell a product on your platform without mentioning MRP??,"The M.R.P. displayed for products on our website represents the full retail price listed on the product itself as shared by Manufacturers, Distributors or Sellers. Kindly refer here: for more information."
2290674,Thank you for looking into it here's the order ID Order# 406-5946238-4461901 Purchased through amazon India,"I understand your concern. Kindly report it to our support team here: and we'll have this checked internally. Please don't provide your order details, we consider it to be personal information. Our page is visible to the public."
2290967,app is a steaming pile of s**t. Doesn't show upload status at all. Crashes in the middle of the upload. No way to know what was uploaded. #fail,Sorry to hear this - have you tried clearing the Data on the Music App
2291006,I paid extra postage to guarantee delivery of my order yesterday but only half arrived on time. Can I get a refund on postage?,Hi - please contact us for clarification :
2291086,voice search doesn't search content from other apps and it's frustrating to type with remote to find something. Please help.,I'm sorry about the situation. Kindly connect with us via we'll check this for you.
2291196,"aaah explicado, obrigado kkk desculpa o incomodo =)",Nada Warly! Boa noite!
2291200,Doubt if they will even add support for non-English Indian languages. Even Alexa's inbuilt translate 'Skill' doesn't recognise Kannada.,We haven't started shipping Echo/Alexa in India yet. Could you please confirm if you've received the device from Amazon.in?
2291301,Ma si riesce a vedere da Smart tv? Esiste l’app?,Per conoscere i dispositivi compatibili con Prime Video puoi dare un'occhiata qui:
2291428,Done. Now how many more tweets and calls would it take to get my amount back?,Thanks for filling in the details. We'll review the same and get in touch with you soon.
2291812,"I bought remdi 4, but the phone is locked i am not able to use. I have requested for return. But the logistic team is not able to help.",Sorry about the trouble with the return of your product. Kindly fill in your details here: and we'll get this checked for you.
2291841,"I did speak to your ""team"",but the person failed to even acknowledge about the problem. I kept tell him there were 2 orders of ₹194 and ₹174","I understand your concern, we certainly did not expect this to happen, please fill this form: and we’ll contact you soon."
2292041,Danke . Ihr verliert meine Bestellung und könnt keine neue bestellen. Respekt!!! #Amazon,"Wenn ein Artikel nicht von uns verkauft wird oder wir diesen selbst nicht auf Lager haben, ist eine Ersatzlieferung nicht möglich. Hast du dich denn schon bei unserem Kundenservice dazu gemeldet?"
2292075,Dear - is there any particular reason in my parcel I just received someone’s half eaten sweet? 🤢 Grrrrim.,Very sorry to see this Carolyn - was it dispatched by Amazon or a Marketplace Seller ?
2292132,Thanks my asrock motherboard got here a day early! 👍🏻,You're welcome! We always try to deliver orders as quickly as possible! Will that be good for gaming?
2292152,I have sent already to you kindly reply soon,"Thanks for understanding, Prakhar. As you've replied to the correspondence, our team will check and get back to you with an update soon. Request you to wait."
2292169,I have tried this on each occasion it has happened and it still continues to happen,Can I ask what you were advised when you contacted us today?
2292197,Compré un libro y me llegó a medias. Hay 17 páginas en blanco que me impiden entender la historia. Se les olvidó imprimir? Quiero mi libro entero.,"Hola, Èrika. Espero que te encuentres bien y disculpa los inconvenientes. ¿El libro es vendido por Amazon o por un vendedor tercero?"
2292686,amazon prime really snatched $99 from my bank account without warning i'm about to go the fuck off,Oh my! I'm truly sorry for the trouble. We don't have access to your account via Twitter. Please reach out to us here so we can resolve this:
2293408,you guys ok over there?,"I'm sorry for the mix up, did you receive what you ordered?"
2294019,know why I can't listen to any of the songs I could listen to last week?,I'm sorry for any frustration. Are you an Amazon Music Unlimited member or do you have Prime Music access? Are these songs you've purchased? Please let us know. We'd like to help!
2296058,"Impressive. I've been trying to sign up for almost four months now, and still can't get your support to approve my account.",I'm sorry for any difficulties. Without disclosing your personal information. Will you tell us more about the issue you're experiencing with creating an Amazon Pay account? What suggestions were offered when you spoke to support?
2296482,"Apparently...still arriving today, which I am assuming it won’t be.","Understood. Thanks for clarifying, Peter! I'd like a member of my team to personally look into this with you. When you have the chance, please provide more details here:"
2296508,Yes...package was to be delivered today & have not received anything...,Did you receive any emails or notifications providing an explanation for the delay?
2296810,"Pre-ordered the Master Of Puppets reissue from so it would arrive on release date (last Friday) and it still isn't here, last time I use Amazon 🤷🏻‍♂️","Hi Dan, sorry to hear that you haven't received your item yet. What's the current status of the tracking:"
2297167,"Awful experience with lockers, shipment rejected by who knows why, returning to sender. Would not recommend using it.","Oh no! We're here to help if we can! Was an e-mail received stating a reason why the order could not be delivered? If unsure, please check junk/spam folders. Also, will you confirm which website your order was placed on ( .co.uk)"
2297409,"It won't let me because it says ""my account is locked""",Please use the skip sign in link near the bottom of that page.
2297419,Usps. Yes i'm home. They prpbably went to the main building to get the key and gave up when no one was there.,I'm sorry your package wasn't delivered as expected! Reach out to us here: so we can look into this with you. We want to help!
2297770,Please give the helpful response,We'd like to understand this better. Write to us here: and we'll have this checked. Kindly click on skip sign-in option while accessing the link.
2297770,I updated the required information. Let's see what happens next. Hope Amazon will not disappoint it's Prime customer.,"Thanks for sharing your details, Divya. Our team will contact you with an update at the earliest."
2297780,"Thank you, I'll see what is delivered today, I believe delivery can be up to 10pm this evening",Sure thing! We're here if you need us!
2298154,Pode deixar. E quero aquela Black Friday pq eu tenho uma lista enorme hahahs,Logo mais te surpreendemos com as promoções da Black Friday! ⚡❤
2298485,just spent over 3 hours on chat and still didn't get the promotional credit that was suppose to be with purchase #beware #con,I'm sorry for the hassle. Was there an explanation why you didn't get the promotional credit?
2298714,"Sir, i ordered a mobile on 7.11.17, expected Date of arrival was 13.11. I requested Amazon customer service atleast 6-7 time to deliver the product before 12th. Nothing happened n so i cancelled it. My expectations were alot from . Really upset",All the packages are shipped on time so that it reaches you by estimated delivery date. We wouldn't be able to assure deliveries before delivery date provided. Appreciate your understanding.
2298714,"For your reference, I can understand your delivery policies but being such a huge e-commerce I expect an exception on so many requests. At least 5-6 times I requested your customer service, all of them assured me about the delivery too. N finally nothing happens 😑😥","I get your concern. However, as informed we ensure to deliver all orders as per the delivery estimates we wouldn't be able to promise an early delivery. Please don't provide your order details, as we consider it to be personal information. Our Twitter page is public."
2298785,I need help please! Something is wrong with my Appstore,I'm sorry for the trouble with the App! Are you receiving any specific error messages or codes when you try to use it? What device are you using? Please let us know! We're here to help.
2299070,"1/4Dear team,This is in regard to an order that i tried to place on 6th November through my amazon app through my account attached to email id(__email__). The product (PM2.5 with N95 standard Advanced Respirator and Mask with Activated Carbon by Canave)","Apologies for the trouble. We'd like to check this, please contact us here: so that we can assist you accordingly. Please don't provide your account details, we consider it to be personal information. Our page is visible to the public."
2299290,"bonjour, il est noté ""colis privé"" sur le paquet","Avez-vous contacté notre SAV pour leur faire part de la situation? Si oui, une solution vous a-t-il été proposée?"
2299491,my Order date 25 September 2017 Order # D01-4571767-1605466 Order total 159.30 (1 item),"Apologies for the trouble. We'd like to help, please contact us here: so that we can assist you accordingly. Please don't provide your order details, we consider it to be personal information. Our page is visible to the public."
2299501,In the confirmation email I was told Monday however yesterday I received an email saying it was being delivered yesterday,"I'm sorry for the inconvenience, Chris! Please keep us updated and let us know if the parcel doesn't arrive by tomorrow."
2299551,"don""t see my Prime delivery supposed to come yesterday. Any way to contact you? Can""t find it....thank you","Hi, You can reach out to my colleagues from our customer service via this link: They are pleased to assist you. :)"
2299757,delivery problems & delays with four things in the past month and now you're telling me the exclusive album box release I've been looking forward to for 2 months ISN'T DELIVERABLE?!? Bye c u never,"Oh goodness, Keely! I'm so sorry for the ongoing troubles. Will you clarify who the carrier is for us? You can check here:"
2300523,My Amazon ORDER # 404-1709227-2757932 I have received an iPhone 7 when I unbox I could see that the phone bluetooth was ON and the phone backside there was lot of finger marks. I never thought Amazon or Apple would do such a cheap thing. Disappointed.,"Apologies for the hassle. Please contact us here: so that we can assist you accordingly. Please don't provide your order details, we consider it to be personal information."
2300817,Ordered 5 received only 1,"Please don't provide your order details, we consider it personal information. Our Twitter page is visible to public."
2301056,I am furious. Came home to find £200 of items left on my doorstep! In winter. In full view of evveryone. Not meant to be delivered until tomorrow. Could they not have been left with a neighbour!!,"This isn't at all what we'd expect, truly sorry! Have you set up a Safe Space for deliveries if you're not in? Learn how:"
2301382,does having a prime membership give u access to kindle unlimited?,"Great question Melissa! Unfortunately, Kindle Unlimited is an additional subscription service outside of Prime. Being a Prime member DOES grant you access to several ebooks free of charge, it doesn't cover the breadth and variety that Kindle Unlimited does."
2301870,"My Amazon shopping app offered me an 30 day free trial for prime but when I go to Prime Membership it says ""Your membership will be active soon"" any help?",We're here to help! We're unable to view your account via Twitter but would be glad to take a closer look here:
2303005,"Yes, i ordered a signed copy of Turtles all the way down on you website, which should have been sent out on October 31st at the latest and it's still hasn't been sent","I understand your frustration, Jay. Can you confirm which site you're using? i.e., .com, .fr, .uk. We'd be happy to help!"
2304071,why is fire emblem warriors on switch still not dispatched or even have a delivery date! It's out tomorrow!,Items can be dispatched the day of delivery. Did you select Release Day Delivery at check out? AC
2304120,a loja de eletronicos ta muito boa so quero saber quanto tempo vai demorar aqui no brasil pra ter entregas em 24 igual nos Eua,"Olá. No momento não temos essas informações, mas qualquer novidade será anunciada diretamente no site e redes sociais."
2304139,thank you for putting a charge on hold without telling me and over drawing my bank account 🙄,"Sorry for any inconvenience! Have you contacted us to seek further insight or options? Let us know, we're here for you!"
2305770,Seeing the importance of mobile to I'm surprised a new product like doesn't have a mobile friendly page... A very horrible first user experience,"Hey there! For mobile devices there is the Amazon Prime Now app! Have you given it a try? Just search ""Prime Now"" in your preferred app store!"
2306090,"Still needing that ""support"" please.","I'm very sorry for the delayed response! Without sharing account or personal details, how can we assist you today?"
2306112,Tentei a partir do app kindle no meu iphone e do app da amazon,"Nana, neste caso para adquirir o eBook, deve ser comprado desde o computador ou accesar á sua conta desde o navegador do telefone."
2306252,why are you replacing a brand new but defective kindle with a refurbished one? You've got to be kidding. Not acceptable. 😡,I'm sorry the replacement you received was not what you expected! Please reach out to us here:
2306320,You did it again...,We're always looking for ways to improve. Please send us packaging feedback here:
2306328,Thanks for nothing you guys didn’t deliver today due to amazon locker being filled. Called cust service and nobody did anything!,"I'm sorry for the issue with your delivery. When you reached out to us, what information was provided to you?"
2307110,Neither order has arrived,I am sorry to hear that we missed the mark in processing your order. Rest assured that is not at all the experience we want you to have. What was the Guaranteed Delivery date and which carrier was assigned to that order as shown here:
2308254,Looks like it was supposed to be UPS,Has the order tracking updated with any delays or changed to the delivery date?
2308296,It was sold by Amazon,Have you had a chance to checkout additional return/replacement options here:
2308350,I have yet not receive any update from your end neither have received my order. Please let me know weather you are going to resolve my problem ? #AmazonIndia #amazonfraud #amazoncheat #cheatingcustomers #CustomerExperience #CustomerService #ecommerce,We have sent a correspondence to your registered email ID. Please check and do the needful.
2309300,"The live chat agent told me to phone in, so I called in and the agent didn’t seem to understand what to do.","I'm so sorry to hear this. Were we able to contact the carrier on your behalf? If so, what option was provided to you?"
2309504,boyfriend placed one day shipping order on Friday - app says it will be here by 8 tonight (30 min from now) and it's not here..what gives?,Please have him reach out to us here if his order doesn't arrive in time:
2309742,You get English? I HAVE ALREADY RESPONDED TO THE EMAIL. PLEASE GET CLEARANCE TO READ EMAILS OR GET SOMEONE WHO CAN DO THAT,"If you've already replied to the email sent by our team, I'm sure we would reach out to you soon with an update."
2310061,My Amazon package is still out for delivery and it's almost 11pm um that's definitely wrong,I'm very sorry your order hasn't arrived yet. Please reach out to us directly so we can have a closer look into this with you:
2312296,Hallo Wieso kostet denn der Bartisch Frieda plötzlich wieder 305€ anstatt knapp 90€?? Wollte ihn gerade bestellen 😬,"Hi, Marketplace-Verkäufer können Ihre Preise selbstständig festlegen. Sollte das Angebot eines Verkäufers nicht mehr verfügbar sein, wird dir ein anderes Angebot angezeigt. Gruß"
2313371,ok follow up on this. Your employee said i would get a 20 percent discount on the same order but the price is still the same oof,"Hi Adrian, I'm sorry to hear you didn't get your discount. Did you receive an email stating that your order would be discounted? Please confirm here:"
2316730,Any new movies sir?,We'll continue to keep on adding new content. Kindly stay tuned.
2316951,The order status shows it has been delivered. But i haven't received any item. Order #404-2576865-9756357,I'm sorry that you haven't received your order yet. Please reach out to us here: and we will assist you. Please don’t provide your order details as we consider them to be personal info. Our page is visible to public.
2317174,My Husband found his new nutritional drink Abbott's Ensure on with low price as compared to the chemist. Thank you,You're welcome. We're glad to know that! 😊
2317364,Haha. is Killing it 😎,Which book genres do you prefer to read more?
2317390,". request you to not use couriers for deliveries - it's been five days since dox submitted, but shipment not cleared from customs as yet. #Aramex is the most inefficient courier company.","Apologies for the trouble. I've passed on your feedback to the relevant team internally to ensure such instances aren't repeated in the future. Also, kindly have this reported to our support team here: we'll have this checked right away."
2317392,It was purchased on 15th of October. What is the policy for the replacement. We have been trying from last many days and we didn't receive any response.,"I'd like to inform you that kitchen appliances would have 10 days return window for replacement/refund. Once the return window expires, you'd need to contact the manufacturer and claim the warranty. You can refer to our returns policy here:"
2317557,U want customers to respond what is Amazon team is getting paid for on the cost of Indian customers. Let me Narrates the whole incident in a Video and share the Information with every citizens. This may give u the details in person too.,I get you being upset. We'd like to help you on your query. Please respond to the email from us & we'll get in touch with you. Appreciate your understanding.
2317565,"Danke , dass endlich ""Für Versand nach Österreich qualifiziert"" in der Produktsuche steht. Ein Filter danach wäre noch top",Danke für das Feedback. Das leiten wir selbstverständlich an die zuständigen Kollegen weiter!
2317678,"Tried this and keep getting conflicting information. I will be cancelling PRIME after this and not using Amazon again, total waste of time and effort","I'm sorry to hear about the issues you've been experiencing. Without giving out personal / account information, what information was provided when you contact us?"
2317908,"I doubt that's the problem, as I have been a Prime customer for years, with two addresses (one urban, one very rural) and in both places, delivery logistics have gone horribly wrong so often recently. Very disappointing.",Sorry to hear about the delivery issues you are having. Is this issue with one specific carrier?
2317943,"I've had a parcel updated to ""handed to resident"" yesterday while we were all out - so I would love to know who it has been handed to and where it has gone. No card left either.","Hi Ben, I'm sorry about this. Have you had a chance to check with your neighbours to see if they've received the parcel on your behalf?"
2318047,No. I ordered Thursday with Prime with expected date of Saturday.,"Hi Kelly, I'm sorry to hear of the delay. Is there an alternative delivery date noted on your tracking page in your account? You can view it here:"
2318178,Problema solucionado! Muchas gracias :),¡Genial! Estamos para ayudarte 😄
2318573,"Ça n'as servi à rien, vous avez aucune info sur pourquoi mon colis est en retard.",Quelle était la solution proposée par notre SAV ?
2318716,Wow my new favorite company well specifically this time #CustomerService ( #Amazoncustomerservices ) are excellent. Well done guys!,Glad to hear you're enjoying the service Tony! 😊� 👍
2318802,"vale, si, veo que si cancelas la oferta flash ya no se puede volver a coger, lo que digo es que cogí esa oferta flash y no se me aplico el descuento de la oferta flash entonces cancele el pedido... no se si me explico","Entiendo, en este caso te recomiendo que puedas comunicarte con nuestro departamento de Servicio al Cliente, para que ellos pueda revisar tu pedido, ingresa en el siguiente enlace:"
2318820,why are #AmazonPrime deliveries ordered today not arriving until Tuesday?,I'm sorry for the wait. Deliveries may take longer than usual during this time of year. We have more information listed here:
2318949,i was charged around 40 dollars every month and this has been going on for more than a year,"Hi, have you ever been a seller on Amazon or ever set up a seller account?"
2319131,"Ja, gerade gemacht. Danach auch den Fire TV Stick noch mal neu gestartet. Hat nichts gebracht. Es wird nur das Gesponserte angezeigt, sonst nichts.",Dann bitte unsere Spezialisten via kontaktieren.
2319415,I have shared the details,"Thanks for sharing the details, Atul. We'll check and get back to you with an update soon. Appreciate your patience."
2319589,"Well considering the agent decided to call me ""Gretchin"" in the follow up email then I'm not overly pleased. No I can not change the delivery address, your agent told me I had to wait until tomorrow and get a refund and order again.",Really sorry to hear about this. I'm afraid we don't have access to account details here on Twitter.
2320462,hi i m in india surendranagar-gujarat (363002) i order some things mode payment COD but courier person say only pay through card otherwise we cancel your order i tweet much time but indian amazon twitter acount not help him so please help him ASAP,I'm so sorry to know about this situation. Try reporting this to our support team here: let us know how things go.
2320709,such serious issue and amazon india CEO should be made aware and examine it. COD is harassing customers,"We'd definitely want to help you. As mentioned, please share the details from the secured link and we will get in touch with you."
2320762,Fiquei fora do site da por toda a Black Friday. Hoje decido olhar. VÁRIOS EBOOKS POR TIPO 6 REAIS JÁ COMPREI 2,"Olá Barbara! Sim, ainda temos muitas promoções!😁 Que bom que você conseguiu aproveitar!😊"
2320841,what is amazonfiretv an can you pick up Nascar on it,"Hello, Brian! Let's take a look! Have you checked this app here:"
2320991,"Never, NEVER NEVER NEVER buy something as a Premium member in , I had to cancel my membership. The AMZL courier is the WORST ""company"" in the world... They go to deliver at 8pm when you tell them at 5pm will be closed WTF. I am so fucking upset with this jackass 😭😭😭","I can totally understand why you're frustrated, Manu! We'd like to have a logistics specialist investigate this delivery for you. Please provide us some order details here:"
2321634,Do you guys have any authority to whom I can talk and resolve issue.. its been 1 month.. return product has no status?,I understand your concern. Please contact us here: so that we can assist you accordingly.
2322196,Already shared details but not respond properly..,We haven't received your details yet. Kindly share your details from your registered Amazon account through the link provided earlier and we'll contact you soon.
2322232,Yet not received my refund axp 15 day completed no one giving ans n already talk with but not received feedback do something . Really ;(,My apologies for the inconvenience you've had with the refund. Please fill in your details here: and we will get back to you at the earliest.
2322236,"Merci c'est bon ça s'est débloqué, j'ai réessayé quelques heures plus tard et c'était encore possible :)",Parfait ! N'hésitez pas à revenir vers nous en cas de besoin.
2322616,I love my amazon but the pantry sucks! Shipment was damaged and now I won’t see it until Monday. I ordered it last Monday.,I'm sorry the order was damaged! We can report this and look into options. We're avail 24/7 here:
2329645,"So, got a new copy of #Southpark FbW but... this time sent me a #PS4 copy. And won't take a return as the CE is out of stock","I'm sorry for the frustration! Have you had a chance to reach out to us about this? If so, what info were we able to provide?"
2332743,Hope it makes a positive impact and made this facility available Asap,Certainly hope so. Exchange Offers are dependent on our buyback partners and hence is dynamic according to the pincodes.
2337549,At logistics had some kind of melt down yesterday. Who knows when my stuff will arrive. Not so prime!,I'm sorry for any trouble. Have we missed the delivery date from your order confirmation e-mail:
2337735,. why we getting telugu intro cards for Tamil movie ?? #Thupparivalan #mysskin,Thank you for reporting this. We are working on it. Appreciate your patience.
2338159,"Deliver my order 171-0660627-1048338, Not delivered yest but status shows delivered. Do not fool prime members",Please don’t provide your details as we consider them to be personal information. Our Twitter page is public. 2/2
2338173,Mannnnn gestern 5€ extra bezahlt für ( Prime Artikel !) Morning Express Lieferung. Jetzt das! Ätzend.,"Hast du dich diesbezüglich bereits bei uns im Kundenservice gemeldet? Falls nein, gleich über:"
2338638,what's wrong with you. Your courier boy is not even picking my phone,"Also, don’t provide your order tracking details as its personal information. Our Twitter page is visible to public. 2/2"
2338821,I have ordered thousands of $$ worth of items on yet you have refused to refund or replace one worth about $35!!! Very wrong!!,What were you advised when you reached us here: ?
2338852,"Hi, How about you deliver the product first before updating the status to delivered? I guess that's the way it should work.","I'm sorry if your order is tracked as delivered incorrectly, have your reported this 1/2"
2339094,tenéis la promoción de Intel que por la compra de un procesador i7 6700k o i7 7700k regalan 2 juegos? Gracias.,"Hola, te recomendamos acceder al siguiente enlace para que veas más detalles de esta promoción:"
2339101,Where the hell is my guys are fooling customers to the core.The order states 18th for payment,"I was unable to understand your query, please let us know more about your query so that we can assist you accordingly."
2341966,"tengo un problema al realizar una compra, me dice que mi pago ha sido declinando, ya actualicé mi método y nuevamente aparece lo mismo","Hola El Royo, lamentamos el inconveniente. ¿Has contactado al banco de tu tarjeta para verificar? En caso de que si, ¿qué te indicaron?"
2343966,"não consigo pagar com cartão de débito. 😭 O site leva pro Itaú que dá um erro de falta de Token, mas não tem token para o sistema macOS 😩","Sinto muito pelo inconveniente, você já verificou essa informação com o seu Banco?"
2345453,Can I DM order number?,Sorry for this wait. We aren't able to view account or order info via Twitter. We can accept DMs if you'd like to discuss things there.
2347735,"Que todas as segundas feiras comecem assim, com entregas dos pedidos que eu faço na ♥ Isso sim é começar a semana bem!","Olá!😱 Ficamos felizes de saber que você já recebeu o seu pedido! Me diga, que você compru?"
2347749,The tracking state says another delivery attempt will be made tomorrow but I know I won't be in. Could I update the address to my workplace? Sadly there's nowhere to leave a package at the address :(,"We're happy to look into all available options with you via phone/chat, Matt! Please reach us here:"
2349626,Idk what that is but no my school (Laurentian University in Sudbury) didn't have the textbook I need for my course and told me to order it off Amazon and I'm still waiting😩,"I'm so sorry for any frustration this has caused! Without giving any order/account info, can you tell us the delivery estimate provided on the order? Is there any tracking information? You can find this information here:"
2350870,"Sabeis Cuántos dias, son necesarios para solventar el error... Gracias...","Josep, de momento no contamos con esta información. Si deseas puedes reportar esta situación con Soporte al Cliente aquí:"
2350912,It says sold by West Biking and fulfilled by Amazon. It was a Prime delivery.,"As you were sent the wrong item, the return shipping fee should be refunded. Let's follow the steps found here to return the small you received: I hope this helps!"
2350924,have Amazon Logistic drivers ever waited more than 2 seconds for someone to answer the door before dumping your expensive goods on the doorstep for anyone to take? 😡,Oh no! I apologize about this poor experience with package handling. We'd love to assist any way we can with this. Please reach out to us here: Please keep us updated.
2352200,delivery was attempted And missed that was on the 1st of November and no sign on redelivery or anything app says we will try redeliver but no such thing has happened,"That's not good. We don't have access to your account via Twitter. However, we'd like to take a closer look at this with you. Please reach out to us via phone or chat here:"
2352225,"Una sola llamada, de un número con el que no puedes contactar. Siempre que la empresa que envía es correos tengo problemas. No es normal.","Entiendo, ¿podrías confirmarnos si el pedido es vendido y gestionado por Amazon o es vendido por un vendedor externo?"
2353844,Please see my tweet above... why should I need to do this for what will be the 5th time!!! You should be phoning me to resolve this not the the other way around... £90 down and no idea how many hours of holding the phone!,"I certainly understand. My team and I are here to help any way we can. The link provided by allows our team to reach out to you, as we have no account access via Twitter. Or, if you prefer, you can begin the A-to-z claim here:"
2355197,"So a package that promised to deliver me by 14th has now been delayed to 17th 🙄. So much for being a ""Prime"" customer.","I’m extremely sorry about this experience, Viranch. Please report this to our support team here: and we'll look into this."
2355256,. .. oh yes... But this happened earlier as well as most recently.. and having placed so many orders on . so far... am not wrong when I say your #customerservice standards are detoriating.,I'm sorry about the experience you had with our support team. Kindly elaborate on your concern and we'll help.
2355299,hi is it normal to pre auth my debit card for £1 when I sign up to a free trial of prime?!,"I'm sorry for the unexpected card activity! A £1 authorization is normal. We won't charge your card, and the charge should fall off in no more than 10 days! More info:"
2356768,can you help me please?,Hi Adrian! We'll be happy to help! What can we do for you?
2356786,"Dis , on fait quoi quand on retrouve des colis ouverts et vides dans sa boîte aux lettres ?","Bonsoir, je suis désolé pour cela :\ Je vous propose de contacter notre SAV via : afin de faire le nécessaire."
2356870,Do those who paid extra for the CD edition for Michael Bublé priority tickets to the cancelled concert get priority the new date?,Hey Jessica! Please reach out to us using the following link so we can look into this with you in real-time:
2356889,Unable to contact customer care.. order has been processed on and not Amazon.in,Kindly use this link: to contact customer service.
2358831,Seriously & I just want my package. Hasn't been scanned since Friday morning. Shouldn't take 5 days to get something from Tacoma.,"Hello, thank you for reaching out! I'm sorry the frustration! Have we missed the delivery date from your confirmation e-mail?"
2358841,The discs you sent me for Walker Texas Ranger are defective. They say season 6 but the episode listing is for season 7. And even the discs have season 7 on them. And the season 7 discs have s8 eps in them!,"Oh my, I'm sorry about that! We'd definitely like to help you with that. Let's see about returning that defective item for you here:"
2358923,"A defect to be there in the product is secondary. First of all the product box and the seal itself is tampered, why the hell on earth should I use it. When I pay 38K, I expect everything to be perfect. Shame on",Sorry to know about the concerns with the product. Please be advised: Amazon does not manufacture or produce any goods. Amazon is a marketplace for sellers and buyers. All after sales services (warranty and repairs) are (1/2)
2360503,I've shared my contact details and the problems which I faced (In detail). Waiting for your response...,"Thanks for sharing the details, Gokul. Our team will check and get back to you with an update shortly. Appreciate your patience."
2360582,mercredi 15 et jeudi 16 novembre,Je vous prie de patienter. L'expédition est toujours dans les délais. Il arrive même parfois que les colis soient expédiés le jour même de la livraison.
2363199,"carrier left my package at an unsafe location again. Complained before and was assured this was solved, well apparently not...",Oh no! We'd love to help if we can! Someone forms my team would like to look into this with you. Please provide as many details as you an about what's happened here: Thanks!
2363248,Was soll das wieder? 🙄 Panasonic 12-35mm,"Danke, ich lass das mal prüfen."
2364694,Sorted now - thanks v much!,You're very welcome! I'm so glad to hear it's sorted.
2364708,I just spent 30 minutes on the phone and didn't get an answer why this is not working... Can you tell me ?,"Hi, Gellert! I am sorry that the Call Me service is not currently available. You can still reach out to us here: Let us know if you need further assistance!"
2364711,"so, turns out won’t even offer you a coupon if your prime shipment is late by a couple days.","I'm so sorry your shipment was late. This is not the delivery experience that we want you to have. When you spoke with us, what options did we provide?"
2364726,La entrega de mi pedido esta estimada para el día 14 pero al revisar me marca como envío pendiente y no me ha llegado algún otro correo,"Hola Mauricio, ¿tu pedido es gestionado directamente por Amazon o por un vendedor externo?"
2366314,"Nope, I meant an Amazon Hub, my apartment building has an Amazon Hub (package hall) where most packages are delivered. Just wondering if non-perishable Prime now orders could be securely delivered there instead of being left at the door.","Hello! Someone needs to be available to accept the order at the time of delivery unless indicated otherwise during checkout. Any orders totaling $500 or more can’t be delivered unattended. Manny, I hope this helps!"
2367273,No I don't. But that doesn't change the point they left it in a bin...that is not normal!!,Let us look into this during real time communication by voice or chat. You can choose either option from here:
2367299,bonjour serait-il possible d'avoir un code promo ? Le pc coûte 700€ pour info svp merci =),"Bonjour, Cela aurait été avec grand plaisir. Cependant, nous ne fournissons pas ce type de service."
2369608,"We received the wrong item from our wedding registry and got the situation resolved through support, but I noticed the weight on the return label is less than half of the actual weight of the box. Will this be an issue at UPS drop off?",We're always happy to help! Let's take a closer look into this with you via phone or chat here:
2369610,"Oye que onda como envías amiibos en sobres, pasa esto, alguien sabe si puedo solicitar que me hagan el cambio??","Lamento mucho el inconveniente, Arturo. Puedes verificar las opciones de reembolso o reemplazo disponibles desde nuestro Centro de Devoluciones:"
2369654,"My Prime orders are not being delivered. I got 4 of 13 items last week and the rest were marked as undeliverable? Today another order of several items is supposed to be delivered today, but not even shipped yet. I’m concerned about holiday shopping.","Thanks for the details! In all of these incidents, was the carrier the same? Or was the carrier different every time? Thanks!"
2372131,following order 407-3004974-9181110 was order in 16 Oct. & cancel in same date.Till 29th Oct. Amazon is unable to refund me.,help us gain access to your account. Kindly pick the link shared above and submit the form with requested details. 2/2
2372340,delivery fleet is awful. The driver refuses to look for my building and just dumps all the packages in a random spot in the open. Prime membership isn’t worth it! #AmazonPrime,Hey Eddie! I'm really sorry for the frustration. Someone from my team would like to look into this with you. Please give all the details you can about this here: Thanks!
2373365,where is my order? Every time I choose two day shipping my package does not arrive and gets magically delayed. You are really falling down.,"I'm sorry you've not received your order yet. Some items do require additional processing time while Two-Day shipping refers to transit time, in business days, once the item has shipped. What does the current tracking show here:"
2375375,"Lore en es la puta hostia, repito, es la puta hostia","¡Hola, Eichiirō! Definitivamente Lore es una excelente serie. Cuéntanos, ¿qué te gusta más de la serie?. 😃📽"
2376122,So convenient for you guys to just change the delivery date. It was supposed to arrive today and I have a trip tomorrow morning. What do you want me to do now? I want the bag for tomorrow morning 6AM.,Sorry to know about the delay in the delivery of the order. I'll be sure to pass on your feedback to our specialist team internally. Kindly wait until the mentioned time frame for the delivery of the order. Do keep us posted. Appreciate your patience.
2377194,Always comforting words from .,I'm so sorry your package hasn't arrived! We'd like to look into this for you. Please reach out to us via phone or chat here:
2377227,about to lose my sanity trying to load shameless on the fire stick. piece of shit keeps freezing and I have no patience for dumb shit,I'm sorry for this issue with watching your program. Have you tried restarting your Fire TV Stick and your network to refresh the connection?
2378197,Your Amazon.in order #171-7600944-4581914 is out for delivery,"Also, please don't provide your order details, as we consider it to be personal information. Our page is visible to public. 2/2"
2378244,"Y'all's CEO is the richest person on earth, I think you can afford to stop confusing 24 of a thing with 1 of a thing in multiple attempts to fill my order","I'm sorry we've let you down; that's never what we want! We'd like to look into options with you to correct this. When you have a moment, please give us a call or reach us by chat for direct assistance:"
2378977,Thank you for extending help. I had made few angry calls too to the customer care after the tweet. I just recieved my package. Hope to never face this again. Thanks.,"You are most certainly welcome, and thank you for keeping us posted."
2378981,"Talking 2 Amazon's customer care was even more strange n bizarre as I talk to them twice and heard different stories both the times, one told me I need to remove my contact no. from my a/c (which is not allowed) and other said my no is not registered with any a/c, Confused!!","That doesn't sound right! Let us take a closer look at this. Please click on the link here: & use ""skip sign in"" option and provide your details & we'll assist you."
2379670,#Amazon drivers are thieves. Delivery driver from just stole my wife’s iPhone and amazon are doing nothing about it. They refuse to contact their driver and allowing him to get away.,Oh my! I'm so sorry to hear that! We would like a member of our team to directly assist you in this situation. Please provide your details about the incident here: We will get back to you as soon as possible!
2379677,sem falar que tive um problema no site que me fez perder uma promoção relâmpago e eles deram um jeito nisso pra mim! <3,"Servimos bem, para servir sempre. 💕😄"
2379755,"Oh, hey, an AMZL package that was actually straight up stolen. I fuess I won’t be wearing that shirt to mechcon???","I'm so sorry to see this! Please reach us directly via phone or chat when you can, here:"
2379798,no update not even a email please resolve and refund my money as soon as possible.,I understand your concern regarding the refund. We're working on it and will reach out to you soon. Your patience is appreciated.
2379848,This doesn't work. Last time I did it. You please refund me my prime subscription. No more shopping through amazon.,"That's strange. We'll take a closer look into the issue you're facing, please fill your details using the link provided earlier and we’ll contact you soon."
2381441,pathetic service experience from Amazon India. Not able to deliver prod from last 3 days.saying incomplete address,Please reply to the email correspondence here: and we'll be glad to help you.
2382519,why was I charged $15 for a one month trial of prime?,"Hey, It's likely the charge is an authorization charge. Check out - As we cannot access account info here, please get in touch - we'll be happy to look into this charge further."
2382530,i want tp cancel an otder which is not shipped yet but its not cancelling.. Help me.,I understand your concern regarding the cancellation. Kindly reach out to our support team here: & we'll guide you through the process.
2383131,"Ob es sein kann das mit DHL ein abkommen hat, TV/Monitore ab einer bestimmten Größe nur Montags auszuliefern?","Da hat sicher die Monitormafia Ihre Finger im Spiel! 😉 Spaß beiseite, melde dich bitte: Grüße"
2384145,This is the mail which I got after I cancelled my order. And now says that this order can't be cancelled. Who is responsible ?,personal information. Our Twitter page is visible to public. 3/3
2384562,Only that it would be sometime today. The item was needed for an important client this morning so was ordered weds on prime next day,Apologies- We try our best to deliver by the original date provided. What date was provided via the confirmation email?
2385204,Such a fan 😎😋 you guys need to deliver to South Africa though. Everytime my mom goes to the UK I fill her suitcase 😂😂😂,"Thanks Kiki - have you tried to place orders for SA ? We do deliver internationally, pls see:"
2385217,"Order #408-6498933-6520312, shoes supposed 2 get delivrd today, wrong status updated, I didn't reqst delay",I'm sorry for any confusion. Please connect with our support team here:
2385452,"Received one yesterday saying you're still trying to obtain the item. I ordered it on the day it was announced, can you offer me a solution?","Hi Murray, pre-ordering doesn't guarantee delivery on the day of release. What date was provided when you first place the order"
2385830,pne month and it hasnt been despatched. Terrible service.,Please don’t provide your order details as we consider them to be personal info. Our page is visible to public. (2/2)
2385834,"Warum bekomme ich bei einer Support-Anfrage an __email__ eine Antwort vom US Support, ich solle mich an den deutschen Support wenden? #fail","Leider kann ich das nicht nachvollziehen. Am besten wäre es, du nutzt unser Kontaktformular: Gruß"
2386265,Amazon India selling Gillette razor cartridges charging 28% GST instead of 18% GST to be charged from 15/11/2017. Please investigate and give us relief.,Thank you for bringing this to our notice. We've highlighted this to our team internally and we'll work on it.
2386368,not about cancel order.confirned order returned by courier guy itself saying he don't have time to deliver.i believe it is amazon tactics,We're truly sorry to hear about the cancellation of your order. I hope you give us another chance to serve you better.
2387948,"hello, this morning Alexa keeps saying ""I'm sorry I'm having trouble playing the book"" with all my audio books, please can you advise how to fix?","Hi Mark, I'm sorry to here this. Have you tried doing a hard re-boot by holding down the power button for 40 seconds to restart the unit. This should work but if not please let us know. Link to the help page included."
2388915,"Aujourd'hui. Au petit déjeuner. Un peu râté, il patiente jusque ce soir, mais pour un gosse de 10 ans, c'est dur à avaler.",Désolée d'apprendre cela :/ le mieux serait de le signaler à notre SAV via ce lien
2388938,I returned to items but have only received a refund for 1 of them. Can you help?,"Hi Eidin, were you provided separate return labels for your two items?"
2389665,Prime next day delivery ordered in time for delivery today. Now scheduled for delivery tomorrow (a day late) and you still class it as “arriving sooner than expected”?!?,Hi- what was the date given to you in the confirmation email?
2389748,407-4179524-0688302 ?? Hi still in business?,Please don’t provide your order details as we consider them to be personal info. Our page is visible to public. 2/2
2389761,Which email i shall reply ? anything pending from my side to respond in email ?,We've sent the correspondence to your registered email ID. Kindly check it here:
2390477,"I have recharged my mobile number (Jio) using the balance I loaded in my Amazon pay wallet.. So actually there is an offer that If we recharge in that manner,we'll receive a cash back of Rs.99 with in 7 days,But still I didn't get my cashback,plz respond","Please don't provide your order details, as we consider it to be personal information. Our Twitter page is visible to the public. 2/2"
2390489,"As a prime customer who spends a lot of money with you,I am disgusted at the level of customer service that I receive whenever I call you with a problem.I have complained about Amazon logistics over and over again but nothing changes.#badcustomerservice","Sorry to hear you have had such a bad experience, has your order been replaced or refunded?"
2391837,ord no:406-5494715-4837112 my sis purchased it wantd 2 return. PFA img this is hw I got it. Filed claim no response frm seller 1/n,"I'm sorry that you received a damaged item. As you mentioned that you've filed the claim, it should be processed within 1-2 weeks from the date it was submitted. Do let us know if we have missed the time frame."
2392715,Hi. I had some miss information from your agents adding additional delays to goods. It’s ‘being investigated’ but still no simple way to complain.,"I'm sorry to hear about those additional delays added, Phil. That's not the experience we strive for. The best way to leave feedback about this type of issue would be getting into contact with our customer service team so we may look into the situation for you."
2393562,"still not got my order; only empty assurances, extended deadlines, and false information","Apologies for the missed delivery. Could you please confirm if you've filled the details with the link provided earlier? If you were unable to do so, kindly do and we'll get this sorted for you."
2394452,Funnily enough by the time I got the email I'm at work and have no idea if my neighbours are home.,You can also contact us directly here: and we can look into this further.
2394524,Fire TV Stick買ったからテレビでAbema TVでアニメ24時間流し放題だ！,|´-`)ﾁﾗｯ Fire TV Stickをご購入いただきありがとうございました！ エヴァもヨシヒコも見放題ですね😄 末永くご愛用いただければ幸いです🙏 HM
2395797,Payer Prime pour se faire livrer par la poste... Autant vous dire que la livraison en 1 jour ouvré me fait rire 😂,"Bonjour, rencontrez-vous un problème de livraison avec une commande ?"
2397071,I ordered this on the 31st October and it says it’s coming today but on the order it says despatched on the 12th December,"Will you link us to the item on our website, Tony? We'd like to investigate this further for you! Thanks!"
2397236,sucks bc I preordered the sims 4 for Xbox one (digital code) well over a month ago and it said that I’d get it today (the 14th) but SUDDENLY the date was changed to Thursday. Stop bamboozling me damn,Sorry to hear that- were you given any reason as to why the date has changed?
2398267,"Cool thanks, if I wanna cancel my prime membership how much notice do I give?","You can let us know as soon as the day before your Prime renews. You can also use the link provided by KJ. Use the left-hand menu to make adjustments to your membership. If you turn off auto-renewal, it your Prime will cancel at the end of the pay cycle."
2398926,A friend has returned his order and is yet to get his refund. It's been more than a month. Care to assist?,Sorry for the hassle. Please report this to our support team here: and we'll check this.
2399409,That’s a shame. Can you organise manager callbacks?,You can request a manager by contacting us directly here:
2401212,Shout-out to for quickly resolving my hacked account! Reported it 8 hours ago and it's mine again already!,You're welcome Nathan. Thanks for letting us know. T
2401522,If you people can resolve your customer issue better stop doing such business. You fool it customer and there is no way for customer voice,I'd request you to fill in your details here: 2/2
2401807,È appena arrivato un eroe (il corriere amazon) e mi ha portato ciò 💞💞💞,Siamo corsi da te! Facci sapere se ti piacciono 🎤🐶📚!
2402325,Ah bon ? #rienreçue,"Bonjour, rencontrez-vous un problème avec votre commande ?"
2402364,"Yep, I mean at least you let me know it's not actually going to be 2 days at checkout. Last 4 prime things I've bought have been 4+ days","Sorry for the troubles, Sami! Our shipping method time starts after the item ships. There are many factors that may cause an item to take longer than expected to ship. You can learn more about this here:"
2402423,"Did that, spoke to your cc twice. For the delivered item (which was not delivered), they reordered the item. Basically now waiting for 8 days for a product. What’s the point of amazon prime",Sorry for the hassle with the delivery. We'd like to look into the issue and help you. Please fill this form: and we’ll contact you soon.
2403864,I'm going to DM you the label.,"Since we do not have account access to see any order related information, please refrain from personal details being shared. We suggest contacting us using the link provided for best assistance w/ this matter."
2403984,"That isnt helping. My order is mot received. It shows as delivered. The link you shared, i have already tried everything, its prepaid. Pls help asap",Could you please let us know if you have purchased the product from amazon.in or .com?
2405157,"not happy with ur refund policy or I say fool policy,Meanwhile did not connect to call centre. (9780362385 Maninder)","I'm sorry to hear this. Could you please elaborate on your concern so that we can help you accordingly? Please don't provide your order details, we consider it personal information. Our Twitter page is visible to public."
2405224,whats the deal this morning? No videos will stream.,"Oh my! Are you using the website or mobile app, and are you receiving an error message? Please let us know. We'd love to help out!"
2406814,"Welches Sprachkommando muss ich nutzen, damit Alexa meine gespeicherten Songs abspielt? Wenn ich ""Spiele meine Songs"" sage, kommt immer nur ""Spotify wird fortgesetzt"" und sie spielt was auch immer vorher lief.","Hi, um über Alexa Spotify zu starten kannst du den Befehl ""Spiel Spotify"" nutzen. Hier findest du weitere hilfreiche Befehle: Liebe Grüße"
2406857,Did that! I've spoken to your support 3 times in as many hours and everyone promised delivery in 15 minutes,Apologies for the unpleasant experience. If you have shared the details from the link provided by 'MO' we will get in touch with an update soon. Appreciate your patience.
2408699,Oui j’ai commandé un tourne disque il y’a maintenant deux semaine et la commande ne cesse de retarder,Je suis désolée d'apprendre cela. Quel est le transporteur qui prend en charge votre livraison et que dit le suivi je vous prie?
2408712,"I sent 2 emails, no response. Thanks, Tom",When did you email us? Did you try giving us a call? You can request a call using that same link ES has provided for you.
2412555,Can I get an answer as to why I have two payments on my credit card from today? Please DM me,"One may be an authorization, not a charge. Just to clarify though, did you make a purchase recently?"
2416359,had a prime order due yesterday thats delayed.Its my last day at that address.Can I get a redirection or do I need to cancel?,Can you contact us here:
2416359,"That doesn't help.it's saying delivery by Tuesday which is useless as the house is empty.Theres no redirection option, do I need to cancel?",Hi Scott- Have you been able to get in touch with us via the link provided? We might have more options on our side.
2416621,"Bonjour, Toujours rien reçu... Il faudrait faire quelque chose non ? Qd je demande en renvoit un l'article on me dit que c'est pas possible",Merci pour votre participation 😍 Bonne chance ☘️ Je croise les doigts pour vous. -Fati
2418075,how are you going to charge me £79 for something i never even signed up for ?,"Oh no! We don't have acct access via Twitter, but you can find info on how to cancel here:"
2418550,Merci 👍🏼j’espère que cela servira ! 🙏🏼😩,"Je vous en prie, très bonne soirée."
2418599,Why can’t I play my on my ?? My account is connected yet it won’t play.,I'm so sorry for the issues you're having! What happens when you try to play Sirius XM? Are you receiving an error message? Keep us updated!
2418717,No reply i have got on my email. So stop sending same emails and call me on 9970331584,We'll be unable to view your account details from Twitter. [2/2]
2419103,"inform them to contact me and tell me the issue why my account is on hold for last 36 days. even after submitting all necessary documents for unholding account, yet now my account is on hold.",We have responded to your DM. Please check.
2419477,"been more than day, and the day for buffering delivery i also gone, what amazon is expecting me to do, forget the product?",We are working on it. Any updates will be provided here:
2419882,The point is no card was left so have no idea who the carrier is .,I understand your concern! You can find out who the carrier is for your order here:
2419901,"Gracias, eso fue lo que hicimos, contactarlos 😕",Comprendemos y te agradecemos por ponernos al tanto de la situación. Cualquier consulta adicional que tengas estamos para ayudarte.
2419967,"""People do not buy an Echo Dot"" as i have just spent 2 hours on the phone been passed between Audible and Echo departments, trying to link my Audible with my Echo Dot. Will be sending back for a full refund!!!","I'm sorry for the trouble! You'll need to have your Amazon and Audible accounts linked: Once that's done, register the Dot to your Amazon account and it should work. More information here: I hope this helps!"
2419970,"The mail man didn’t pick up the box I had scheduled for pickup but did leave me a box addressed to a house two blocks away. The Amazon box that was allegedly delivered to me is nowhere to be seen. So thanks, USPS.","I'm terribly sorry about the experience you've had with your recent deliveries. Have we reviewed this experience with you by phone, chat or e-mail yet:"
2420207,Et 8€ de TVA c est normal donc selon vous ? J ai arreté mon abonnement Prime 49.90 c est enorme et surtout pour rien,Le prix final affiché au moment de validation de la commande reflétera donc le taux de TVA correct de votre pays de résidence.
2420716,"Exceptional service by returns team. Plz express my sincere thanks to Mr Sanjay,Mubashshir & team for request 408-8553318-8642713",as we consider them to be personal information. Our Twitter page is visible to public. (2/2)
2422684,response we have had back is not helpful. Saying the Amazon prime will be extended and the courier will give us a call on delivery not helpful. If the courier calls while my partner is at work he can't answer. Item has not arrived on 2 delivery dates no wiser still!!,"We want to help out. However, because we do not have access to customer accounts over Twitter, our options may be limited. Have you considered changing the address for delivery? Also, could you tell us who dispatched this parcel?"
2422701,"Ordered something off and it said delivery date today, only been despatched last night and now my expected delivery is Thursday. Now I have to buy more of what I need because it’s told me the wrong date.","I am sorry to hear that we missed the mark in processing your order. Rest assured that is not at all the experience we want you to have. Which courier was assigned with the delivery, as shown in the order details found here:"
2422707,When your amazon prime order is left at another flat number (when u didnt ask for it to be) and the guy there says nothing was delivered :)) help me hun x,"So sorry for the trouble! We'd like to look into this in more detail with you. When you have the chance, please reach out to us here: so we can investigate."
2422747,"Si me compro la canción City Of Stars de Amaia y Alfred en Amazon, se descarga para tenerlo en la música del móbil o solo se puede escuchar si abres ? AYUDA QUIERO LA CANCIÓN. #OTDirecto14N","Hola P, por favor verifica las siguiente informaciones 😉: ."
2424504,Pretty lame collection. Please increase it to make it attractive and have language settings.,We will continue to add new content. Keeping checking where we highlight the latest movies and TV shows we have available.
2425923,"Le 13 novembre 2017, avant midi. La livraison était prévue aujourd’hui avant 20h.",Un incident a donc dû retarder la livraison. Je vous propose de signaler cela à notre SAV afin de vérifier le suivi et vous en dire plus.
2425971,I turned to Twitter because i wasn't getting any help directly through Amazon. I need you to give me or get me in contact with someone in corporate who actually knows what they're doing,Please send us more information here: so we can help sort this out.
2427445,Gracias. Es la primera vez que tengo problemas con retrasos y ha coincidido desde que utilizáis Amazon logistics. Vamos a ver qué tal sale la semana de Black Friday. Slds.,"¡Con todo gusto David!, te agradecemos tu preferencia y si tuvieras alguna otra consulta o duda estamos por acá pendientes para ofrecerte nuestra ayuda. ¡Que tengas un excelente día!"
2427504,Paying for Amazon prime and Same day delivery and then being told it won't come until Thursday is absolutely unbelievable. That's getting cancelled!,I am so sorry about your delay! You can find out more about same-day delivery here: Let us know if you completed all of these steps!
2428208,"what kind of morons are you hiring to deliver your products!? My delivery person continues to be of the understanding that to ‘deliver’, is to THROW my parcels over my garden wall!?!! See pics for proof and a smashed glass as a result of this!!!",I'm sorry for the trouble with your delivery. Have you phoned or chatted with us to discuss options and give courier feedback about your experience yet:
2429474,Thank God filled the box with extra paper packing.... would have been gutted if my new duvet had smashed in transit!,We are always looking ways to improve. You are welcome to provide packaging feedback via this link:
2431159,", ruins the magic of Xmas when you give a gift that’s all battered with ripped stickers on it because you couldn’t be bother to use appropriate packaging 😡😡😡",I hate to hear your package arrived damaged! Was the item inside also damaged? Let us know!
2431168,Email has been my choice as I really don't have time to be on the phone or chat handling personal matters while I'm at work.,"When you do have the time, please contact via phone or chat as this is the best method for us to assist further. We are here 24/7 to assist."
2432805,à ce prix là on est livré dans l’heure avec la main d’œuvre ? 😂😂😂,"à ce prix là, changer de pare-brise sera plus économique 😅😅 Merci de nous l'avoir signalé, je remonte cela au service concerné pour correction ;)"
2433648,Dear ordered 2 shoes from your site and made online payment. Later received a message saying the transaction was failed (1),Could you let us know if the timeline has passed. (2/2)
2434845,"driver tried to break into my house today, tried contacting amazon, was offered $5 credit. Are you kidding #breakingandentering",Thanks for bringing this to our attention. Please provide us details of the incident here:
2434994,I ordered a gift but did not receive a gift receipt. How can I print on off myself?,"Hi! When the gift arrives, there should be a packing slip the recipient can use to return the item by following these steps: If you'd like an invoice for your records, please visit us here: I hope this helps!"
2435969,Hai I bought Nokia6 last week tuesday. I had an issue with mobile. I tried returning the product on very next day but no reponse,"We don't accept remorse returns. If there is any problem, please go through smart check app here:"
2435975,Really ! Do you hate out environment this much?,We'd like to link this feedback to the order. Please leave packaging feedback here:
2436843,trying to add item to my wish list and keeps telling me to sign in when I am signed in...,That's strange! Have you tried to add multiple items to your wish list to see if it does the same thing?
2437289,Will the Xbox One X be delivered on Nov 7th or will it be delayed,Nov. 7th is the release date! Do you see the delivery date for your order listed: ?
2438384,Very disappointed to not get the brand new psp4 pro for £249 as quoted in Amazon. Received order cancellation notice? Despite chasing didn't get a valid reason. Pricing error? They wouldn't admit though...,"Hey Sakthi, I'm sorry for the frustration! Have you had a chance to reach out to us via phone or chat so we can look into this for you?"
2438396,Si de hecho estoy tramitando el reembolso de mi último pedido..Estafeta dice q me vino a dejar el paquete y no me encontraron cuando yo no salí ni a comer para evitar justo q dijeran que no me habían encontrado,"Lamento el inconveniente. Dime, ¿el pedido fue gestionado por Amazon o por un vendedor desde nuestro sitio?"
2438415,"S/o to for NOT getting my gift to my house TODAY, when it’s supposed to be delivered. 2 day shipping? Yeah right.",Uh oh! I'm sorry you haven't received your package yet. We'd like to help if we can! What does the current tracking say on your order. You can see it here:
2440694,Let down YET AGAIN by Prime. We pay a lot of money for this and they don’t deliver.,"This isn't what we like to hear! W/o posting any personal info, will you tell us what has happened? We'd like to help if possible."
2440707,Je l'attend avec impatience cette figurine 🤗 #DragonBallZ #Broly par contre je cherche une figurine de #Jiren !!!,"Bonsoir, avez-vous commandé cette figurine 😁😁?"
2440709,How can i see when i signed up? Because I’m pretty sure it was way less than 6 months but i was charged. Can i send my acct number?,"Unfortunately, we don't have access to your account via Twitter, therefore, we would like to look into this with you in real-time. Please contact us via phone or chat here:"
2447101,Everyone helped me out and explained the charge/deposit thing. They just did the deposit first and that made it look like double charges. Everything was sorted out and my stuff shipped today. Thanks for everyone's understandings lol,"That's awesome, Kelsey! If you haven't already, please make sure to fill out the survey sent after the contact. This is seen by the agent's direct manager. 😊"
2447379,"So, I called in and cancelled the order and got a refund, then reordered it. This morning I got an email update saying “Sorry your package may be late”! This is exactly what happened last time smh",I do understand your frustration! We would love to have a member of our team look into this with you. Please give us more information here:
2447391,Amazon has failed to meet its delivery deadlines on my orders twice in 4 days. Frustrating and disappointing.,"I'm sorry for the trouble with your orders. Have you had a chance to speak with us about these orders? If so, what insight or options were provided for you?"
2447425,It’s really urgent and that can take 14 hours so can You assist me via DM thanks?,"Hey, Charlotte! We're unable to access accounts via Twitter. Since you're unsure what account the membership is associated with it would be best for us to assist you in real-time. I recommend chatting or calling for the fastest resolution. I have enabled DM's."
2449410,"And also a pkg from , which I knew would be the new Brandon Sanderson. Best day! But I opened it to find...sadness.",I am sorry that your book arrived like that. Was this item shipped by Amazon or by a 3rd party seller? That information can be found here:
2449706,Time to admit buying bananas from fresh shouldn’t be a thing anymore. Their packaging in general seems to be slipping.,I'm sorry the bananas arrived in that condition! We'd like to see how we can help so reach us here:
2450595,"boa tarde , tenho quase certeza que tem um erro na loja #brasil Super Tweeter Jbl Selenium St400 #erro - na falta de um canal","Oi Cadu! Agradecemos muito ter nos informado, por favor contate o nosso SAC para assistência ("
2450872,having trouble with login - I click customer service and it needs login! How can I login to contact if I can’t login?!?,"Uh oh! Here is a link you can use to contact us, Rochelle: I hope this helps!"
2451307,"why am I being charged 1300 at an mrp of 478,doesn't that amount to cheating?","efforts to offer you the lowest price, may result in fluctuations in our prices over time [2/2]"
2451320,"Dear and .. when we order things and they arrive lile this, its pretty damn disappointing.","We’re always looking to improve, and would be happy to accept your packaging feedback here:"
2451671,I did this yesterday and was told they sent out the wrong one because the one I wanted wasn't in stock. That makes no sense whatsoever.,"We'd like to look into this issue! As detailed as possible, please provide your info for us here:"
2452174,Did that. Thanks. Hope you optimize it soon.,Thanks a bunch for sharing your feedback. Our concern team will review it internally.
2452539,"I don't know why Amazon do either if they're going to ignore people selecting ""I'm disabled, always put my items in low lockers.""","We want to look into this, please provide some additional details using the form provided:"
2452860,is that your regular sceam to take order and not deliver the product around the special one #Amazon,"Sorry for the hassle, kindly reply to the correspondence which you have received from us and we will assist you further."
2453272,When I call they say the offer on prime is for two more days but on app it shows different !,is 30th October which is also been clearly stated in our amazon app as well. 2/2
2454087,"plz inform your delivery people that 48D =/= 43D. Also, leaving the order in directly in front of an outward swinging door??",I'm sorry for the poor experience. We'd like to document your carrier feedback. Please contact us:
2454103,So I DM’d the info and they told me they couldn’t help... so what now?,We aim to deliver by the date provided in your order confirmation e-mail. Did we miss the dates provided? [2/2]
2454445,kindly help am getting these updates didn't order!!! Confirmed: Order for JSB TA001 Micro Bead Travel Neck Pillow ..& 7 other items is successfully placed & you'll get it by 17-Nov. Track:,"Sorry for the trouble, Aditya. Please connect with us using this link here: and we'll check this. Kindly keep us posted."
2454501,my firestick crapped out completely. How do I get a new one with my warranty? I’ll gladly send this one back.,"I'm sorry about your Fire TV Stick! You can access options for repair/replacement from the ""Your Orders"" section in your Account here: Let us know if you need additional help."
2454517,"Hey , no it wasn't.....",I'm sorry you haven't received your order yet! Have you tried these steps to locating your package: Let us know if you still aren't able to locate it.
2456039,"If it doesn't arrive today, how do I file for a refund of the shipping I paid for?","If the package doesn't arrive by the date provided, please contact us here for further assistance:"
2456102,"asap not the refund as u had already supported ur courier boys by saying goods damaged in transit.The worst,the Amazon is",Our social media team has emailed a correspondence to you. Kindly check it here: and reply to it for further assistance.
2457165,"#AmazonIndia Ordered a pdt on 11Nov with delivery commitment on 13Nov bt gt notification tat pdt shall be delivered early on 12th itself and finally got a msg saying pdt delivered bt in reality it was nt delivered to me. Now when approached ur cust care, they say investigating it",I'm sorry for the delay in delivery. Request you to wait for an update from our support team. Do keep us posted if the order is not delivered.
2458361,Dommage que vous ayez recours aux services de La Poste (coucou ) pour l'expédition de nos commandes. Vraiment dommage. Ref cde 408-6949860-6765114,"Bonjour, désolée d'apprendre cela :/ que dit le suivi de votre colis s'il vous plaît ?"
2458427,I want to return my order but no one has came to pickup my order,Sorry that the product isn't picked up yet. Kindly get in touch with us here: and we’ll be glad to help you.
2459190,"So my carpet still hasn't shown up. It's been over 24 hours since it was ""delivered""",I'm sorry you haven't received your package! Please contact us here: so we can have someone look at this for you directly.
2460298,That time you order food stuffs from and can't decide which city to deliver it to.,"Oh no! We're sorry to hear about this, Mike. Has the shipment arrived? ~AZ"
2460763,Then what was this 😔😔😔,"I'm sorry for the inconvenience. However, the sale has been postponed to 6 PM today. Kindly stay tuned."
2460766,Already done but as usual no response.,"We're extremely sorry for the hassle. Please fill this form: and we'll have a closer look at your concern. Once you do the needful, our team will get back to you with an update soon."
2461291,No I don't have any contact numbers,You may contact us using this link: and we'll be glad to assist you.
2462204,Hice un pedido ayer en y en menos de 24 horas ya lo tengo en casa 😜😜,"¡Pronto entregas instantáneas, estamos entrenando ya! ¿Apostarías por entregas mágicas en dragón?"
2462207,I've given up. Not worth trying to get these orders right. Whatever was delivered. Can't manage more time or energy for amazon and this mess.,"Sorry for the disappointment. As mentioned earlier if the review doesn't meet the guidelines as specified in the link provided earlier, it wouldn't be posted."
2463045,So I rang - ask them - but I have laryngitis - and they could not understand. So please find another way to help me.,If phone is not a good option you can always reach us through live chat or send us an email:
2463104,"Args, wieder wird eine Bestellung durch Logistics um etliches später als als ""Prime"" vorausgesagt zugestellt. DHL und Co, bisher nie die Probleme gehabt. Dies ist unflauschig!",Das ist in der Tat eher unflauschig :/ Bitte meld dich mal direkt hier bei uns im Social Media Team: Wir würden uns das gerne ansehen.
2463890,"what is with all the packaging for a few small batteries? Come on Amazon, totally unnecessary","Hi Steve, you can reach out to us directly via the Prime Now app, with your photo and we can pass your feedback along."
2464831,Thank you for uploading movies like #Diksha #Salaambombay and #paar and many more. :),You're welcome. We'll continue to add new content. Keep checking where (1/2)
2465134,I've spoken to my bank and they have confirmed the money have left my account twice.,Hi Melissa- Can you please contact us via phone or chat here: we can look into this with you. Thanks.
2465354,"need to register a Amazon Javline drop box to my account but can’t, how do I? Thanks",We're not sure exactly what you mean. Would you mind providing more details or a link so we can assist further?
2465381,Three of my recent orders from have been cancelled one item cancelled twice the second time without explanation... SOUND!,"Hey Gleann! Really sorry to hear about this issue with your orders. Have you been in touch with us about the cancellations? If so, what did we advise? ."
2466083,"Qi Wireless Charger,Sainagce Qi Wireless Power Charger Charging Pad by Saingace more info",Our team would like to assist you with this! Please provide us with your information here:
2467941,"requiero ayuda para recuperar mi cuenta, ya que dice que está bloqueada.","Hola, Gerardo. ¿Nos podrías comentar, si has recibido un correo electrónico con indicaciones para desbloquear tu cuenta de nuestro departamento Especialista en Cuentas?"
2468626,Provided the details on the link,We've received your details and we'll reach out to you soon.
2469414,"We were contacted by the Amazon depo manager Swindon and promised amazon vouchers as compensation. Chased, told being sent as e-vouchers last Friday, still nothing, now he’s not responding to emails.",Could you reply to the email that was sent from the Social Media Team so that we can look into this further for you?
2469457,Ya empezamos con las compras de los regalos de Navidad. Bendito .,"Hola Alex, ¡que buena noticia nos has dado! Por aquí también ya iniciamos con espíritu navideño 🎄💕"
2470078,"Its the same Day delivery which is very annoying sometimes available, sometimes not, sometimes timed off at 9 10 11 never 12 as should be","Hey Chandan, not all items offer Same Day Delivery. You can find more info here:"
2472447,Yes both by Amazon prime,Thank you for the information! We're these items purchased in the same order?
2472465,This isn't working either...,"Hmm... that's strange. I'm not able to recreate any issues. Are you receiving an error message? You may also want to clear the cache and cookies on your browser and click the link again. You'll want to select ""I cannot sign in to my account"". Keep us posted!"
2473374,having to close my 10 year prime account as no solution #gutted,"Hi Cheryl, have you finished your call? What solution/options were provided? Keep us posted."
2473383,"No porque no aparece número de seguimiento, solo la compañía que es",¿Podrías indicarnos cuál es la compañía de transportes encargada de la entrega?
2474942,"Sim :( eu já coloquei no computador, já deixei descarregar e carreguei novamente mas nada acontece :( fiz de tudo :(","Ary, por favor entra en contato com nossos companheiros de Suporte ao Cliente para que possam verificar:"
2474959,Got my refund amount. Thank You :),Glad you have received the refund. Thank you for keeping us posted.
2475987,my prime membership is renewed every year automatically so why is my account saying I’m not a prime member?,Hello Leah! Do you have two Amazon accounts? Are you using or .co.uk? Keep us updated! - Conor
2477378,Esto debía ser una taza.,"Comprendo, ¿el pedido era gestionado directamente por Amazon o por un vendedor independiente dentro del sitio web?"
2477422,"El 6, pero luego se aplazó al 9 de noviembre.","Lamentamos el retraso con tu pedido, sin revelar información personal o de tu cuenta, ¿el producto era vendido y enviado por Amazon o bien de un vendedor externo?"
2477483,"Lately our Echo Dot has been driving me mad. I'm laid in bed ""Alexa Bedroom light on"" and it starts playing Come on over by Royal Blood, I only wanted to take some pain killers! It's getting worse lately!",Oh my! We'd like to help troubleshoot with you. Have you been able to try resetting your Echo? Press and hold the Microphone off and Volume down buttons at the same time until the light ring turns orange (about 20 seconds). Let us know it that fixes the issue!
2480162,"I’m a fan , but please stop using your own delivery service until it works like or . - arriving today, or no?","We have no access to your account or orders through social media. However, if not delivered by 8pm, please let us know."
2480939,Oye si pago Prime y mi orden decia entrega al dia siguiente y no llega que procede? En serio una pesima promesa de venta,"Hola, Rodrigo. ¿Podrías confirmarnos la fecha de entrega indicada en el correo electrónico de confirmación del pedido?"
2482101,how can you guys forget to add freaking subtitles to an anime you are simulcasting???,Subtitles are provided by the content distributor. What is the title so we can take a look?
2482111,"Err , since I was standing in my drive at this time I can assure you delivery most certainly was NOT attempted. #StopLosingMyStuff","Oh no! When you have the time, please contact us here: be happy to discuss your order in real-time."
2483982,Merci pour votre aide et celles de vos collègues du site qui ont fait une remontée d'informations à BPOST qui a livré mon colis aujourd'hui.,Je suis ravie d'apprendre cela 😍 Profitez en bien 😉
2484014,I replied to that mail 3 days ago.. no updates after that,"Please reply to it again, we will connect with you soon."
2484050,"I am disheartened by ur representative's actions. Statements like 'I can't help', can't transfer call and then hanging up on the customer shouldn't be practiced by any company, and definitely not by someone who is representing Amazon. Form filled. Awaiting response.","Certainly not the kind of experience we'd like to cater. As you've shared your details, we'll reach out to you soon. We value your time."
2484057,"Nein ich hab ursprüngliche denselben Artikel 2x bestellt, 0 kamen an, und jetzt eben 1 in der ersatzlieferung","Hi, konnte die fehlende Ersatzlieferung von unserem Support geklärt werden? Grüße"
2484063,Were supposed to be delivered yesterday. Ordered on prime Next Day,"I'm so sorry to hear that, Barnaby! Kindly reach out to us at so we may further investigate the status of your delivery. We would love to help! Thank you!"
2486967,what’s the point of #AmazonPrime when you are not capable of delivering products on promised delivery date. This is lack of #logistics and #Operations management. Customer should be compensated for the poor service.,Certainly not the kind of experience we would like to cater. Kindly let us know where did we go wrong. We would like to make things right for you.
2486979,"I know that is a fake website(not an email, it is a website) AS I SAID they are deceiving people and receive telephone numbers with your company's name. Don't you have a process for such situations?",The link you provided doesn't seem to be active anymore. The website did not load. Do you only see this website when using mynet?
2487014,I can’t call can’t text in the app and I’m not home,The link provided should route you to the Contact Us page on our site. You'll then have the option to send an e-mail for more information.
2488425,"Wait in all day for a delivery, I pop to the shed and miss it. Surely on a b4 9pm delivery they can call or let people know when they're roughly coming.",We're sorry to hear about your experience with this delivery! Has it already been scheduled for redelivery?
2488968,"Unfortunately no, they’ve referred it, I don’t understand how I can get other Amazon emails but not the important one like the reset😩","That's odd! When you contacted us, did we mention getting this escalated to our tech team for further review?"
2489020,"Oye , el cupón que mencionas dice que es válido hasta enero del 2017, ese mes ya pasó! 🤔","Hola Mike, muchas gracias por reportarnos lo que indicas. 😊"
2490530,Today order a #RedmiY1 in today's sale #LoveYourselfie,"Wohoo! Glad to hear that, Srimanta. :) Happy shopping!"
2490577,Can’t get prime music to work. Keeps looking me back to “join prime” window but I am a member!,"Sorry for the troubles with Prime Music, Tristan! Have you tried clearing your cache and cookies or opening it in another browser/device? Let us know if that resolves the issue or not. We're here to help!"
2490600,Liefert nicht mehr an Packstationen? Kann diese nicht mehr als Adresse auswählen bei Primeversand.,"Doch, aber das ist abhängig von verschiedenen Dingen, wie zum Beispiel Größe des Artikels. Schau mal bitte hier:"
2492228,"Looked at where delivery people say they left my packages for the first time today. ""In the mailroom"" (it's a residential house) and ""In the mailbox"" (when it's an 84"" long or 10lb item) are my favorites. 🤔#idontthinkso","I'm sorry for the disappointing delivery experience, Sarah! Does this tend to happen with a specific carrier? Let's also try following the steps here to locate your package:"
2493708,"you guaranteed my prime delivery would arrive next day, I ordered it Monday afternoon, you guaranteed it would arrive today, it didn't, how much compensation are you going to give me?","So sorry for the trouble this has caused! We'd love to help! For further clarification, could you confirm with us the delivery date provided in your order tracking? Also, who is the carrier for delivery?:"
2493714,très déçue de votre SAV via chat direct et de la façon dont mon problème a été traité..,"Bonsoir, je suis désolée d'apprendre cela. Quel a été le problème pour lequel vous avez contacté notre service client?"
2494916,...think we could use less packaging to deliver a vacuum head?,We always appreciate packaging feedback! Tell us more about it here:
2495768,"Yes. Order should have been delivered by 8pm today. Part of the order was delivered, part was not.",Is your order shipped by Amazon or a third-party seller? You can check here:
2496358,decided they wanted to sign me up for Amazon Prime without my permission and took 100 out my account.. Wtf,I'm sorry to hear about the unexpected charge! You can cancel and request a refund here:
2497420,Pls call & update me status of my consignment.,This being a Social media platform we will not be able to check your order/account details. 1/2
2497685,do u have any difference between regualr price n deal price !!,Pricing and offers are decision of the sellers. The constantly changing marketplace and our efforts to 1/2
2499106,se ha vuelto a perder un pedido y niega tenero aunque figura en el tracking. Es la 2a vez que pasa esto y es un regalo. He solicitado retorno en vuestra web para un reintegro pero hay que mandar de vuelta un paquete que NO tengo. Estoy francamente harta,Hola. Lamento mucho las molestias ocasionadas. ¿Has reportado la situación con nuestro departamento de Soporte al Cliente?
2500688,pretty sure it's illegal to charge me for a prime membership without my consent so thanks for that little episode today 🙂,"I'm sorry for any inconvenience this may have caused, Alexis! Just to clarify, were you able to cancel the membership and request a refund?"
2501878,Is there a reason this is a UK link? I am in the US,"I'm so sorry for the mix-up! Please try this link, instead:"
2504880,Thank you for the excellent customer service and giving us a full refund of £175 for the 33 films ordered by our 5 year old!! 🎬😳#parentalcontrolneeded #greatchoiceoffilmsthough,Thanks for sharing your awesome experience with us! So glad we were able to get this fixed for you!
2507313,And why they are asking for 50 Rupees for delivery charge.....my product is of 7000 rupees and why courier boy is demanding 50 rupees for delivery ..,We would like to help you. Please share your details with us here: We'll get in touch shortly.
2508829,"my seller account block by seller performance team and my payment is also pending ,your team is so unprofessional with seller,",Apologies for the trouble. Kindly reach out to our seller support team here: 1/2
2509205,"I left a Message yesterday on the ""Leave package feedback"" but that ALSO didn't work.",Please give us a call at 1-866-216-1072 and we'd be happy to assist you in real-time.
2509217,Bonne continuation et bon courage :),Merci beaucoup. Bonne fin de soirée. Sara
2511170,On the bad end of a Turing test trying to figure out how to manage chat bot/person to fix things. Confidence low.,"I'm sorry you're having issues with our Support. Can we help? For security, please don't post sensitive account info."
2511193,"had ordered combo essential oil pack. One has broken seal,customer care number is getting disconnected automatically. Help here",via email or chat here: Do keep us posted. 2/2
2511617,"Si claro, el 17 de noviembre y vendido por Servicios Comerciales Amazon México","Raúl, gracias por el dato, en este caso, como la fecha de entrega aún no expira, lo mejor sería esperar hasta el mismo 17 de noviembre, un paquete puede llegar antes de la fecha programada, pero por lo general, debería llegar ese mismo día."
2512056,can anyone help me with my amazon.in order # 403-6997641-4066759.,The resolution provided via email is the best we can offer. We'll not be able to provide any further insight 1/3
2512390,"2e com Prime pour test, 5 j plus tard, le colis se balade tjrs... Orléans, Milan...puis Lyon, next ?, p'tites vacances sympas 1/2",Bonjour; pouvez-vous m'indiquer la date de livraison qui vous a été communiquée dans l'e-mail de confirmation de commande ?
2512731,Two deliveries this week that Amazon has let me down on. Both of them delayed. :(,"Hi, sorry to hear that, have you reported these delays to us via the website:"
2512886,"Hey, had a chat with CC. It was useless. He offered apologies and refund. No resolution. And yeah a tip of 100rs DISGUSTING",I can imagine your disappointment. Please drop in your details here : We'll reach out to you soon.
2513641,Yes and one is a Christmas present and the other is needed for today!,"Hello, I am very sorry to hear this. You can arrange a return/exchange for these items here:"
2513933,"Hi Team, The remote with my Fire Stick is not working, changed the batteries too, worked for just one day.",Have you reported this to our support team here: ? (2/2)
2514247,"has been dropping the ball a lot lately. This month, I’ve had multiple prime orders just get cancelled after late delivery notices.",My apologies Wes. Have you been in touch with us by phone/chat to discuss this?
2514450,"Dear Sir, i mailed there also but no response...","Sorry for the delay. If you've dropped in your details through the secure link above, you'll receive an update from us here: 1/2"
2514455,can you tell me if this is genuine or not,"Hi, here is a link to help you determine if any emails are genuine sent to you:"
2515830,Just spoke to someone and amazing customer service! Best customer service out there- thank you so much!,"Thank you for the positive feedback, Kristi! I'm glad we're able to help :-)"
2516921,I’m thinking this thing just might catch on.,"I'm so sorry to see your Amazon packages is left in the mail room like this, John! When you have a moment, please reach us by phone or chat so we can submit a carrier's feedback on your behalf:"
2516943,Where is my Amazon order? This is stressful.,"Oh no, Kara. Have we missed the delivery date in your confirmation email?"
2516958,Amazon delivery services is by far the worst service known to man. Worse than OnTrac. Another day without my delivery because they cant come within business hours.,"I'm sorry we've let you down, Sam. I'd like a specialist to review this with you. When you get a moment, please provide additional information here:"
2518090,Ordered a book for a friend in US and just return saying my package is lost by . That had never happened with,"I'm sorry for the troubles. At your convenience, give us a shout here: We'd be happy to discuss any options in real-time."
2519240,you have failed at delivering my package. STOP leaving packages at the door when people aren’t home. It’s holiday time you know strangers will steal unattended boxes from the door. Then you refuse to refund or resend my purchase. You Suck!,We'd like to document your feedback. Please send us an e-mail here: following this sequence: 1. Prime and Something else 2. More non-order questions> Give Amazon feedback> Opportunities for improvement 3. Choose the E-mail option
2519277,"Looks like express, which as a Prime Member seems to be my only option unless I pay for 1-2 day priority? Am I not paying my membership fees to get that priority service already?",We would like to look into this further with you. Please reach out to us at your convenience for available options:
2520584,I still not received my order and on your website it showing delivered on 14nov17. Where is my order?,"I'm sorry to here that, please contact us here: so that we can assist you accordingly."
2520594,"I fixed it, thank you for the reply though - very much appreciated!",I'm glad it's working for you now! Let us know if there's anything else we can help with.
2522345,Son unos ineficientes yo los quería mil.,"Hola, Pao's. Lamentamos mucho cualquier inconveniente que se haya presentado con tu cuenta o con tus pedidos, ¿podrías por favor darnos más información al respecto?"
2523306,"Yes it says it went from east point, ga (15 min from my house) on the 15th to some place in Florida today 😭😭😭",We'd like to take a closer look at your delivery and available options. Please reach out to us here:
2523310,i pay for prime to have my stuff in 2 days not for you guys to say 2 days then apologize that it’s not here yet 😐,"Hello there, Christine! Sorry about your frustration, but we'd love to help! Do you have a recent order that is missing it's promised delivery date? If so, please let us know so we can help trouble shoot the issue for you. We're here to help. 😊"
2523355,Thank you for your quick reply! I have a first gen.,"No problem, Jess! Try these troubleshooting steps and see if that helps!"
2523761,Do.me a favour plz send pick up boy fir take it back as earlier as possible,Could you please confirm if you had tried reaching our support team through the link provided earlier.
2524392,Why am I paying from #prime again?,"Sorry for the trouble, Mason! We're here to help! Without providing account and personal information, could you tell us more about the issue at hand?"
2526223,"You are asking me to work hard even after making advance payment. Convinience is the reason I buy from site like yours. Options suggested aren't convenient, you wanna fix IVR or arrange a call back?",I’m sorry to make you feel disappointed. We can't gain access to your account details via Twitter. Please share your details in this link here: and I'll reach out to you.
2526237,hands down the worst streaming experience available at the moment #buffer #crash #repeat,I'm sorry your having issues with your streaming! What type of device are you streaming on?
2526938,price is only RS 1100 in official website but highly priced in ur website.,"We try to ensure that MRP mentioned on the website is same as the MRP mentioned on the product that is delivered. However, occasionally it might differ. This could happen (1/2)"
2528273,Yes I have already sent an email regarding this. Also when I chatted with the customer care they said they have a limited warranty of 1 year and çannot do anything since it maybe a defective piece.,We'd like to check this for you. Kindly share your details here: and we'll contact you soon.
2529281,very bad response. Still not collected my return order. Worst service,I'm sorry the return hasn't been completed. Please share your details here: we'll look into it and reach out to you soon.
2529521,"Change your carrier for items coming from Maidstone depot, they have yet again failed to deliver my item! #ShitService","Sorry to hear you've had an issue. Without personal info, did you receive a delivery card?"
2529521,".....Need item today, don't expect to get it! USELESS doesn't really describe delivery service, APPALLING is more apt!",My apologies Tracy. What information were you given when you phoned us?
2531060,Ofcourse am a Potterhead :) thats what I meant by the YA category,That is so cool. Do you have like a shelf full of books?
2531141,"messed my order, acknowledged it was wrong but still won't send me the missing item. See if I order from them ever again.",I'm sorry for the trouble with your order. What information or options were we able to provide for you?
2531223,"Dear , please add a ""sort by read/unread"" feature to the kindle interface, so I can float my unreads to the top of my library.","Hi, thanks for the great idea! I'll pass this onto our Kindle team"
2531371,I emailed but haven’t heard anything. I’ve been charged twice for a kids kindle fire! Please advise,"Hi, we usually charge when the order dispatches, is it possible you are seeing an authorisation:"
2532206,I had purchased a smart band. The product is extremely pathetic and the replacement is defective. Tell me how to get the refund.,"Hi, sorry to hear that. What Amazon website did you use to place the order? /.co.uk/.in?"
2532530,please explain why you charge for amazon prime yet don't follow through on your promises of speedy deliveries,We cannot provide times for carrier deliveries. Have you had an issue with late deliveries?
2532796,"Now this. There was no request, unless they mean my 11am PW change. can you please tell me what is happening, and why?",Have you received any messages from an Account Specialist?
2532816,Don't repeat it and cheat us as I already told you we have huge trust on amazon,"Also, please don't provide your order details, as we consider it to be personal information. Our Twitter page is visible to the public."
2533185,I'm getting pretty pissed off dispite me sending numerous emails you have now charged me £60 for services I said I am not using,"Sorry for those charges! Do they specifically state what service they are for? Prime, Digital Services etc?"
2533233,Ur calc shows 57rs twice credited.. My AP stat. shows 57rs once..y can't we reply to the same thread?,Please don’t provide your order details as we consider them to be personal information. Our page is visible to public. 2/2
2535365,Learned my delivery promised for today did not deliver and you signed me up for some remote UPS dump off service that I neither authorized nor requested (fraud?). My package did not arrive on the date promised. Long phone call w/Amazon+UPS; no resolution yet.,"Hi, sorry to hear this. Can you tell us what you were advised when you spoke with us on the phone?"
2536382,"cobrar por un pedido de 20€, 75€ de envío sin avisar, no dejar que os ponga una reclamación, y ni siquiera darme una solución...INCREIBLE","¡Hola Manoli! Lamento demasiado este inconveniente. Dinos, ¿El producto ha sido vendido por un vendedor externo?. Si es así, ¿Le has hecho la consulta con el vendedor? Puedes ingresar a este link y contactar al vendedor externo: ¡Saludos!"
2538120,A me è arrivato un pacco con consegna 1 giorno in 10 giorni,Mi spiace! Hai già segnalato l'accaduto al Servizio Clienti?
2538131,Cashback of Rs 99 not received for jio recharge on 10 of November. What's going on 😑 Id is - __email__,The Cashback will be credited to the eligible customer's Amazon account within 7 days of recharge. So please wait until the mentioned time frame. You can check more information here: 1/2
2539035,I cant wait for 5-7 days kindly i dont need amt to bank just give me amazon pay bal worth 200,I understand your concern regarding your refund. Please fill out this form: and we'll look into this for you.
2539576,"thank you for your reply, i just got online address change problem, but now it solved that for response","You're welcome. Please do keep us posted for any further assistance, we will help you."
2540358,"No, it is not active so this link won't work. As previously stated, ""I cancelled BEFORE the trial was over."" Is there a number that works I can call??? Thanks!","Hey Tanisha, you can contact us via phone from here:"
2540391,Individuals buying from thru #dhl are facing a nightmare called KYC. How to destroy the desire to buy books in one easy step. And what makes corporates behave like a police state? Multiple relentless know your customering!,I understand your concern regarding the delivery of your books. Please fill out this form: and we'll look into this for you.
2542937,what the hell is this? Your system need some serious upgradation#OppoF3,I get your concern regarding the price. We’re continuously working to provide the best possible prices and prices do change from time to time. I will be sure to forward your feedback internally for a review. Appreciate your understanding.
2543908,Just took the longest survey I have ever taken in life.,We really appreciate it. Customer feedback like yours is very important in helping us continue to improve our services.
2544893,Já está sendo e mais um cliente feliz! ❤️,"Adoramos ver clientes felizes, Bru! 😍 Abraço!"
2547068,Hey your delivery service has become worst. I need to terriblely call you to please deliver my order :(,Apologies for the trouble with your delivery. Orders are mapped for delivery based on the estimates. Did we happen to miss on it?
2549468,"2 months in a row, poor support and again i am here to complaint on social media. Deleting my account and subscription for sure.",I'm sorry for any inconvenience. A little more context on the issue would help us assist you. Do keep us posted.
2550246,"Still no delivery and still says it was scheduled for Oct 29. Also, hammering drill bits did not work. Going to try tape, or maybe glue!",Oh no! Please get in touch with us here: & we'll look into this for you.
2550268,So what in returns of mental stress and all late delivery of product #discount,Sorry for the hassle. As mentioned earlier we do not have any compensation policy. Appreciate your understanding.
2550273,Order # 408-0820270-6845160 stuck at fulfillment cntr for last 4 days. Absolutely no hlp frm yr customer care. Pls take a look,"Please don't provide your order details, we consider it to be personal information. Our page is visible to the public.(2/2)"
2551335,Will echo dot be in special packaging in India for invited customers ?,The product will arrive to you in the standard Amazon packaging.
2553819,En esta oficina todo se resuelve buscando en,¡Hola! Nos encanta hacer tu vida más fácil 🤗 esperamos que encuentres todo lo que necesitas 😁🎥
2553895,do you no longer get free grocery delivery for prime members? Mine isn’t showing it. Now £3.99. My order is over £20,Free delivery is currently available for orders of £40 or more. We have more information about delivery rates listed here:
2555134,Still electronic information sent to shipper. Can you explain why my packages still haven’t been picked up by Canada post when I got my ship email Tuesday? I could have had it today gor release date if you had honestly shipped my packages,"While not common, delays can occur due to unforeseen circumstances. When this happens, we try to get the item to you as quickly as those circumstances will allow. Please keep us updated on this delivery, and let us know if it is not received by your revised date."
2555150,This is with regards to order # 407-3639445-9665967. Been a week since my scheduled delivery. Product is in chennai but yet to receive any kind of update on the delivery.,"Our apologies for the delayed delivery. Did you happen to report this to us, here: Also, please don’t provide your details as we consider them to be personal information. Our Twitter page is visible to public."
2558547,"pretty appalled to come home to 2 parcels in full view outside front door, especially as A. One contained 3 bottles of spirits and B. Upon checking my account apparently I signed for it - i was at the dentist at the time of delivery.",I'm so sorry for the trouble with your order! We'd like to take a closer look at this with you. Please contact us here:
2558595,"Hi Amazon, Order id # 405-7742295-7390718. I raised request for above order id around 25 days back at Amazon as well as BPL brand also. But Still I didn't get any call from Amazon and BPL. Is the service Amazon provide to customers. It's not fair and worst service.","My apologies for the inconvenience caused with the order, Chandrakanth. We have sent you an email with the best possible solution. Please reply to the email for more information and clarifications on this. 1/2"
2562096,I made a purchase last week in of 8 products and only 4 arrived in the box... The tape they used to seal the box is different and does not have logos. what I can do? ORDER # 111-1124511-7913803,"Hello Jorge, sorry that you have not yet received all of your products. As we cannot view order information via Twitter, could you let us know what is the status of your order? Your order status can be found here:"
2562151,That feeling when the delivery driver has his two kids bring the packages to your door. :/,"Hi! Our team would like to ensure this is addressed. If you could please provide some details about your delivery experience today at the following link, we'd appreciate it:"
2562268,Last time I order from as they think this is an ok place to leave my parcel!!! 😡,I'm sorry for the poor experience. Please contact us here: so we can get this addressed.
2565602,"My system language is english, chrome is in english, yet the wishlist tool wants to use german:",Thank you very much for your feedback - I will forward it. Regards
2565606,Mil gracias por el dato. 😘,¡Con todo gusto Noemí! En caso de cualquier otra consulta quedamos completamente a tu disposición 😀✨ ¡Saludos!
2565627,"So claim my packages were delivered to the resident at my address. They weren't, and none of the neighbours appear to have them. Credit where due, Amazons refunds are on point, but where on earth did they get to?","We hate that you've had this experience with us, Tim! We'd like to look into this in more detail with you. When you have the chance, please reach out to us here: so we can investigate this issue."
2566962,"And we wonder why more people in Nashville don't bike to work. Thanks to , , , , and Earth Savers LLC for turning my commute into a deadly obstacle course.",I'm sorry this happened! Please contact us directly here so that one of my teammates can look into this for you:
2566991,any chance of suits season 7???? #SuitsSeason7,We will continue to add new content. Keep checking where we highlight the latest movies and TV shows we have available.
2566994,awaiting an order on prime says out for delivery need it for tomorrow and now had email saying item delayed! What am I paying prime for ?!,"Hey Lauren! Oh no, we'd love to help if we can! Please reach out to us via phone or chat here:"
2568071,What a solution to the problem. U need 3 more days to ship my package frm mumbai warehouse to thane. Even snails are faster than ur delivery,You must have received a correspondence from us on this. Please find it here: (1/2)
2569178,"Egal was ist, man sollte seine Partner nicht aufs tiefste beleidigen, vor allem weil Firmen doch recht schnell rechtlich was machen","Danke Carste :) Und ja, wir lesen durchaus mit ;)"
2569191,"perdi o meu primeiro kindle, agora que comprei outro pensei que os arquivos poderiam ser resgatados, por ser a mesma conta","Olá! Pode sim, somente tem que registrar o seu novo Kindle na sua conta e enviar os eBooks (1/2)"
2570103,Cmon delivery 📦 at least put this on porch #delivery #fail,"I'm sorry for the difficulty with the delivery, Michael. What does the order say who the carrier is:"
2573769,Me prélever 2 brosses à dents électriques que j’ai même pas commander ni reçue ça va vous avez pas du mal à y arriver vous #Voleurs,"Bonsoir, je suis désolé pour le désagrément causé :\ Ces commandes apparaissent-elles sur votre compte Amazon ?"
2575178,AMAZON CHARGED ME $50 FOR PRIME THAT I DIDNT SIGN UP FOR UM BITCH,I'm sorry you were charged unexpectedly! You can cancel the Prime Membership here:
2578423,"Hola, buenas noches! No, no ha llegado ningun mail ni notificación ni nada. Y tampoco he contactado con el transportista.","Entiendo, te recomendamos contactar directamente al transportista encargado de la entrega de tu paquete. En el siguiente enlace encontrás toda la información: En caso de no recibir respuesta, mantennos informados."
2578458,"I understand, but that is hardly unlimited, is it?","Can it be, that you mix that up? We have Prime Video and Music Unlimited. In the Czech Republic, you can access Prime Video via Or what exactly do you mean?"
2580434,"I'm still waiting for Amazon to ship it. I preordered it, it was supposed to arrive tomorrow 😭 This whole mess in Puerto Rico might mean I won't get my copy until December.","Hi Alexander! I'm sorry to hear you're still waiting for your copy. Have you received a shipping confirmation email yet? Please confirm here: If so, when is the book scheduled to arrive?"
2580499,it appears you’ve charged me twice for the same item. What do I do? (UK customer),"Do not fear! Amazon places an authorisation hold on the item total before actually charging it to your card. Sometimes you're charged before your bank has cleared the authorisation, but it will fall off naturally within your bank policies."
2581894,"siii! ya estaba horrible la que traía, ya no daré pena ajena en el gym jaja :)","Y cuéntanos, ¿ya estrenaste la maleta? ¿Te ha gustado? Vas a ser la envidia del gym 💪✨"
2581914,"Hey guys, i need help. I went to a job fair and they took me photo for my profile and sent me an offer for the wrong city. I applied to brampton and not milton, so i had to decline the milton one, but now my brampton one says i took a different offer.",Hi there! Thanks for reaching out. Please reach out to us via e-mail at __email__ or contact us by chat using this link:
2583031,Hi. I have accidentally ordered something to a previous address and it has been dispatched. I have requested a cancellation. Is it possible to reroute?,"I'm sorry it has already shipped. We'd like to look into this with you. At your convenience, please reach us via phone or chat:"
2584284,signed up for prime. Week later phone case and hat still not here. Still owe me $80 from my seller account. Amazon is a scam.,(2/2) Please contact us via phone here: so we may look further into your seller account as we're not able to view account details via Twitter.
2585550,The tracking number I was given for my Amazon order told me the order was 'out for delivery' two days in a row but never delivered. Suuuup with that!!?,I'm sorry your order hasn't arrived! We would like to look at this order with you so please reach us here:
2587371,"FFS. Another late package. This is ridiculous. I don't want a month's Prime extension, I want you to fix your broken logistics.","I'm very sorry about the late delivery! We'd like to help! When you can, please reach out here:"
2588307,"hi, why has my order’s arrival been delayed by “a day or two”?",We don't have direct access to your account to check the order details! You can reach us here:
2588658,i'm in a chat now with an amazon colleague,Oh good! Please let us know how the chat goes!
2589696,El gilipollas del repartidor de acaba de forzar el buzón para meter el envío de y se lo ha cargado 😠,Hola Alberto. Lamentamos mucho lo sucedido. Puedes reportar el incidente con nuestros compañeros de Servicio al Cliente.
2590129,enhorabuena por vuestra Atención al Cliente. Espero que pronto dejéis de contar con como proveedor,"Hola Jaime, nos alegra tu buena experiencia con nuestro SAC. En el momento, ¿tienes un pedido pendiente de entrega?"
2590170,No error message. I keep tapping on it,Can you please try the troubleshooting steps found here:
2590182,"since getting your own delivery service, delivery has been very unreliable. ""out for delivery, arrive by 8"".... ""Nevermind, let us know of you don't receive it by Sunday."" needed it for tomorrow!",I'm sorry for the frustration! This isn't the expectation we've set. Can you please confirm the carrier and the intended delivery date. You can find this information here:
2590683,my items that I paid next day delivery for have not came!!!! It says they have been handed to customer!! HELP NEED FOR TOMORROW,I'm so sorry for the experience. We'd like to look into some available options with you here:
2594309,I am calling on 180030009009 but I am unable to reach customer care executive. Call ended after selecting option 2 for query about product. Why?,That's odd!! Apologies for the trouble. Kindly reach out to our support team alternatively via chat or email through the link provided earlier & we'll have this checked.
2594352,thanks for the update. Guess I'm still on the hook for the full shipping fee even when it arrives late? #SecondClass #NotPrime,I'm sorry for the inconvenience! Please reach out to us directly via phone/chat here: so we can take a look at the shipping costs.
2595407,this is happening way to much,"I'm so sorry for the delay! Is this been happening with the same carrier? And were you able to report the previous late order to us directly? If so, what option what provided to you? Let us know!"
2596400,I'm fade up with your answer. One month is over but nothing has done. Just tell me would you refund my amount or not. I just want to know..,Our team has sent a correspondence to your registered email address. Please check it here:
2597638,Je suis déjà en relation avec quelqu’un. Merci.,Très bien. Nous restons à disposition en cas de besoin.
2597883,", I had delivered an incorrect Box for my order (#406-0293843-4945979) yesterday. Possibly wrong labeling. Delivery staff and his peers were unable to help on this. No response on your call center also. Pls look into it.",as we consider it to be personal information. Our page is visible to public. 2/2
2597922,Yes i shared all the details,"Thank you for the heads up, Taher. We'll work on it and get back with an update. Appreciate your patience and understanding in this regard."
2599094,This was a US account.,Thanks for the information! You can contact us at the following link for further assistance:
2601445,Il n'y pas de date,Avez-vous signalé cet incident à notre service client s'il vous plaît?
2602178,r u #playing the fool with me ? I have not #received any #mail. Where d #hell is my #package? Respect the #prime #customers first #Amazonprimescam,Please share your details as requested here: and we'll reach out to you with an update.
2602214,Yeah there is no dispatch date there. Just one day delivery due Moday.,One day delivery is from when it is dispatched. Here's more information:
2602282,esto significa que me llega mañana cuando pedi el envio en un dia?,"¡Hola Jorge! En el envío a 1 día, la entrega se hace un día laborable después de que el pedido sale de nuestras instalaciones. Puedes revisar más información al respecto en el siguiente link:"
2602921,calice de fogo provavelmente chegará aqui em casa amanha ou terça te amo,"Oi!🤗 Aeeeeee, que emoção!😱 Você adora mesmo o Harry Potter, né?🤓⚡️🦉"
2602958,Sold by Amazon LLC.,"Thank you for the link, Fred! Amazon works with manufacturers to box products in Certified Frustration-Free Packaging, which reduces the overall amount of materials used. You can read more here: Let us know if you have further questions!"
2603052,why can I still not tell my echoes or shows I’m in Australia? What’s the weather “in sydney” is annoying :(,"Hey, you can find more info about updating a location on your Echo device here:"
2603086,Oui c'est bon jme suis rendu compte de l'erreur et vous ai expédié le mail comme convenu screenshot + mail originale transféré.,"Parfait, merci pour votre réactivité."
2603118,this is disappointing. I returned an item some two weeks ago and all you are saying is you received some baby pants instead of the correct item. Is it my fault that you sent such unworthy people to collect our return items? Disappointed.My last purchase from Amazon,"Apologies, please fill this form: and we'll get back to you soon. Please don't provide your order details, as we consider it to be personal information. Our Twitter page is public."
2603150,what has happened to the days when #prime meant next day?,"Hi, are your currently waiting on an order?"
2604185,Just says when my delivery is due and dates been changed to yesterday and still no delivery,"Hi, sorry to hear about the issue with your delivery. If you get in touch we'll take a look into this for you."
2604868,Your customer service person said that your courier would ring me up to address my query. That hasn't happened. Please could you have them call me?,"Sorry for the stretch, Suhit. We'll certainly look into this and help you. Kindly share your details here: and we'll contact you soon."
2605715,Its all been Prime Now. So much for convenience.,Sorry to hear of this experience! Have you had the chance to address this via phone/chat with us?
2605732,"Le problème est que selon Apple, le produit date du 11 janvier 2016, et je ne peut donc pas faire fonctionner la garantie",Si vous avez acheté l'article neuf il doit être toujours sous garantie Avez-vous signalé cela à notre SAV ?
2608079,4-6pm delivery slot. Still waiting at 6.30pm.,I'm very sorry for this wait. Please let us take a look into this so we can go over options:
2608115,and it's in the same city as me. 3/3,I'm sorry for the delay. Our team would like to review this for you. Please provide your info here:
2609298,"Great, thank you just really looking forward to get my order soon :)",Of course! We are always here to help!
2609363,"J'ai 27€ de ""Achat CB de débiter hier qui ne correspondent à rien. Je n'ai rien acheté, j'ai pas de compte Premium. Oh la flemme des trucs comme ça.","Bonjour, j'en suis sincèrement désolé. N'ayant pas accès à votre compte, le mieux serait de contacter notre SAV afin de vérifier ce débit pour vous."
2609982,Is this a genuine msg from your side ?,The offer is not from Amazon. All the offers and promotions are listed on our app or website. Please go to our app or website for any offers or promotions.
2610682,mon chat vous remercie 😁,"Je craque LITTERALEMENT 😍😍 Il est super beau votre chat, en plus il a l'air d'aimer nos cartons 😄 Etait-ce un cadeau pour lui ?"
2610745,Please refund my next day delivery fee.,Please get in touch with us by using the following link so we can look further into this with you Declan
2611530,"Update. Le 17, toujours rien...",Je suis vraiment désolée par rapport à cela😓 Votre dossier est-il actuellement pris en charge par notre SAV?
2611572,"is full of shite, Sumit told me that my order will be delivered today, now some Odwa doll is saying it won't be dispatched until tomorrow. #PokemonUltraSun #Pokemon #FuckYouIndia","Hey, where did you receive the update that your order won't be dispatched until tomorrow?"
2611614,"Es vergonzoso que no de soporte inmediato a robos de cuentas. He tenido que cancelar mi tarjeta de debito, si, en fin de semana. 24h para que el soporte técnico se ponga en contacto conmigo. El telefono de atencion al cliente lo he conseguido en otra web","Hola J, lamentamos mucho este inconveniente. Por favor contactános a través de este enlace: ."
2611650,Cool thanks!! It's just he got an email with a receipt date of today telling him the price had gone up to £169 and when he went to cancel from that it asked for loads of details. Email address says it's Amazon too so really believable,"Hey Bryony, that doesn't sound like a legitimate email! You can report these phishing emails to us:"
2612232,As far as I’m aware it was. I was also charged for it yesterday and it states in your release date delivery t&cs that you get charged on day of dispatch further leading me to believe it would arrive today.,Please get in touch with on here Jimi so that we csn look further into this for you
2613190,Batterie reçue ! Merci tjs efficace 😃 Elle est plus petite que je ne pensais c'est parfait déçue de l'absence de câble USB-c par contre tant pis !,Je suis ravie pour vous 🙂 Est-ce que le câble était compris dans l'ensemble ?
2613315,"Okay, I see it on the computer now.. But can it fixed so we can access it on the mobile site and app please?",Glad to hear you can access it now. Are you getting an error when you try to access the Top 100 on the mobile site or app?
2615084,"hello, any treason why my pre ordered game will not arrive the day of it's release??","We cannot check your account here. There are several things that could delay it. Without personal info, have you received an email regarding your order?"
2615191,I have ordered some products on 1 Nov but it has not been delivered yet. Customer care ask for cancel the order but what about the product which I need.poor service. Mob:8840437170,"I apologize for the inconvenience, Vishal. Please share your details here: and we’ll check this out for you. Also, please don't provide your account details, as we consider it to be personal information. Our Twitter page is public. ​"
2616319,"outrageous , I payed for next day delivery and I expect you to be able to carry out that demand. Because of your failure to do so I want a full refund of the delivery ASAP !!!!!!😡😡😡","So sorry to hear about this, Brooke! Just to clarify, has your order shipped or is it still preparing to ship? Next Day Shipping refers to transit time once item ships. You can check for the current status of your order here:"
2617310,"There. Is. No. Email. When I ordered, it stated 2 Days. I looked at my order history and the new delivery dates are later in the week. I am telling you that there has been no notifications. I will be emailing amazon directly as this conversation has lead me nowhere.",I understand your frustration with this issue and am sorry. We truly want to help. Would you please let us know who the carrier is for the orders you haven't yet received? The information can be found here:
2618108,if I am having issues with receiving an order being delivered how do I go about resolving this?,"We'd be glad to assist you with this, Toni! Without posting personal account information, tell us more about your situation."
2618117,"Non je viens juste de m'en apercevoir, de quelle manière puis-je avoir un retour rapide svp? C'était un cadeau à offrir aujourd’hui donc j'espère qu'il y a une bonne raison!! :)",Veuillez donc contacter le SAV par téléphone via ce lien : Vous pouvez demander un rappel téléphonique afin de vérifier cela pour vous.
2618124,"If you see the screenshot attached, you will realise that the delivery date was 1Nov and the it changed to 4Nov then to 6Nov and then 10Nov then 17Nov and now it is 23Nov. I expect it to receive before overtakes you in business. Thank You.",Kindly share your details here: and I'll look into this.
2618157,can I pay prime monthly some months & not others or is it for the year & can't cancel & reactivate want to use it this mth,"Hello, yes you can pay month by month if you'd like. Auto renew would have to be turned off to ensure the membership doesn't activate automatically for the next month. More info can be found here:"
2618166,"Dis moi , on fait comment quand il manque un produit dans le colis mais qu'il est sur le BL?",Il suffit de contacter notre SAV pour signaler cela afin Afin que notre service client puisse faire des recherches à ce sujet.
2619623,Why you are keeping products online if you can't deliver? And why are you taking payment,Looks like you had a bad experience with us. We'd like to have a closer look. May I know if you reported your query to our support team here:
2621115,rompe todas las teorías de conspiración acerca de #ElBuenFin Sin duda mi lugar favorito para comprar :),"Es casi imposible resistirse, Miguel. ¿Ya has hecho alguna compra? 🤗"
2622441,No me funciona el cupon BUENFIN2017 en tengo tarjeta banamex y el articulo es vendido por Amazon México y vale mas de 2500. Segun,Hola. ¿Haz verificado si la compra que quieres realizar cumple con todos los terminos y condiciones para aplicar el código de promoción?
2622458,any early deals on echo dot?,You can see the current list of deals here: I hope this helps!
2622458,"Thanks, keep seeing listings for the Echo Dot to be on sale for $29.99.",I would recommend to keep checking the link provided by . This will show the latest deals for all of our Echo devices. Let us know if we can assist further!
2623951,Hey I've been waiting since Wednesday for delivery of a voucher for present- help!,"I'm sorry for the wait! Please, reach us via phone so we can investigate this matter further:"
2623951,"That's really unhelpful , I can't register the problem via your website pls dm me for direct contact, thanks",We can't access your account via Twitter. For the fastest resolution please reach out to us at the link above
2624875,"Cust service just says ""will be delivered tomorrow"" FOR 3 DAYS IN A ROW",I'm sorry for the frustration! Have we missed the delivery date provided at checkout? Or have you received a new delivery date?
2625322,"On the way, arriving 30/10-1/11. Not what it said earlier!","To clarify, what's the delivery date shown in your order confirmation e-mail here:"
2626997,Amazon logistics is getting worse and worse. Delay shipment three times in a row for one order.,I'm so sorry for the delay! Please provide our team with your details here: so we can investigate!
2627608,Simplement que le livreur est passé à 14h et que j’y étais pas (alors qu’à cette heure ci j’étais devant ma boîte aux lettres justement). Livreur de chez TNT. Je n’ai eu aucun retour j’ai dû les appeler,Je comprends la situation. Avez-vous signalé cela à notre service client s'il vous plait ?
2628940,I ordered a Fossil smart watch for which #AmazonIN promised delivery on 17 Nov. But now they are felling sorry. #falsecompany,Apologies for the inconvenience. We'd like to make this right for you. Please drop your details here: and we'll contact you at the earliest.
2630072,Support has since refused to reply to my message and will not answer my question. Which is ridiculous and a huge waste of my time.,Thanks for the information. Please send us your details here so our Social Media team can look into this issue:
2630088,"Hey Guys ! i have a quarry reg iphone8+, it's mention that 8k CB in city card. I wanna know even if i don't wanna enroll jio offer will CB still applicable ?",Could you please help us with the product link so that we can review it and help you with the complete information.
2630113,just about to order but pricing is confused. How come bundle price is £165 but total is showing as £198 🤔,"I'm so sorry the bundle price is not appearing correctly upon checkout! Please reach out to us here via phone or chat, so we can look into this further for you."
2632947,Yes. I'm a seller.,Request you to please contact our seller support team here: and we'll look into this.
2633009,Sorry sir but I cancelled my order i was disappointed. It was #HeartBroken moment for me. I didn't get a sleep because of excitement and my whole was ruined. I even dropped idea of buying a new phone. Sorry Sir but emotions and dreams are crushed!,I am sorry for the inconvenience caused with your order. I'll share your comments with our internal teams for review and to improve our services.
2633981,"I've had two terrible customer service experiences today. I spoke to a supervisor on 2nd call & specifically asked if I'd receive the usual ""did we resolve your issue"" email because I did not after the first call. She said yes. NO e-mail. What gives?!",I'm sorry for the poor experiences today. Have you checked your Amazon Message Center to see if the e-mails are showing up there:
2634092,what has happened to one day delivery?? This is three days away!,"FREE One-Day Delivery refers to transit time, in business days, once your order has been dispatched. Some orders require additional processing and handling. To see more about delivery specifics:"
2634133,it was originally expected by oct 27 but then it changed to nov 2,Thank you for confirming. Will you confirm if your order was fulfilled by us or a third-party seller on the site? That information will also be listed in your order details.
2634143,and return shipping cost is 3.5 eur?,"It's € 3.50 if you return it within Germany and only if the article is cheaper than EUR 40,--. The price for a Kindle might have been more. Here are some more informations in English:"
2634819,"Well, they did. But at the same time I was getting contradicting answers from your staff. Some of them told me my delivery was missorted by the carrier and will never be delivered. That makes sense because the carrier DHLPL says they do not have it.","I am sorry this is happening! When you have a moment, please reach out to us here so that we can have a specilaist take a look into this for you:"
2636877,"is becoming an inconvenience now. Orders always arriving late, and this latest order my package was lost. I paid for faster shipping and to be delivered by the 14th. My order has not came in yet and after contacting it looks like my is lost.","I'm so sorry about your recent issues with orders being late. With your order in question, have there been any updates on the tracking since it was due to be delivered?"
2636897,"I received a $15 promotional credit for purchasing gift cards, but I cannot figure out how to apply it. I received an email confirming this, but when I click the link to learn more about it, I am directed to the below screen. Can I get some help with this?",Sorry you are having trouble. It will be automatically applied as long as the item is shipped and sold by Amazon. Here's a link that may also help:
2638427,"esse prazo conta de quando? comprei em 11/10, na pré-venda, e a previsão que deram era de chegar essa semana agora","O prazo é desde a data de lançamento. Qualquer novidade sobre o produto, você vai receber um e-mail com essas informações."
2638449,of course. that is the lowest setting before backlight turns off,We would value your feedback regarding this if you'd like to leave it with us. Please reach out to us here: __email__
2640930,can you help me with something?,"We'd like to help, if possible. Please let us know what's going on."
2641719,my order was supposed to arrive tmrw but Purolator has informed me amazon didn't deliver it yet and still has to fly from BC-ON,I'm sorry for the late delivery! Please reach out so we can look into this and review options:
2641732,You guys said have to send a report for my account. Yes changed it couples times and said pw incorrect. So I cant login in when change pw.,We'd like to have our Account Specialists look into this! Please visit us here:
2643354,Your email is not solving my issue since last 14 days. Two reverts with standard templates. No one looked into pics i shared.,We will check and shall reach out to you again on this. 2/2
2643609,"Hi Team, i placed return of product for my order on 27 oct. But no response till now.","I'm sorry that the return product is not picked up from your location yet, kindly reach out to us 1/2"
2643646,I rejected a package which has a cheap quality product it has been 3 days & I didn't even got a text msg or mail regarding my refund,I apologize for your frustration. You can check the status of your refund here:
2643961,"disculpen, creo que no hay película en la cual no se desfasen los subtítulos, chequen eso porfa 🙏","Hola, Abraham. Por favor, reporta el inconveniente a nuestro Servicio al Cliente:"
2644153,"#onlineshopping is #risky, returned laptop Order No: 408-8703393-1729167. Lost both - money and laptop. #amazon can not track","here: & we'll get this sorted for you. Also, please don't provide (2/3)"
2644416,"got this today. 🤔 Level w/me, am I croooked? I’m trying not to get twisted but it feels like something is warped.",I'm sorry your item isn't what you were expecting. You can view your return options here:
2644422,The new app keeps force closing while I’m reading ’s #RemindingAvery. I don’t need this negativity in my life.,I'm sorry for the frustration. Have you tried to uninstall and reinstall the app? What type of device are you using?
2644751,Docket no965825590 Gati drama repeated with each and every order but amazon still preferred gati ...,"Please don't provide your order details, as we consider them to be personal info. Our page is visible to the public. 2/2"
2644996,Found a typo on your app. 🤔. Just thought you'd like to know. 😁,Thank you for bringing this to our attention. I've escalated it to the proper team so it can be addressed.
2652273,when i got my cashback. i ordered through by amazon pay balance.,"Sorry to know you're having trouble with cash back, kindly connect with us here: We'll look into it."
2652276,"Dear team, I am following you from last 5 days regarding wrong cash back against the amount committed by your team. This is very disappointed and shameful","Apologies for the stretch. If you've replied to the correspondence sent by us, you should've received an update from us. Kindly check here: . Do keep us posted."
2652368,Is ₹2500 a easy money for you? It's been 2 days and no resolution has been taken yet. I would never recommend to any of my friends and relatives anymore.Just take this used product back and send me a replacement and I would never ever come back to Amazon.,"I get your upset as it is taking more than the expected time. However, our team is right on the issue and be assured that we will get this fixed at the earliest. Appreciate your patience."
2662697,please REPLYY DAMN DISAPPOINTED WHY D HELL YOU USE ?? Worst service,We'd like to help you with the status of your order. Please contact us here: and we'll help you.
2662722,can some1 from customer care get in touch with me since last 15min getting msg we were unable to find ur order 8839302762 asap pls,Please get in touch with our support team here: for further assistance.
2663196,I'm a prime member from India. Could you please let me know when Prime Music will be launched for prime users?,"Amazon Prime Music will be available to Indian Prime Members exclusively on echo devices starting 10/31/17 and in near future would be available across other devices & operating systems including Android, IOS, Fire TV , PC etc. Kindly stay tuned."
2663317,"That's not cool this was supposed to be a gift for my brother on 22nd nov, the replace would take atleat 4-5 days now.","I realize this is a gift order for a special occasion, and I'm so sorry about the inconvenience. Kindly report this to our support team here: and we'll assist you in the best way possible."
2663562,pathetic service. Goods are returned to seller without an attempt being made to deliver. Poor customer service,I'm sorry to hear about your order. Have you reported this to our support team here: ?
2663813,"Comprei meus livríneos sexta à noite e já chegaram, obrigada 🖤","Nossa Ana! Ficamos felizes demais!😀 Me diga, que livros você comprou?🙃"
2664064,"""Earth's Most Customer-Centric Company"" ....Jemanden zu zwingen sich eine Kreditkarte zuzulegen ist also kundenorientiert?!","Wo wirst du denn gezwungen? Wir weisen nur mit Werbung auf die Kreditkarte hin. Wenn sie nicht möchtest, musst du sie natürlich nicht bestellen. Liebe Grüße"
2664438,something tells me two days from now isn’t in December 🤔,Currently this item is out of stock. The item page states that it usually ships within 1 to 3 weeks. Let us know if it doesn't arrive by the estimated delivery date!
2664631,It has now happened twice that I have not received any call and this email comes? Are you guys for serious?,help you. Please don’t provide your order/account details as our Twitter page is visible to the public. 2/2
2666802,THE COMMUNICATION YOU HAVE SENT IS VACUOUS AND HAS NO MEANING. BE FOCUSED ON SOLVING THE PROBLEM. NOT BULL SHITITNG ME AROUND AND WASTING MY TIME AND YOURS !!! 😠😠😠,"As this is a social media platform, we can't view your account details. Please reply to the email you have received from our team and we will assist you further."
2666867,"moradabad is 25 km away from my address, than y r u taking that my time to deliver.","Also, please don’t provide your account details as we consider them to be personal information. Our Twitter page is visible to public. 2/2"
2667313,Pedí un libro de texto con envío exprés el 28 de octubre y ni siquiera tengo una fecha estimada,¿Este pedido es vendido directamente por Amazon o por un vendedor externo?
2667913,"Since f*cked up my last order, I do think that I will ever use them again. On top of that the customer service that I received about the order was subpar. Never again. Nope. Uh-uh.","Hello, I am sorry to hear this. Without discussing personal account details can you share with us what has occurred. We would like to help if possible"
2667959,¿Y que reporto? No hay una sola categoría que funcione bien.,"Bino, puedes escoger la categoría que más se acerque a lo que indicas y al hablar con nuestros compañeros de Soporte al Cliente informar con más detalles el inconveniente."
2668712,"I cannot connect to my account on my #EchoDot. There is no icon when I go to Settings>Music, Video, Books.",I get your concern. Kindly get in touch with our support team here: so that we can assist you accordingly.
2670063,can you tell us why we brought 2 tickets only to get an email saying there was a problem with our order 5 mins later?,Hi Samantha. Did the email explain further what caused the issue?
2670695,"Oh, seit wann bietet denn so beworbene Ratenzahlung an? #ecommerce #nextlevel","Schon eine Weile, aber nur für Amazon-Geräte. Hier kannst du prüfen, ob du dafür berechtigt bist: Liebe Grüße"
2670722,"most disappointed! “Used 2 b” ur largest promoter, No more!",I understand your disappointment. Could you please let us know what went wrong? We'll be happy to help you.
2671392,"The package that was supposed to be delivered on the 14th but never showed up, so we cancelled the order, suddenly turned up today",it checked and help you with the information. 2/2
2671398,Can you sync the delivery of related products?,We ship the packages to meet the estimates provided while placing the order. Did we happen to miss it?
2671568,"Purchased a Vaseline With ₹38 With A Mrp of ₹35 , These are Unethical Practices.",Pricing and offers are decision of the sellers. The constantly changing marketplace1/2
2671605,3/n wish gets back into client delight mode! Because I just love this company! I want it to always succeed.,It's never our intention to let you down. Your delight still remains our prime motivation. (1/2)
2671625,"That is correct, when you flick the switch to boil the water the switch doesn't stick down. Therefore it won't boil the water.",Please get in touch with us here: and we'll investigate this for you.
2671805,"Mahlzeit, welcher Erscheinungstag ist denn nun der richtige beim Transfomers 5 Blu-ray Steelbook? (Saturn 2.11.) bei Euch 28.12.","Hi, ich lasse das gerne mal prüfen, ggf. handelt es sich um einen Platzhalter. Wir melden uns nochmal hier! Gruß"
2672286,pls call me it’s urgent .......,Could you please tell us what went wrong Akash? 1/2
2672314,"Well, 5 times your team has come back with the same response that “check with ur family”. I am tired of saying our house was locked dat day",I understand your concern for the order. Could you please confirm sharing your details through the secured link 1/2
2676421,no cost emi during Diwali turned out to pay me whole amount in my current bill cycle. Very frustrating,"However, the banks issuing the credit cards reserve the right to charge GST or other applicable taxes on the purchase.(2/2)"
2677337,it’s okay now! I rang up and they are working to get it refunded as it said it wouldn’t be here till tomorrow,Thanks for keeping us posted! I'm glad to hear we were able to get a resolution going straight away! 😊
2677387,"pero me dicen que no, es un disfraz para hoy para mi hija....que hago???","Comprendo tu molestia, Cloti. ¿Has intentado hablar con sobre esta situación?"
2678824,I didn't received my package but in app it showing package was delivered,Please don’t provide your details as we consider them to be personal information. Our Twitter page is visible to public.
2679216,além da do dia da compra? NÃO!,"Qual é a última atualização no número de rastreamento do pedido, Rosa?"
2679232,Deadass if I don’t get my damn copy of Mario Odyssey. You lied to me,"Has your order missed the estimated delivery date: If so, contact us:"
2679493,I buzzed you in but apparently you couldn't be bothered to get the lift up to the 3rd floor...astounding customer service...,Sorry to hear that. Get in touch here: and we'll be happy to help.
2680326,"Me: Alexa, what's up? Echo: Today, blah, blah, blah.... 5 mins later... Echo: The weight of the Earth is ..... Uh, ok. Thanks. ¯\_(ツ)_/¯",Alexa: Now with random science trivia! Impress your friends! Fun for all ages! 😋
2680355,not impressed with your delivery. My next day delivery order was late and now the app says it’s been delivered but hasn’t been?,We have troubleshooting steps that might help find your delivered parcel. You can find them here:
2680366,"awful time with deliveries. Couriers not bothering. Am prime member, spend thousands each year. Terrible experience since moving",I'm sorry for the trouble. Could you tell us what seems to be going on? We'd love to help you out!
2680814,I haven't received any mail. Could you please send again,I'm afraid we won't be able to gain access to your account over Twitter. You've received an email from (1/2)
2682654,What the hell is this Never received this and App shows this is delivered Wrost customer service,"I'm sorry about the conflicting tracking update. Kindly share your details here: and we'll check. Also, please don't provide your order details, as we consider them to be personal information. Our page is visible to the public."
2683476,"Weird. So isn't showing me the actual tracking numbers for my orders. Amazon's tracking never has all the details, so that's going to suck if this is permanent.","Hello there, where are you trying to view your order and tracking information? The app or the website?"
2683599,why is my thing not yet dispatched even know I bought it yesterday with one day delivery??????,I'm sorry for the wait. Please contact us by phone/chat here: so we can look into this further with you.
2683603,Rather than filling the forms give me contact details for the delivery agency entrusted for my order. Order number 406-6827809-0552336. I so wish the laws like USA were made applicable here too. The word GUARANTEE DOESNT SUITS AMAZON AS IT IS MAKING MOKERY OF US INDIANS.,"I get your disappointment. However, we wouldn't be able to access your account over Twitter. Request you to share the details in the link provided earlier, we'll look into this and reach out to you soon. (1/2)"
2683621,Thanks for messing up Christmas gifts!!,Oh no! Could you provide a little more insight on the situation? We're here to help!
2683626,Purchased a product on your site and seller sent wrong one. He keeps asking for photograph but can't find where to attach.,You can attach a photo through the Buyer-Seller Messaging Service! You can find more information here:
2683634,It was out for delivery yesterday. And yes. It was to be delivered yesterday. Now says delayed!,So sorry for your delayed package! If you need further assistance or more information please contact us here: when you have a free moment. Thank you
2684248,Acho que vou testar esse .,"Opa 🤗 Tomara que você curta muito do serviço, Yuri!"
2685034,Danke für die schnelle Information. War sehr irritiert. Liebe Grüße zurück.,Bitteschön. Immer wieder gerne. :-)
2685113,I can't seem to access the contact information unless I sign and that's the problem i need resolving,Sorry about that! Please try this one:
2685370,"Llegó en tiempo y forma, gracias los amo 🙆👍👌","¡Qué emoción! 🤗 Cuéntanos Driss, ¿ya lo estrenaste?"
2690706,How long will it take to initiate the refund process?,"Usually it will take 3-5 business days for the refund to be reflected in your bank account, but as your issue is still not resolved, please share the details in the link provided to you above and we'll look into this for you."
2690740,Gotta love packaging. So green and not wasteful at all.,We're always looking for ways to improve. Please send us your packaging feedback here:
2697167,Day 5 of no access to acc. Email sent day 1. No reply. Phoned day 3. Promised update & call in 24h. Nothing. Service is a joke.,"I apologize for the ongoing account issue, David. We'd like to help if we can! Have you checked any junk or spam e-mail folders to ensure no communication was missed?"
2702043,why does it make me revise my payment method every fucking 12 hours on a product ive already paid for,"I'm sorry for the trouble you've experienced! We're here to help! So we can find the best way to assist, could you confirm which domain you're using to order? ( .co.uk, .de, etc.)"
2704141,"I added a new address to my account but when I try to edit an old wishlist with the newly added address it doesn't save to the wishlist, it defaults back to ""none"" for it. When I try an old address it saves but not the new one.",Thank you for reaching out today. I'm sorry for the inconvenience. We'd like to take a closer look into this for you. Please contact us via phone or chat:
2704157,"Holaaa!!! él es Matú, el gatito de mi novia , es muy feliz con las entregas de Amazon porque CAJAS ❤️","Noelle, ¡que bien por Matú, un gato preocupado por el medio ambiente y que te evita tener qué pensar en que vas a hacer con las cajas! Por cierto, se ve muy a gusto en su caja, seguro que es bien cómoda 🐱"
2704186,hi I've ordered smart bars from you as the ingredients state 2g carb per bar. On fact they are 22g carb per bar. Surely this is false advertising? Lucky I'm not diabetic.,"We'd like to take a look into this, Nicky. Where are you seeing the nutritional facts listed wrong? Please provide a link if possible."
2704931,your having a laugh. Look at this over packaging!,Wow! That is some serious over packaging! Leave us feedback that goes straight to the appropriate department using this:
2704940,"Yeah we’ve tried all of that, problem is still happening","Thanks for letting us know! Let's try some live troubleshooting with you via phone or chat, here:"
2705698,Is it possible to move my profile from #AmazonUS to #AmazonAus without need of creating new account ? Help much appreciated,You can use your same login credentials from to sign in to
2706735,"No, I was given them from work as rewards. They were new, unscratched cards. I can provide any info from them if you want/need?",Hey Amy! We are not able to research account information through Twitter. Please contact us here: we will gather information from the gift cards and identify the issue and help you get it resolved.
2709899,I have done all this but it still does not seem to work,"Thank you for letting us know! I appreciate your efforts. Please, reach out to us via phone so we can have a closer look into your account:"
2709927,has “lost” or delivered to some other random apartment resulting in my purchases going missing 4 times now in the last month. What the heck is going on??,"Hi Bryan. I'm sorry to hear about the trouble with your shipments! We'd like to help the best we can. Just to confirm, what's the most recent tracking information for your orders listed here:"
2710843,"No doorbell, no knock.. just left out on the porch and no skewing of location, zoom out and you see exactly where they are. #AMZL",I'm sorry for the troubling delivery experience! We'd like to look into this for you. Please provide your order details and a brief summary here:
2713163,se puede ver en Roku?,"Hola, Goose. Actualmente estos son los dispositivos compatibles:"
2713168,any idea.. I want to contact someone responsible. No one is giving proper response.,"Kindly share your details through the link provided earlier, we'll look into the issue and get back to you on this."
2715159,Is there a way to pay your #amazon card on the #app,Thanks for reaching out! You can learn more about how to make a payment regarding your Amazon Store Card here: I hope this helps!
2718440,Done that thrice sir! Please arrange a call back from someine who can solve this!,"In that case, please send us your details using the link here: and we'll look into this for you."
2719416,Used to think highly of your company before you mixed up my order,"Sorry to let you down, Rajdroh. Please report this to our support team here: and we'll get it checked for you."
2719421,can u find the status of order id 521682653808,"We wouldn't be able to access your Amazon account details on Twitter. Kindly contact us here: & we'll be glad to help you. Please don't provide your order details, we consider it to be personal information. Our page is visible to the public."
2720021,"No. However I called again and the issue has now been resolved, sort of. I had to re-order the item and get a refund for the first but after 10 years of shopping regularly with Amazon, I don't think I'll be using your service again.",Glad to hear it's resolved - sorry again about the issues
2720559,"Would quite like an sale on disabling the special offers on my Kindles. The adverts are annoying, but not quite £10 per device annoying. Hmm.",Hello Chris. You can unsubscribe from receiving special offers on your kindle by following the instructions on the following link:
2721676,"Nein, hab ich nicht. Warte ich eben auf das nächste Angebot. Danke!",Ok. Habe noch einen tollen Tag! Ganz liebe Grüße
2721743,"How to get prime member like quicker deliveries? Place your order on cash on delivery! For prepaid order, with Prime or without, they have collaboration with !",Hey JItesh! Did you have any concern unaddressed regarding the delivery of your order? Please let us know so we can assist you accordingly.
2722142,AMZL US. I assumed the map was only for your own drivers.,"Our team would like to ensure this is addressed! Please provide information about this delivery at the following link, along with other requested info:"
2722146,Mine was through AMZL and my roommate’s was through a courier I believe - she ordered thru PrimeNow,"Thank you for checking for us. When you called, what options and insight were given to you? Were we able to schedule a re-delivery for you?"
2722153,What’s more fun than a sick baby? When someone steals your diaper delivery.,"Oh no! Terribly sorry about those diapers, Heidi! Let's see what options we have for you here:"
2722389,Just had phonecall from driver who’s lost. Went to gate. Then text arrived. Unable to deliver because the address is invalid.,Sorry to hear this! I'd like to have a member of our team look into this. Please click here:
2722389,"I’ve now cancelled I think 9 orders, I’ll start again- in a few days when I’m not so utterly frustrated. This happens repeatedly.","When you spoke to customer service, were they able provide you any options?"
2722602,can i get some help with my amazon account please,"Hi Casey, We'd be happy to help. Without sharing any personal/account info please let us know what the problem is?"
2722694,"My online shopping gave me a new experience, bought this HDD of 500 GB through , got a mismatch, complained them to replace it, to my surprise those guys did not replace but refunded my money and said i can keep the HDD as the shopkeeper will not take it back ! Wow ......","We're happy to know that the issue was resolved. I've also forwarded your experience as a feedback to the relevant team internally, we'll ensure such instances aren't repeated in the future. Appreciate your cooperation and understanding while we worked on this."
2723403,I was knowing that I will get the reply with Formalities. I didn't get my shipment and so I have to cancel the order. but from Next time I will never use Amazon or will tell my all the friends and family about Amazon's Worst service. Goodbye.,"I understand that you are upset with us from your recent order experience. It was never our intention. However, I've noted your comments and have forwarded your feedback internally."
2723909,"No hay mucho que hacer... dice que ha salido hoy de las instalaciones del vendedor, así que... me tocará esperar de nuevo...",Puedes mantenernos al tanto de esta entrega.
2723936,Why am I unable to login ? Why no response from Amazon after filing complaint ?,"I'm sorry to learn about the account login issues, please elaborate on the error so that we can help you accordingly."
2723977,ok i will do that thanks,"Thanks for understanding, Venkatesh. Please keep us posted."
2725839,any reason my package hasn’t made a moment in almost 40 hours ?,"Hey, what was the original estimated delivery date that was provided in the order confirmation email?"
2725888,"Sorry, , Service geht anders. Den ganzen Tag auf ein #Paket warten, heißt nicht, am Nachmittag einen Zettel im Briefkasten zu finden. „Sendung beim Nachbarn“.","War deine Sendung denn beim Nachbarn abzuholen? Falls nicht, wende dich doch bitte an unsere Kollegen vom Kundenservice, damit wir das genauer prüfen können:"
2725900,For the second day running waiting for the faulty crutches from to be picked up.,We'd like to help. Please contact us here when you have the chance so we can take a closer look into this:
2726727,"2/2 Turns out he's asking if I am 18 years old Me: ""Do I look it?"" Courier: ""no you 18"" Me: well over 20 years ago yeah"" Courier point blank refuses to hand parcel over to me. I don't know if to feel annoyed or flattered - I was born in '74!","Hey, could you contact us so we can look into this order for you:"
2726771,podrían explicarme por que paso esto por favor,"Hola Alejandro, lamento saber que se ha presentado este inconveniente. Como indica la imagen, para recuperar el acceso a tu cuenta es necesario seguir las instrucciones que te enviaron."
2727076,"Vous avez lu les 7 tweets? À ce jour il me manque 2 livres sur 5, mais il n'y a pas que ça !!!",Je vous prie de remplir le formulaire suivant afin d'étudier votre dossier :
2727935,"Dear , Thank you for always providing us with such quality entertainment! 😂 Love, Rufus and Moo and Family ❤️",Thank you for brightening our day with kitty playtime! Please go here to let us know what kind of toys Rufus and Moo enjoy so we can send them something special! :)
2727987,I'm not able to use kitkat amazon voucher it says the gift card code is not correct.,"Apologies for the trouble claiming the gift card. We're happy to assist you directly, please reach us via phone here:"
2728048,"No, firstly they asked why the payment was disputed, then they asked me if I wanted to pay it, then they said they have blocked my account and won’t reinstate it until they receive payment. This is between Amazon and the credit card company, my account should not be blocked","I am sorry to hear this Gillian. As we dont have access to yoour account here, I would advise you to reply to the email from the account specialist to explain your issue to them. They will respond to you within 24Hrs."
2728886,you guys should make a sister app or a function of your app that shows up as “Santa’s Wish List” that kids could use to generate their wishlists. Then that would automatically add the list to a list on their parent’s amazon account.,Hi Alan. Thank you for your suggestion
2728933,I have already. Thanks.,Please keep us in the loop and let us know if it is resolved! We're here to help if you have further questions or concerns as well.
2728994,I have no idea. I assume you as it was with prime delivery.,You can check who shipped your parcel here:
2730226,Passez vous maintenant par chronopost ? Car je vois que mes colis arrivent par ce biais ce qui n'etais pas le cas avant. Merci,"Nous déterminons automatiquement le transporteur en fonction de certains critères tels que votre code postal, le volume / poids des articles. C’est pourquoi vos commandes ne sont pas toujours livrées par le même service."
2730294,"Alguém está com problemas também para acessar o site da ? Poxa, acho que o site caiu por conta do 'esquenta black friday'. Arrumaê, amazon! xD","Olá Gi, sentimos o inconveniente. Poderia nós confirmar se ao tentar acessar o site te apresenta um erro?"
2734296,"no i dont think you understand. when i go on that page, it doesnt show up, so even when i go on ""my order isnt showing up"" and input the order number, it says it cant find the order. so im kinda screwed",I'm sorry for the frustration. You can also contact us by clicking here: All you have to do is select an issue and it will give you the option to contact us
2735284,Got it. Hope to hear from you.,Have you already submitted this information? I don't see that we've received it. We recommend using the full site from either a desktop or mobile device.
2735668,and please just admit that you screwed up it’s been 6 days now! In 30 days you’ve lost 2 packages and flat out lied about there not being a safe location to leave one package. What would you consider safe my mom’s womb ugh!!!,I'm sorry you haven't received your package. What tracking status do you see on your order here:
2735694,One day will hire delivery drives that can read an address label. One day... not today though. 😑,"It sounds like you had a bad experience, my apologies. Without providing any account information can you give us some more details?"
2742923,I have already called customer service today and spent over an hour on the phone. They do not understand and their only solution was to charge me again for the 4th time. How do I get to speak to someone from a UK call centre?,I'm sorry for the experience you've had. You can find our UK contact page here: Let us know if you have any other questions or concerns!
2744157,not impressed with my wet book after my package was left outside today. Can I have a dry one please?!,"I'm so sorry your package was left where it could get wet! We'd love to take care of this for you, but we cannot access your account via Twitter. Could you reach out to us via phone or chat to discuss options:"
2746045,Will they be reading from a script?,I can assure you we will do our best to help! Please get in touch:
2747124,Is it just me or has anyone else noticed that the customer service has decreased recently?! They can barely speak English and I'm convinced I'm talking to a computer due to their automated responses.,"I'm sorry for the unsatisfactory customer service experience. We'd like to help if we can. Are you having issues with a recent order? If so, what options have been provided? Please let us know!"
2747183,"Will NOT be ordering large items from any more. “didn’t have room” 4 my delivery, now I’m waiting on a LONG line to pick up. 😡","I'm terribly sorry for the inconvenience! Have you reached out to us with regard to a shipping refund or further options: If so, what was offered?"
2747208,"So pissed off at right now. First copy of Super Mario Odyssey gets stuck on a plane and doesn’t arrive. The replacement copy is out for delivery with the local courier YESTERDAY, gets delayed to today, and then still hasn’t arrived!! 😡😤",I'm sorry for the delay! Have we sent any communication explaining why it is late?
2748293,come on! What a literal waste of space #packaging #environmentallyfriendly,We're always looking to improve where possible. You can help us by sending your packaging feedback: We appreciate it.
2752036,Received Paperwhite update and now no books are opening and can't get to store....rebooting doesn't do anything...is there a known issue with latest update??,I'm sorry to hear your Paperwhite is having issues! We'd like to look into this. Please reach out to us via phone here:
2754676,I have been charged 3 times on three different days for 1 item. Impossible to get anything out of a cust two that isn't an automated response. So frustrating!!,"I'm sorry to hear this, Tracy! We'd be happy to assist! For further clarification, what options were we able to provide when you previously contacted us?"
2755669,Gracias. El transportista es directamente Amazon así que no estoy seguro como hacerle en esos casos.,"Fer, muchas gracias por el dato, como el transportista es Amazon, si fuera necesario te recomendamos contactar con Servicio al Cliente:"
2755721,"it’s been delivered today thanks though, just a bit cheeky to say they tried to deliver when clearly they didn’t!","Thanks for letting us know you got your order! If we can ever be of any assistance, please don't hesitate to reach out."
2756084,I submitted an email to customer service right now,"Thank you for the update! For fastest results you may want to try contacting us via Phone. However, I completely understand if this isn't a convenient time for you. We will respond to your e-mail as soon as we can!"
2756725,Amazon is the carrier.,I would like to have someone from my team take a closer look into this with you. Please fill out your details here: and someone will be in contact with you.
2756760,Have done it twice already. How many more?,"Hi there! When you spoke with us, did we provide any option? If so, what was provided to you?"
2758116,"Awesome! One last question.. does these links apply to the Canadian Fire Stick Basic version? I only ask because the links above me tion voice search and Alexa, yet it's not a feature that comes pre loaded. My apologies for now mentioning it before hand. Thanks!",The links will work for your Canadian Fire stick.
2758157,When you order something off amazon with prime 2 day shipping & it arrives 6 days later. Thanks 🙃,"I'm sorry if we missed the delivery date stated in your order confirmation, Jenna. We never want to let you down! Some items require more time to fulfill. Prime Two-Day shipping refers to two days after the item actually ships. Please let us know if we can help."
2758189,Downloaded a book in my tablet through the Kindle app. The book opens for may be 5 secs and then closes by itself with a black screen. I’m not able to read any book.,I understand your concern regarding the Ebook. Please reach out to us here: and we will fix this for you.
2758964,"I oredered a computre monitor, i was assigned to amzl logistics to be shipped to office. Monitor never arrived after coutless cals to amen just service who were inept as amzl in handling problem. Very poor management skills from amazon, I am considering canceling my prime member",I am sorry to hear this. Can I ask what resolution was given to you when you spoke to our customer service team please?
2758976,FBA157QQK2 has been delayed a lot.Normally next day stock is updated.Why is there a delay?,"Also, please don't provide your order/account details, we consider it to be personal info. Our page is visible to the public. (2/2)"
2759724,The date was given for 21st Nov,That's odd! We'd like to look into it. Please report it to our support team here: we'll look into it and help you out.
2760338,So...um... said my package was delivered yesterday. It wasn’t. Called today. Said it would be here by 4. It wasn’t. 🤔#disappointed #7yearsofsubscribeandsaveforthis?,"I'm sorry we've let you down; that's never what we want! If you'll allow us another opportunity to get this taken care of for you, please reach us by phone or chat here for direct assistance:"
2761309,any recommendations for new TV series?,We wouldn't like to speculate on your choice. Could you let us know if you have any specific Genre in mind?
2762118,Cheap old trick- Delay Delivery on customer request . Courier boy did not even called me. Order# 404-0890584-4493915. Already expecting this since saw Dhelivery name as my courier. They have so many complaints online. Still waiting for my order.,"Usually, the products are delivered on or before the estimated delivery date. Could you let me know if we've missed it? Please don't provide your order details, as we consider it to be personal information. Our Twitter page is visible to the public."
2762135,"Hi, can you cancel order #407-2523014-6458743? I unable to do it through the app.","We'll certainly help you out. Kindly reach out to our support team here: Also, please don't provide your order details, as we consider it to be personal information. Our Twitter page is visible to the public."
2763483,"No problem, looking forward for some good offers at Thanks 😊",Thank you for understanding.
2763532,"Hi. Went to my tab from earlier and I got a Privacy Error (using Chrome) with ""Not secure....."" in the address bar and saying my connection isn't private. I'm too afraid to log in on another browser. :(","Hey Jai, I'm sorry to hear that. Can I ask which Amazon site you are attempting to access (.com / .co.uk / etc)? Have you attempted to access the site from a different device?"
2763587,"AMAZON NOT RESOLVING THE CASE DISCONNECTING THE CALLS..PROMISING CALL BACK BUT NOT GIVING ANY CALL BACK...,,,,,,,,,,,,",I'm sorry your concern hasn't been resolved. We'd like to look into it. Kindly share the relevant details here: we'll reach out to you soon.
2766230,existe algum e-mail onde eu consiga abrir um chamado?,"Oi Nelso, sinto muito pelo inconveniente. Pode chamar ao nosso SAC pelo seguinte link Estamos disponíveis todos os dias das 9h às 22h, horário de Brasília."
2766395,"I make an order, says it'll deliver on Wednesday, order it, now says Thursday, so I try to cancel, and I can't cancel. Why do you keep doing this?",Has the order been dispatched? You can check the tracking here:
2766919,Arey bhai Kab tak milega??,"Apologies for the delay in delivery of your product. Did you happen to report this to our support team? If no, please contact us here: so we can assist you."
2766935,Hi apparently you are refunding me for an order that wasn't delivered but I received it.,"Hello Seb, what is the current order status you can see? Have you tried to contact us yet?"
2766995,How is this two day shipping amazon?? #amazonprimesucks #sounreliable #twodaysmeans7,"Hello Kasia. I can confirm 2 day delivery option would be from the date the item dispatches. Once you select your address, the system will determine the estimated date based on the location of the item from your address."
2767492,What is not right? You can definitely investigate the matter and reply as to exactly why was the order not delivered in the promised delivery date at the time of order? Further i have made public only the information which ws essential. Details also sent as requested.,I get your disappointment. We have received your details and will get back to you with an update soon. Appreciate your understanding.
2767554,"fraud , status show delivered, but actually i did not get my delivery,","That's uncertain! Please contact our support team here: and we will take corrective actions. Also, Please don’t provide your order details as we consider them to be personal information. Our Twitter page is visible to public."
2768232,"un pacco mai consegnato: il corriere di prima dice di non avermi trovato e poi lascia la cartolina di avviso di giacenza, ma l'indirizzo è il mio ufficio e io sono qui! #Schrodinger","Mi spiace, l'hai segnalato al nostro Servizio Clienti?"
2768256,Yes iv done everything iv just sent you a full message now ..,Thank you for the update! We'd like to look into available options with you concerning your parcel. Please contact us via phone or chat at the following link:
2769010,"No need to filled the form, I'm sharing you giving the registered email via direct message",We have responded to your DM. Please check.
2769027,Now waited 6 days to hear back on a complaint with . Sick of being fed a pack of lies. prime being cancelled and account closed now,I'm sorry to hear this. Have you checked your spam folders for an email from our Account Specialists? Some email providers will automatically route these to spam.
2769715,"So ordered a Pop! from and it came badly packaged, and damaged (and Pops are well known for being collectibles). Complained and another one was sent out - it arrived damaged and badly packaged again. Appalling service.","I'm so sorry you received the second Pop's packaged so poorly. If you could, submit your packaging feedback here; so we can get better."
2769735,Delivered when ??? Any explainatiow of why a small book takes one month and more to be delivered. Sir. Are the messages getting into your head bloody robot,The estimated delivery dates are provided as per the availability of the product and connected logistic support. Please be assured that you would receive your order as per the delivery estimates. Appreciate your patience.
2769780,worse customer care DVR LINE in 2017 Can’t speak with executive Frustrated,"Apologies about the experience you had, Shoeb. We have responded to your query here: Request you to check."
2769787,orders that come from AMZL never show up or show up after hours. Last time I received a call at 9pm from a guy that I was unable to communicate with due to language barrier saying he was from AMZL and was confused as to why my business was closed. the next day packages missing,Oh no! I'm very sorry that you had this experience. Which Amazon marketplace are you ordering from? (.com / .co.uk / .de or other) Have you been able to reach out to us regarding your missing packages?
2769797,"on calling customer service, your representative gave unconvincing responses. What kind of service is this? What effort can you do to help a father keep his promise to his son?",We've responded to your query here: Kindly check.
2769800,"Hi, UK store and sold by amazon. ""To cover it, select Deliver in Amazon box on the checkout page"". There is absolutely no option to do this at the checkout. Russell Hobbs Mode Kettle 21400 - Black [Energy Class A]",Oh no! I am sorry this has happened. I know that sometimes there is not an option to cover the box. If you have a moment contact us here to look further into it
2771695,C’mon you should be doing better than this. They arrived together. #whatawaste it’s disgusting.,"We're always looking for opportunities to improve, Stephanie! When you have a moment, please leave direct packing feedback here:"
2772362,"Can you explain how two day shipping isn't really two days unless you pay for it? I've asked about this before with no answer. For reference, this was taken Sunday November 26.",Two-Day Shipping refers to the transit time in business days once an order has shipped out. Some packages can take additional time to process. You can learn more here:
2773018,Amazon Prime: next day delivery 100% guaranteed......32% of the time. The rest of the time we'll just fob you off with any old excuse and deliver when we damn well feel like it. Have a nice day! #TuesdayThoughts,So sorry for your poor experience! Are you currently waiting on an order that missed the guaranteed delivery date? Let us know. We're here to help.
2773051,"Hi, i'm waiting for three orders to be delivered today through Amazon Prime, one has arrived and the other two haven't been marked as dispatched yet. Could someone help please. Thanks","Thank you for reaching out to us! It can take time for the shipping information to post to your order. Since the delivery date has not passed, keep an eye out for shipping updates as well as your package."
2773077,when I add this item to my basket it doesn’t qualify for the promotion but you can see here it is listed? Can you fix this please as I’ve spent as hour with your customer service and they did nothing to help,I'm sorry for the troubles! Have you followed these steps: Let us know!
2774150,I'm doing that right now. Thanks.,You're welcome. Keep us updated.
2774224,"Bonjour, je vous ai envoyé un message, merci.","Bonjour, une réponse vous a été envoyé en DM."
2775874,“guaranteed deliver” can go fuck itself. #amazon #guaranteedmyass,"I'm sorry for the poor experience you've had! Without posting personal or account info, can you tell us what happened?"
2775888,Is this your new delivery method? #anywherewilldo #newlaptopthrownovergate,"I'm so sorry for this poor experience, Jenni! Is the laptop okay?"
2776335,I've had to phone twice to get what I needed after been told from an outside source. I want to lodge a complaint. I've been left with no money because of a mistake Amazon have made,"Hey Nicola, I'm sorry to hear about the issues you've had. You can contact us from the previous link provided to make a complaint."
2777311,D'accord merci bonne soirée,À votre service :) Bonne soirée.
2777318,I got billed by Amazon after I closed my account.... I want my refund.,"We can't access your account via Twitter, but we'd like to look into our options with you in real-time. Please reach out to us by phone here:"
2777331,"Homepage of shows me the Amazon Echo, Dot, Plus and even Show, although they are not delivered to Belgium. Why not ?","You can only use most Alexa features and services such as the Alexa app in supported countries. If you try to use the device in an unsupported country, some Alexa services may not work or may have limited functionality. That's why they are not delivered to Belgium."
2777376,"Mostly UPS. But I don't think it's just them. The leaving it in the leaves, and saying it was handed to us, maybe. But things ordered on prime that show up a week late, or not at all. New in past few months. It's become a joke in our house about whether we'll actually get orders.","When these issues arise, please be sure to reach us via phone or chat so we can submit carrier feedback and look into other available options with you. If you haven't done so already, we can be contacted here:"
2777468,"I'm aware of that. But what I ask is will be available anytime soon? Or NoCostEMI for that matter? If yes, then when?","Thank you for showing interest in purchasing the product, Marwan. If there is any update regarding the availability of No cost EMI for Bajaj finserv, it will be posted directly on the product details page. Request you check the website time to time."
2777471,My 8 year old has not stopped crying since 8pm last night .. Where is her Dan TDM DVD .. Why do i pay for prime ?? Useless and not the first time ..,I'm sorry for the disappointment! Have we missed the promised delivery date shown here: Please keep us updated.
2780573,I need yor contact no. So I call u . N plzz don't gav yor mis Cal.no. I need yor calling no. I need ful information about my order,You can get in touch with our support team here: so that we can assist you accordingly.
2781757,Too bad. Thanks for looking into it.,"We're always here to help in any way we can, Rudi! Please let us know if there's anything else we could assist with!"
2783110,This is only happening with USPS. I have tried to contact them but I am getting nowhere. This only happens with packages originating from amazon.,"Thanks for reporting it to them, that's the right step to take. Here are some common reasons for undeliverable packages: Do you happen to be have a P.O. Box address?"
2783117,Trying to find a place to download Net Galley books when my Kindle app isn't working is incredibly frustrating,"Hey, Taylor! Sorry to hear your Kindle app isn't working. Have you tried uninstalling then reinstalling the app to see if that solves the problem?"
2784452,"ive had a serious problem with my job page. amazon keeps resetting the status of my job application to ""candidate took another position"" ive had your support fix the problem 5 times now, but it resets every morning. is there another way to take care of this",I'm sorry for the trouble you've been having; the best way we can escalate this is via e-mail at __email__ or by chat using this link: This is the best way to escalate this issue. What options were previously provided?
2785911,wait do I have to return this or will you just give me a new one?,"I'm sorry, but we do not have access to your Amazon account via Twitter. We'd still love to help! Please reach out to us over phone or chat here:"
2785924,Es demasiado complicado adivinar cuál libro está dento de la promoción.,Los libros participantes son los indicados en Deben ser vendidos y enviados por Amazon México y completar una compra mínima de $500.
2785935,Can one fit in the Amazon box? Perhaps my humans need to order items that come in bigger boxes...,Small boxes can be PAWSitively CATastrophic for our fine feline friends! Thanks for sharing your PURRfect furbaby with us.
2786249,it’s a shame guys... preordered my 4K60 Pro 2nd of nov 9 o’clock in the morning... no shipping today... delay till 21th of dec... 🤬🤬 feels real bad guys....,On which website did you place the order? Amazon.de?
2786321,"Then to make matters worse, they told me they were going to give me a free month of prime so when I sign up for it like I was instructed I was charged $11.90, so I'm done with this shit service.","Sorry you were charged for Prime. If Prime wasn't on your account, the extra month wouldn't be able to be added. When you were working with us, were we able to help come to a resolution? If not, please contact us by phone or chat:"
2786353,Just saw a amazon delivery 📦 guy throw a package he could have placed now gently. #Amazondeliverydontcare,Oh no! I'm so sorry to hear this. Was this your package being delivered?
2787719,¿Han venido los Reyes? #autoregalos #lalocadelasgafasdesol 🙃🙂🙃🙂,"¡Hola, Laura! Las gafas están divinas 😍 ¿Qué te parecen las nuestras? 😎"
2787772,cheated from MRP of Product is RS. 230. Got in Rs. 299 let me advise how to go consumer court for this fraud.,"of the product delivered is different from the M.R.P. given on the website due to various reasons including time lag in updating prices post changes in M.R.P., product belonging to different M.R.P.s being used by manufacturers in different regions. (2/2)"
2790480,"Ich hätte gerne 3,5 Kg Videolicht☺",Zum hier essen oder zum Mitnehmen? 😃 😉 Gruß
2790504,another disappointment...order an e-voucher instead and someone has managed to hack in and steal it within seconds of it being available..,I am so sorry about your order! Have you had a chance to reach out to us via phone?
2790517,"Then why does your website say 8pm? All that's been said is it's delayed and to wait until Friday, which I can't do",Late packages will typically arrive the next business day. We can always look into this order for you as well by phone here:
2790642,how do I make this stop,Thank you for reaching out to us! You can absolutely change these settings. Check out the following Help page to stop notifications
2791979,Second time in a row I’ve ordered a guaranteed next day Prime delivery and you’ve let me down! 😔,"I'm so sorry for the disappointment, Scott! This is not what we like to hear form our customers! We'd like to help! Could you let us know the status of the order here:"
2793126,When you use Amazon prime because you neeeeeeeeeeeddddd an item urgently but it doesn't end up coming when it should 😠😠😠 v annoying,"I'm sorry your order is delayed, Izi! Delayed parcels usually arrive the next business day. If it hasn't arrived by the new estimated delivery date please let us know. You can also contact us here:"
2793151,is this number associated with you ? I just received a call back request that stated dublin but the woman on the phone said she's calling from the Philippines ... +353 (1) 247 8198,"Hey Olivia, great question! I can confirm this is one of our phone numbers!"
2793162,cuando una app para smart tv viera de Panasonic ????,"Hola, Erick. Por el momento, no tenemos una previsión. Sin embargo, cualquier novedad será anunciada directamente en nuestro sitio y redes sociales."
2794284,Carrier tracking says Friday. All things amazon say Wednesday.,I gotcha. Please keep us posted on the delivery so we know how to best help you out.
2794301,y'all got any suggestions?,Oh no! Please call or chat with us here for warranty support:
2795316,"Update: It's 15 minutes past the delivery slot, presumably the last one of the night - nothing. So.. where do we go from here ? Do I call again tomorrow, to schedule yet another delivery for it to be missed again? Or should I just cancel and order from ? 🤔",I'm sorry you haven't received your delivery. Please contact us directly via phone or chat to report this and explore options here:
2797116,why do my orders keep disappearing? I am not canceling them,"That is odd! Have you received any emails regarding the orders, after they are placed about their status. Be sure to check your Spam or Junk Mail folders as well, just to be sure."
2798335,SURPRISE SURPRISE my “guaranteed” for tomorrow delivery was just rescheduled for Friday. How many times in a row is this gonna happen to me? Why the fuck do I pay for prime?,"Thank you for being a Prime member Heather. I can understand your frustration. When did you place the order, I need the time and date please, you can confirm here: I will also need to know did you opt for next day or two-day shipping?"
2798340,why is this my second prime purchase in a row that I'm getting later than my two day guaranteed delivery?,"I'm sorry for the wait! To confirm, has the delivery date confirmed via e-mail: been missed? (1/2)"
2798346,How disgusting charges £3.99 to return items even if you drop it off!!! & when I’m a prime member too! Poor,I'm truly sorry! We value you as a Prime member and want to help. Is the item you returned sold/fulfilled by Amazon or a third-party seller?
2799324,"Deliverer said unable to deliver yet office open, people there, lights on, doors open so he lied- no attempt made. Customer service lady said would deliver before 10pm so I waited at work until then - nothing came. Now asked for delivery 9am-1pm on 22nd. Better come then!",Please keep us updated on the re-delivery. We want to ensure it arrives.
2800475,"Socorro, estou prestes a gastar tudo que eu tenho na",Boa noite João! Você acredita que minha lista de desejos é do tamanho do Estádio Maracanã? Nossa alegria não tem preço! Rs rs rs 😍📚📚
2803283,Con el transportista como tal no puedo comunicarme porque me dicen que no es posible contactarme directamente con ellos.,"En caso de no recibirlo el día mañana, por favor haznos saber. Estaremos al tanto."
2805085,"It says that the code isnt valid. I'm about to sign out. PRIMENOW10, i've never even heard of primenow until an hour ago, so I know i've never used it It says it DOESNT MEET THE PROMTIONAL TERMS",So sorry about that! For the promotion to be accepted it has to meeting all of these guidelines:
2805937,Hey my package that was guaranteed to arrive on Sunday has been delayed 3 times and now there is no eta on my delivery. What is going on?,I'm very sorry for the delays. Please reach out to us directly via phone or chat so we may have a closer look into this with you:
2806609,¿Puede algo hacerte más feliz que recibir un paquete de ?,"😀✨ ¡Hola Raúl! ¡Nos encanta poder formar parte de tu felicidad! Cuéntanos, ¿Has comprado algo recientemente en nuestra plataforma?"
2807296,"We're writing to let you know that the payment for your Amazon Gift Card Balance Reload has been declined. The issuing bank may have declined the charge if the name, expiration date, or ZIP Code you entered at does not exactly match the bank's information.","Thanks for this, it really helps. Do you know if your prepaid card has enough funds on it to cover possible taxes associated and a $1.00 authorization fee?"
2807529,I got 15$ gift card of as reward.It is not visible on amazon.in.Unable to use it on as no company ships in jaipur.Please provide a way so that i can utilize my giftcard.,Please contact our support team on here: & we'll be able to assist you with your concern.
2808415,why cant we use paypal as a payment option,I'm sorry Pay Pal isn't an option. You can see available payment methods and other information here:
2808428,"After #AmazonPrime has come amazon stopped caring for normal deliveries.When made order, after 2 weeks they said they can't and cancelled it(MoneyDidn'tRefundYet). now when i made odder again ORDER # 406-8502385-8991566 it has NOTYET Shipped ..",Please don’t provide your order details as we consider them to be personal information. Our page is visible to the public. 2/2
2810243,don't let me post my review,"Apologies for the trouble with an incorrectly delivered product. Kindly reach out to our support team here: and we'll get this checked for you. Also, there is a protocol that needs to be followed while posting a review (1/2)"
2811104,"The order is question says ""were sorry your package is late"" and says delivery should be within next 2 days (obv wont come on thanksgiving). And to check back friday, a full 5 days after order. Seems that AMZL packages have higher % of issues","This is certainly the last thing you expect to happen when you order on Amazon. So that we can feedback further to the carrier, can you contact us directly:"
2811119,My sister does but we have checked and there's no subscription on hers for Kindle using my card ?,"Hey Jenny, if your card is on your sister's account, would you be able to get her to contact us: so we can find the charge?"
2811389,Is this digital india where amazon. In is refusing to give me refund of my Amazon pay balance to my bank A/C quoting policy,"I understand your concern. However, amazon pay balaance cannot be refunded once added to your amazon account."
2811727,Update #amazon hung up on me. Makes sense,I'm sorry to hear that Will. Were you able to re-establish contact?
2812765,"I'm not going to order from if they're going to tell me the doesn't have access to my building, which they do, and returns my shipments.",I'm sorry your order was returned! Is this a regular occurrence with USPS? Have we spoken to them on your behalf to see what issues they're encountering?
2812802,"Aplausos para quien los merece, tienen uno de los mejores servicios al cliente.","¡Muchas gracias Folken por tu comentario! Estamos para servirte y seguiremos dando nuestro mejor esfuerzo. Cualquier otra consulta, por favor nos avisas."
2812810,Yeah I had 2 items that should have been delivered today. But my USPS is crap and holds my packages too long before delivering. Everything Ive ordered from anywhere has taken longer than expected to be delivered to me.,I'm sorry for the delay on your order! What's the most recent reading on your orders tracking information:
2815568,I have contacted them in the past and if i I get a response it's the usual we can't locate the package.,"I see, thanks for clarifying. If it hasn't arrived by tomorrow, please reach us directly here: I know you've already called us before about this, but we can't view account information via Social Media. I hope you'll give us another chance."
2816349,"this is the link. though it seems now the price has been changed or it went out of stock while i was trying to purchase it, so here is a screencap of the page when it was at the 19.99 price.",Thank you for linking this to us. It looks like the item for the sale price is no longer in stock from us and is being offered by a third party seller on our site. I'm sorry for any inconvenience this has caused.
2816374,Bummer :( Anything you guys can do?,"Have we sent any notification of a possible delay? Also, will you tell us the carrier assigned to your order? We'd be happy to assist in any way possible."
2819248,you guys will one day get your retribution. How can you say this “Delivered: Your package with The Book of Chocolate Saints. More info at” when you haven’t delivered it!!!!!!! Your delivery guys say “oh when we get it in hand to deliver it is considered as delivers”!,Apologies for the inconvenience that you had to face with the deliveries. Has this been reported to the support team yet? You may connect with the support team from here and the team will do the needful to help.
2819257,as i have told you earlier that email is not regiterd. shameless people you are ?,"the support team from here and the team would help you with registering your e-mail and other concerns, if you have any. 2/2"
2819853,"hey, I know I contacted you guys about this the other day but it happened /again/...","Hi Carole, thank you for being a Prime member. What information were you trying to access? Does the carrier require any additional access codes to complete delivery?"
2819853,"I clicked the ""contact Amazon"" hyperlink, which resulted in the sad dog instead. There's no code, but I do know my friend was there all day to get the package.",Hi Carole. Can you please try this link and see does it allow you to contact us directly:
2820471,since Amazon is not Willing to restore COD which is removed for their mistake which they agreed. Now starting buying locally at same or lower price as compared to Amazon.,"Cash on delivery depends on product, pincode, seller and courier service available at your pincode. Request you to place order with available payment options to receive your desired products. Please keep us posted for any further assistance."
2820545,"I'm trying to get this 6 quart plus that's showing 79.95, but it comes out as $119 in cart.",We'd like to look into this for you. Please reach out to us via phone or chat here:
2822323,"Unfortunately no update. I specifically asked for yesterday delivery, then I asked for a morning delivery today..... instead nothing.","What is the latest tracking information showing? Also, who is the carrier assigned ? You can check here:"
2823101,C’était une offre Black Friday (800 € au lieu de 1300...) j’espère que vous allez pouvoir corriger. Merci,"Afin que notre service client puisse faire des recherches à ce sujet, je vous propose de les contacter via ce lien :"
2823114,"Bonjour, j'ai commandé un casque 2 fois (car le lendemain prix moins chère) et donc j'aimerais en renvoyer un (payé plus chère) seulement il risque d'arrivé tous les deux en même temps si je renvois n'importe lequel avec le bon de retour du plus chere c'est grave?","Bonjour, le mieux serait de vérifier cela avec notre service client, quand vous aurez reçu l'article, afin que l'étiquette de retour soit attribué à l'article que vous souhaitez renvoyer."
2823147,"My order no.407-3456571-8547565 It’s been a month,din't receive my refund yet,truely great services by",I'm sorry you've not received the refund for the order yet. Please share your details here: we'll look into it and reach out to you soon.
2823162,"Hubo un problema con la tarjeta en un pedido que hice el 18 de Noviembre y me pidieron un estado de cuenta para desbloquearla, ya mande el archivo pero aún no me responden nada y ya pasaron como 4 días cuando dijeron que responderían en 24 horas","Hola viri, ¿en cuál de nuestros sitios realizaste tu compra?"
2823189,Le coffret Marshadow ( qui est vraiment sublime j'adore l'emballage 😍 ) est disponible chez pour 21€,On a un grand fan de pokémon par ici :p
2823925,Yes. And paid for gift wrap.,"Apologies Lisa. As we cannot access account info here, please get in touch - we'd like to look into your concern in more detail. Please keep us posted."
2823962,Yup. All correct when I order on website and on tracking info but not on printed label,That is unusual. Is this other address on your Amazon account?
2825589,J'ai posté mais je n'ai reçu aucune réponse.,"Vous pouvez joindre notre service client par email, chat ou phone directement en cliquant sur le lien suivant :"
2825699,I had one of the worst experiences while speaking with Amazon service representative Gopal & Ravi .,"Apologies for the experience, please share your details here: and we will help you with your query. Also, I will forward your comments internally for a review."
2825718,How can my order disappear from the shopping cart ? Bhoot aya tha kya? 😂😂😂,"That's strange! At times, it may happen when the product goes out of stock with the seller. Please try adding the product with a different seller. Keep us posted for further assistance."
2826458,"Oui, a l'instant en ayant signalé à la main, une demande à le déposer chez un voisin au cas où. Plus vraiment envie d'attendre encore plus longtemps, à la longue ça use",Notre service client s'est-il chargé de transmettre votre instruction de livraison au transporteur?
2826479,totally disappointed with your customer service as well as the delivery service with regard to the shipment of 521688497505,"I'm sorry for any hassle regarding delivery of your order, Dhawal. Could you please let us know what went wrong so that we can check it for you. Please don't provide your order details, we consider it to be personal information. Our page is visible to public."
2827684,There is nothing close to resolution of problem in the mail received on 29th.. 72 hrs you asked for will be over in next 2-3 hours..,"Sorry for the stretch, Rahul. Kindly write back to the email you have received here: and we'll get back to you soon."
2827971,"Hola, hice un pedido para que me llegase con tiempo suficiente antes del 10/12. Debería haber llegado el día 24/11 y ahora veo que se ha retrasado hasta el 13/12... ¿qué hacemos?","Hola, sentimos lo ocurrido. ¿Has recibido un correo explicando el cambio de la fecha estimada de entrega?"
2828012,The first package was lost and the second package unfortunately was sent again by USPS and apparently it is also going to be disappointed. By DM I sent the information of the packages,We wouldn't have access to your account on here for security reasons as this is a public platform. Have you contacted us directly regarding this via phone or chat?
2828792,"What a Shame! I bought Rule The World, Tears For Fears' new album in 10/12, and received in 11/24 ""Sheridan"". 😡 What do I Do?","Apologies Marcelle, Can you confirm by whom this album was sold and fulfilled by?"
2829435,my parcel arrived but at what cost? Is this how all express deliveries are treated?,Oh my! So sorry your parcel arrived that way. Did the item inside arrive damaged as well? Which carrier delivered this parcel? You can check here:
2829675,i am having the worst experience with the kindle fire. all the ones i own will only stay on the fire screen when i it is just trying to open. and tjey will not replace it,Have tried holding the Power button down for seconds ?
2830634,My order is missing. I can’t get through to courier customer services and I’ve been waiting over a month for this order.,"I'm sorry your order hasn't been received, Danielle! We want to help get this resolved for you. What is the latest order status showing here: ?"
2830681,is this legit???? Do I or do I not need change bank details?,"Hi, please check out this link to identify if this email was from us: ."
2830717,he comprado un paquete y según aparece entregado pero no llego y no sé dónde está por favor requiero de su ayuda para resolver este inconveniente,"Hola, Verónica. Sentimos los inconvenientes. ¿Te has puesto en contacto con el transportista para consultar donde fue entregado el paquete?."
2831597,I paid for ‘before 13.00’ delivery only to then be faced with this at 13:01,Apologies - Have you received a revised delivery date? Please get in touch - we'd like to look into your concern further. Keep us posted.
2831670,What if I’m already a family Unlimited subscriber? Can I get a deal?,"Hi, this offer is for new subscribers only. Keep an eye on the website for offers that may be available in the future."
2831693,Foi pela Amazon sim ☹️,"Michelly, você já verificou as opções de devolução ou troca no Centro de devoluções:"
2831711,inverclyde to edinburgh.. ment to be delivered sat now sunday and probaly drove passed my house going from inverclyde to edinburgh,"I apologize for the delay, Colin! Deliveries can occur up until 21:00. Please let us know if it's not received by then."
2832944,This Replacement Picture Cancel and Send My money in My Bank Account not in Amazon Pay Balance,I get your concern but we have replacement only policy for the laptops. Request you to return the item for a replacement. You can have a look at our return policy here: Please don’t provide your details as we consider them to be 1/2
2834271,"Yes I was on hold for 36 minutes and when I spoke to a person, they hung up.",Oh no! We never intend for this to be the experience you have with us. Can you tell us what you were contacting us about?
2835595,thanks for saying my package was delivered ('handed to resident') when no one was home. No note to direct me to a neighbour. Nothing. How disappointing.,I'm sorry to hear of this. Take a look at our help pages on how to find a parcel that you haven't received:
2835620,"Yeah, twice in a row since I became a prime member. :( I've sent at least 4 emails to help, but I keep getting the same form letter response from different ppl saying they can't do anything about it",Is this happening with a specific courier? We'd like to help!
2838540,"With the loss of customer centricity, is beginning to lose my loyalty of more than 10 years. Highly disappointed with recent experiences with , its cutomer service and policies.. :(","We realized that you are facing an issue with your recent order. Kindly let us know what went wrong, so we can check it for you."
2840290,"Wie lange dauert es in der Regel so, bis neue Baby-Boxen verfügbar sind?","Wir haben leider keine Infos, ob oder wann es neue Baby-Boxen gibt. Drück dir aber die Daumen, dass du noch eine ergatterst."
2843683,"Ihr habt auch schon x Mails erhalten, jedoch wird immer nur eine Ersatzlieferung erstellt (naja, etwas anderes ist auch nicht möglich), jedoch ist die holländische Post einfach zu blöd zur Lieferung.",Bitte melde dich bei meinen Kollegen im Kundenservice: Über Twitter habe ich leider keinen Einblick in dein Kundenkonto.
2843735,"I have it set to leave in the shed in back garden or at a neighbour's, not happy it was literally just put at my door and no note to say it had been left there","Thanks for the additional information, Phoebe! We'd like to take a look into this for you. When you get a moment, please contact us via phone or chat:"
2843839,Recently has let me down...ordered 2 day shipping last Wednesday and still haven’t gotten anything #whyyyyy,Oh no! When you check on the order what is the status showing as? You can check that here:
2845447,They said they'd get the driver to pop back tomorrow(today). I popped home on my break and my partners parcel was left outside with a card-,We deliver until 21:00. What does the latest tracking update show here:
2845456,"If you are , you are an idiot.","We’re always looking to improve, and would be happy to accept your packaging feedback here:"
2845570,I seriously think has the best customer service. #alwayshelpful 😍👌,"A you're making us blush 😊 Thanks for the terrific feedback, Brittany! Anything for our AMAZING customers! #OurCustomersAreTheBest 😍"
2849072,I nominate to hold the crown for worst delivery service above USPS.,I am so sorry for the poor experience! Is this issue related to the one you contacted us about yesterday?
2850733,"The t and c say to login, but my question is, if I'm already logged in, sould I logout and relogin to be eligible, or not necessary if already logged in?","In that case, please logout of the app and then login to participate in the quiz."
2850801,e hoje um pedido meu na foi cancelado pqp,"Olá, lamentamos o inconveniente. Poderia nós confirmar se recebeu um correio indicando o motivo do cancelamento?"
2850808,"Ordered a new Fire tablet from Black Friday Sale. Supposedly it will be delivered tomorrow, but hasn't even shipped yet. Apparently, they're going to just beam it directly to the local post office on the morning.",Hey Mikey. It's not uncommon for items to ship and be delivered close together. Please keep us updated on the outcome so we can be sure you received it.
2852174,Tracking claims left in secure location.,"I understand! We'd like to look into this more with you. When you have the time, please provide us with some additional information here: and a member of our team can help."
2856547,this is the most perfect error page i’ve ever seen,Nothing is more paw-fect than a picture of a dog! 🐶
2856605,"do kindles fall under holiday return policy? If I order oasis today, 11/27, do I have until 1/31/18 to return?","Of course! Anything shipped by Amazon between November 1 and December 31 of this year, may be returned until January 31. You can find that and more information here:"
2856635,"We are 2 people - we each have the app, so I presume that we can each sync our numbers. We have 3 Echos, so I should be able to use Connect with all of these. I already watched the video - hence the questions. Can you give me a simple YES on the first 2 sentences above? Thanks.","You can only have one number registered to the Alexa account! The Echo Connect can be used on the Amazon Echo, Echo Plus, Echo Dot, Echo Spot, and Echo Show."
2856674,Ok no desktop. App pra iphone e site mobile continua sem opção de comprar.,"Bruno, lembra que os e-Books somente podem ser comprados através de nossa página web Para fazer a compra desde o celular é preciso entrar na nossa página desde o navegador."
2856688,NO MATTER HOW MANY TIMES I CHANGE MY ADDRESS ON MY AMAZON ACCOUNT IT STILL SENDS MY PACKAGES TO MY SCHOOL ADDRESS SOME STRANGER HAS MY PACKAGE THAT I PAID FOR AND KNOWING MY LUCK THEY'RE GONNA BE A DICK AND NOT GIVE IT BACK I HATE EVERYTHING.,We'd like to help get this sorted! Please reach out to us by phone or chat here: so that we can look into this together.
2856748,"Hi, I got this message: ""Carrier is unable to gain access to front door to deliver the package. Please contact Amazon to provide additional delivery instructions"" What should I do?",Hi there! Please reach out to us by phone or chat here: so that we can get updated delivery instructions from you.
2857269,"Si se tiene que dirigir a alguna persona en especial, les pido POR FAVOR me digan con quién, para que el operador sepa.","Encontrarás los detalles de contacto en el siguiente enlace, ellos te guiarán durante la llamada:"
2858102,Am I no longer able to access the with an subscription?,We're happy to look into this for you. Please contact us directly at:
2858175,"You guys didn't deliver on the day. And when you did deliver, you delivered it to the wrong address. Not bloody bad going if you ask me. But I got a month free of Amazon Prime and I did retrieve my parcel so it was a happy ending.",Thank you for keeping us posted! We're glad this situation has resolved. If you need us we're always here to help!
2858180,Never got a call back and that was at 19:30 I’ve been waiting since then.,"I'm sorry you haven't received a call back yet. Did we tell you an expected time we'd contact you again? Without disclosing your personal information, will you tell us more about your issue?"
2858269,"Considered ordering a TV today, but the pro installation says ""not over a fireplace."" The service page says that a fireplace is 'rarely' the right choice, but a special mount would solve most problems. So...can I get it over the fireplace or no...? Thanks!",We're here to assist where we can. Can you provide a link to the TV you were looking at?
2859835,I have Inquiry about one of my orders order number is (#111-4231028-7354663) what happened why then are not sending it and I want to know are they charged me or no Best wishes Nasser,Hey! I'm sorry but we're unable to view accounts via Twitter. Can you tell us about what's going on with the order? We'd be happy to help!
2859894,Its still showing not shipped.do you think ill be able to get by Wednesday evening?,"I completely understand your concern! However, it's not unusual for an order to ship close to, or even on, the delivery date. Keep us posted on its arrival!"
2859966,"Is there a particular reason why your website for austria is not working properly ? Like ,I cannot settle my address ,neither can I use the one which should be there for being connected with my amazon account.",We like to check this. Please contact our customer service via this link: My colleagues can check your account. Best regards
2859980,"So no order but they will try to contact courier tomorrow, ok no rush do it when you can i didnt really want the package, thats why i ordered it","I'm sorry for the poor experience. Please let us know the outcome of the call to the carrier. If you'd like to contact the courier before tomorrow, you can find their phone number here:"
2861977,Merci tout de même de votre compréhension. Je fais ca dès que possible.,Très bien. Nous restons à votre disposition en cas de besoin.
2862068,second time I have received a package like this...feels sketchy #WhoWorksForYou,"I'm sorry to see how it arrived. Just to confirm, is anything missing or damaged?"
2862104,why am I paying you £79 a year for next day delivery and you're quoting 2-3 days delivery? Not good enough,"Shipping speed is calculated by the time your order dispatches to when it arrives. For more info about how we calculate shipping speed and determine estimates for delivery, please review this link:"
2863336,Is there an online chat option to speak with someone?,"If you would like to speak with member from our support team, please select either the 'Chat' or 'e-mail' option through this link after providing info about the issue:"
2863422,"Un peu des deux, puis de quoi combler une soudaine envie de dépenser...",On a tous cette envie pendant une certaine période ou on n'arrive plus à se retenir :D
2864698,when says you signed for your package but you didn't and you look at the delivery photo and realize you don't have a doormat either now you out here comparin' mats to find your package 😂,I'm sorry for this delivery trouble. Please pass your details to us here:
2864745,"Is there a more frustrating task on earth than chasing for a parcel stated as ""delivered"" when it wasn't? Can't get through on phone and no answer on email thus far.","I'm sorry for the trouble contacting us! If you've e-mailed us, it can take 1 working day to receive a response. Have you tried these easy steps for finding your parcel: Keep us posted! We want to make sure your order is received!"
2866107,I did not receive that or a copy of my chat transcript,"If you contacted through chat, the survey would have been offered when you closed the chat window. Any messages we sent can be viewed here: -Cole O."
2866117,I'm trying to cancel an order from the Amazon app but it just leads me to a white screen with nothing and it's not shipped or anything how do I cancel it,"I'm sorry to hear you're having trouble with the app. To cancel an item, please visit here in your browser:"
2867083,another lost package with - lovely.,I'm sorry your package wasn't delivered. Can you let us know what's the status of the tracking and who the carrier is?
2867101,"USPS Dropped the ball again, I just got off the phone with Amazon.",Oh no! What options were provided to you when talking with us?
2867136,"Yep definitely. Hope is what making mankind going 😊👍 By the way may I know your full name, SV as in?? It's just curiosity😅",""""" is our Twitter signature. We together are looking at the brighter side & our composure matches. But, SV is one little secret that I should hold on to. 😉"
2867163,"Well this is the first time this has happened to me, what should I expect now?","I'm sorry to see your order wasn't delivered today! Typically, late shipments arrive within the next business day or two. If not received by Thursday, please reach us directly via phone or chat so we can look into available options for you:"
2868381,"We ordered something Friday, delivery date was today, waited Home all day just to see order update with “we made attempt” which clearly you did not, seems like delivery person you guys used didn’t feel like coming to this side of town tonight.. cont below",I'm sorry your package wasn't delivered. Can you let us know what's the status of the tracking and who the carrier is? ​
2868423,My fire stick recently started turning itself on and changing the input from cable to fire stick. It’s possessed. Please help!,"Oh no, that's no good! Please contact us here: We'd like to help any way we can."
2868438,"So, , when you say “Guaranteed Delivery By”, do you mean “Guaranteed Delivery” or do you mean “guaranteed” delivery, or some other #marketing definition?","Have we missed the promised delivery date provided in your order confirmation e-mail? If so, have we given a reason for delay? Who is the carrier and what is the latest tracking? That information will be shown here: We'd be happy to help!"
2869616,"Now it’s Now expected Nov28 - Dec 1.We're sorry your package is late We don't have a new delivery date from USPS, but we recommend waiting as it'll usually arrive within a few days. Please come back Saturday if you still don't have it and we'll help you out. Was exp today by 8PM","Thanks for giving us the details! If your package doesn't arrive by those dates, please let us know so we can help with a refund."
2870651,Ordered something for 2 day shipping was suppose to arrive today still yet to arrive and is almost 7:30pm what's with that,"Great question! Packages can be delivered up to 8pm! Have you received a delayed shipping notice? If not, we still expect your package to be delivered on time! Please reach out to us if you do not receive it by 8pm."
2870716,Got Prime to see if its worth it....still deciding. Cutting it close,We're excited for you to receive your order! Please keep us posted on its arrival!
2871615,I'm really having trouble understanding something. The last two times I've ordered the orders fail to deliver...today it's two day late & I get a failed delivery attempt message. What is so hard about leaving packages in my porch like you normally do?,I'm sorry you've had issues receiving your last 2 orders! Has it been the same carrier for both? You can check under your order details here:
2872477,"Checked everywhere and with neighbors, still didn't see anything.","So sorry about this, Tiffany! Just to confirm, has it been 36 hours since the package was scanned as delivered?"
2874036,Si tengo dudas sobre un producto de donde me pueden ayudar?,"Hola, Carlos, sin compartir información confidencial ni sensitiva por este medio, ¿ cómo podemos ayudarte?"
2874058,"No lo sé,no recuerdo bien ¿pero igual se puede hacer algo no?","Comprendo, para lograr revisar con más detalle lo que ocurre con la entrega de tu paquete, te recomendamos que contactes a nuestro departamento de Servicio al Cliente en el siguiente enlace:"
2874101,it was supposed to come today at around 1PM. Saw that my delivery was next and now delayed???,"I'm sorry to see your order was delayed! I'd like a member of our Amazon Logistics team to look into this with you further. When you have a moment, please add additional details here:"
2874996,Amazon music で何か聴こうと思ったらおすすめされたので聴いています。(持ってるけど) #ナチュキラ #sasayamavo,|ω・)ﾁﾗｯ Amazon Musicをご利用いただき、ありがとうございます😊✨ YM
2875009,"Could you please let me know, if there is exchange policy.. I have one plus 3 and would like to exchange and buy 5T",The availability of the exchange offer differs with pincodes and products. Currently the exchange offer is available for Oneplus 5T. You can add your pincode and product details to check the available exchange offer here:
2875580,My number is 9620053343. Please check the order. I am tried now dealing with you support.,"We cannot access your Amazon account via Twitter. Kindly share your details through the secure link provided earlier, we'll reach out to you soon. Also, please don't provide your contact information, as we consider it to be personal information."
2875618,"Order shipment failed and said it would be shipped on next business day, but still hasnt arrived??","Hello, Davey. I'm sorry you haven't received your order. Please reach out to us here and we'll be glad to investigate this order further:"
2876325,My Order# 402-8009884-0849169 not received cashback of Rs99/- yet. you guys are bullshit & assholes.,Sorry to know you haven't received the cashback. Twitter is a social media platform we'll not be able to access any of your account/order details. Please let us know which cashback offer are you referring to? 1/2
2876349,A package was delivered to my house by you guys & the person doesn't live here. What do we do with it?,Thank you very much for taking the time to report this! Please reach us directly via phone or chat so we can look into this and discuss options with you:
2877047,And what if you fail to Deliver the Product on Guaranteed Delivery Date/Standard Delivery Date.,"As mentioned earlier the orders are delivered as per the delivery estimates. In case there's any issue with the delivery, you can always reach out to us through the link provided earlier and our support team would assist you accordingly."
2877135,Gracias por tus promos de hoy ❤️ #CyberMondayEnAmazon,"¡Hola Edgar! Buenas noches, que alegría que te hayan gustado nuestras ofertas el día de hoy CyberMondey. Gracias por tu comentario nos trae mucha felicidad. 😍❤️"
2878657,Vi ho scritto in privato,Ti abbiamo risposto in privato! A presto!
2879534,You didn't miss the timeframe coz its always set twice as long as it's gonna take you to deliver,"I understand your concern. However, as mentioned earlier, we dispatch and deliver the products as per the estimates provided. Kindly wait for the same."
2880412,I have and no one has resolved it. are blaming and they’re saying Amazon never booked for delivery today.,Sorry to hear this. What was advised when you contacted?
2880451,Have already placed the order. Hope I will get cash back as mentioned in the same T&C,"I get your concern regarding the cashback. I'd like to inform you that if you've met the eligibility criteria as mentioned in the terms and conditions, you'd certainly receive the amount on time as per the date provided."
2881249,"Ça serait bien que vos livreurs ne déposent pas les colis devant la porte et sous le paillasson quand ceux-ci rentrent dans la boite aux lettres, qu'il pleut, et que je n'ai jamais précisé de ""lieu sûr"" en cas d'absence. Heureusement le cadeau dans le colis n'a rien...","Bonjour, je suis sincèrement désolée du désagrément causé. Afin que je puisse vérifier cela de plus près, veuillez remplir ce formulaire depuis un PC :"
2881915,I have subscribed already so just checking how much time it does take to get the invitation,"If you have requested an invitation, we will honor your request and send you an invitation. Due to heavy demand, we send limited number of invites each week. Keep an eye on your inbox."
2882511,You have no idea how much love I have for you. ❤️❤️❤️,"Glad to hear that, Melsey! I hope you have an awesome day :)"
2882533,In the last 24 hours I've had my bank details stolen and used in association with an amazon prime account the response from and has been disgusting.,"Hi Jacqueline, I'm sorry to hear this. What were you advised when you contacted us?"
2882620,HII I ordered something on the 19th and it says it is been returned to Amazon due to damage but I'm still waiting for my refund?,"Hi Roberto, sorry to hear that. It can take 2 - 3 weeks for items being returned to make their way back to be processed and refunded. You'll receive an email from us once your return has been received and your refund is issued."
2882648,It said it would be arriving today (Tuesday) but somehow changed to Thursday when it had been preordered and said it would be delivered today,Sorry to hear that Judy. Can I ask if you were provided with a reason for the change in delivery date?
2882673,You don’t need access to my account as I included a screenshot of the message left.,It appears your parcel may have been delivered to neighbors front porch. We can look into this further with you if you contact us using the link previously given as we do not have account access here.
2884069,My order number is # 205-0650423-2409121,"We don't have account/order access via Twitter, and we don't recommend sharing account info, as this is a public space. You can reach us via chat/phone and we'll certainly take feedback about this and explore any options that we may have:"
2884085,"Ahhh man! or played rugby with my new candle. It smells good though, it's just in a thousand bits!",Oh no! So sorry to see your candle arrived in such a state! Please visit our Returns Support Centre to arrange for a replacement here:
2884195,You cancel my order. Expect me to buy at a higher price. Your customer support can't read the tickets after explaining the problem several times: First telling me the account is reinstated then telling me prices change. Honor the order. #scam #baitandswitch,I'm sorry to hear about this issue. Can I ask what reason was given for your order being canceled?
2884837,is this acceptable packaging? All this cardboard for just this item. #waste #ridiculouspackaging,I'm sorry about this! We'd love to hear your feedback about this here:
2884856,uhh amazon deposited 45 eur to my bank account without sending me an email or whatever and the website doesnt say my purchase was refunded... que?,"We'd like to help! Which Amazon site do you shop on (.com, co.uk, .de, etc)?"
2884927,I Hv inbox my number,This being Social Media Platform we won't be able to access your account details over Twitter. I have checked and can confirm that we've received your details through the secured link provided. We'll check with it and get back to you with an update at the earliest.
2884937,really disappointing service these days from Prime guaranteed delivery dates seem to just slip - not sure that the value is there anymore to continue subscribing,"Sorry for the wait! Due to Black Friday and Cyber Monday deals, some deliveries are experiencing a bit of a delay. Take a look here for more information:"
2885675,Vom Transportdienstleister. Deswegen habe ich auch mit einbezogen.,Danke für deine Rückmeldung. :)
2885701,Amazon Logistics. Amazes me they tried to deliver yesterday evening but now can't deliver today.,"I'm sorry to see there was a delay in your order, Sam! While delays are uncommon, they can occur due to unforeseen circumstances. Have you had the chance to contact us directly about this order?"
2885722,"Yes, they said they would escalate it and that it would take 24hrs to reply... Didn't say whether it was an email or not.",Sorry to hear you had a negative experience. If you'd like to reach out to us via the following link: we can chase your escalation for you.
2885727,"Thought it might be, just thought I'd check! Thanks ☺️",You're welcome! We're here to help! Let us know if you need anything 😁
2885744,I haven't used the account in so long I wouldn't know. haven't received any verification codes,Please reach out to us here: for further assistance. Thank you.
2885747,Really Pissed Off with the Delivery Service of . Why cannot you deliver a Parcel in a Tech Park Till 5PM. I said I will collect by 5PM and they are in a hurry to leave so they told that I have rejected it and when I went there they are still delivering to everyone.,"I apologize for the inconvenience, Mohan. Please reach out to our support team here: and report this. We'll assist you further."
2888184,"You know what's really creepy ? Hearing someone try to open your front door, and upon finding it locked knocking... Why do your couriers always try to open the door and dump the package?!","Hey Katie, could you fill out some details here: so that we can investigate?"
2888249,"Three were sold by a seller fulfilled by amazon, and two are sold and fulfilled by amazon. Should we take this to DM? :)","Thank you for letting us know! Sure, feel free to DM us! Also, just to clarify, has your refund already processed for all the damaged items?"
2888262,At The Same Time We can use 2 sim and one memory card??,You can click the link to know about the product specifications here: For further information kindly contact the manufacturer.
2888314,Care to help amazon? Bit of a crisis I'm afraid,"Please let us know, how can we be of help. We'll be happy to work on it."
2889199,J’envoie des mails au service client qui me répond à chaque fois un message pré-défini qui n’a rien à voir avec ce que je leur ai dit. Ça fait 2 jours que ça dure je vais commencer à m’énerver je pense.,"Bonjour, désolée d'apprendre cela :/ de quel transporteur s'agit-il s'il vous plaît ?"
2889219,"Bonsoir, alors je ne suis pas encore chez moi mais je dois m’inquiéter si le statut de ma commande c’est : « livré à un résident » alors qu’il n’y avait PERSONNE chez moi aujourd’hui ?","Si les recherches dans votre entourage ne donnent rien, merci de nous tenir au courant."
2889237,Ordered on Sunday with delivery by 9pm yesterday. Tracking shows out for delivery by noon. Checked status around 9p and now says to come back thurs if not there. No notification nothing. Tracking # is not even searchable on google.,"That's definitely not the experience we want our customers to have. As we don't have access to account information via Twitter, can you reach out to us here: We'd like to take a closer look at this with you."
2889298,Or at least I hope it's coming. The tracking status page is offering a date range saying to reach out to Amazon if I don't get it this week.,"Can I ask, what was the estimated delivery date given to you on the confirmation email sent to you when this order was placed please?"
2889307,"Hey , guess what time it is? It's time to play my favorite game! ""Amazon Logistics fails to deliver Amazon orders on time/at all."" AMZL is 0 for 4 in a row. You've entirely lost this order, apparently.","I'm sorry you don't have your package! When you have the time, please provide us some details here: and a member of our team can help."
2889357,"Estoy muy contento con y su velocidad de envío, productos que iban a llegar mañana y el jueves me llegan hoy. No solo hay que publicar cuando estamos disconformes, excelente trabajo! #AmazonPrime 👏🏼👏🏼","Nos alegra saber que tu pedido llegó tan rápidamente. Cuéntanos, ¿qué compraste?"
2889362,Make available more Kannada films we are awaiting,Regional content is an integral part of our content in India. Please stay tuned as we expand our content selection.
2890489,A mesma coisa aconteceu na promoção de agosto,Sinto muito o ocorrido! Você já entrou em contato com os nossos colegas do SAC?
2893213,"La única compra relevante 11.11+Black Friday+Cyber Monday. Y la primera vez que me manda un paquete ""a pelo"" sin otra caja.","Hola, Evaristo. ¿Tuviste algún problema con la entrega de este pedido? ¿El producto se encuentra en buen estado?"
2895879,"As per your newsletter (India) , Prime music should launch mid of November. It's already November end! Where is your Prime Music subscription?",Prime Music is currently only available to select Prime Members participating in the Amazon Echo Devices invite only program. Please stay tuned for further update.
2895921,"What I don't understand is if it's not lost (which I've been told that it isn't), why wasn't it put out for delivery the next day? Any ideas?","On the email you sent a picture of, I see it an explanation of ""external factors"" . I cannot access your account via Twitter to give additional details. If you have more questions please contact us via phone or chat"
2895965,Os livros que eu comprei na na Black Friday já chegaram! Até agora estamos assim de compras (e eu de amores):,"Estamos morrendo de amor por seus livros! ❤ É tanto livro que vai ser díficil escolher o primeiro para ler, já sabe qual vai ler?"
2898869,Der erste Teil meiner #Anime #Filme Bestellung auf durch die #CyberMonday Woche ist eben angekommen😍Ich fühl mich so richtig nerdig & find's super😂Freu mich schon richtig aufs gucken💕 #OnePiece #Digimon #Shopping #otakugirl,"Ausgezeichnete Wahl! Meiner Meinung nach ist ""Z"" einer der besten aus der Reihe ;) Viel Vergnügen!"
2899551,Thanks! I know it happens. I sent a reply to customer service on the app referencing the three items that were lost,Thank you for your understanding! Please keep us updated about your items.
2899559,correos tienen el peor servicio de entrega. Yo trabajo y su horario laboral es justo cuando estoy fuera.,"Hola Ana, lamentamos el inconveniente. ¿Actualmente tienes algún pedido pendiente con nosotros?"
2901009,"Two days in a row, my 'Prime Next-Day Delivery' has 'failed to deliver' despite them not even coming down my street. WTF?","I am so sorry for the troubles with your order! We'd like to help out any way we can, but do not have access to account information here on Twitter. If you could reach us by Phone or Chat: we would be happy to look into this for you!"
2901055,You are very fast and good when it comes to responding to reclamations. I have to give you that. :),I am glad you are happy with our service:) I hope you have a lovely week ahead:)
2902474,Oggi ricevuto quinto pacco di #Amazon in tre giorni. Quanto godo.,Poi non potrai più farne a meno! 😜
2902507,how can I tell how an item was ordered? I have a DVD order on my account which I didn't order. Think its my nieces via Alexa!,Oh no! Please give us a call here: so we can take a look into this with you!
2902550,I’ve received an email that I’ve collected my order from a pick up point but I haven’t. Can you confirm if this was sent in error,"As we do not have access to your Amazon account information, please reach out to our support team through the following link so we may review this on your behalf:"
2903430,Well done “order will be delivered by 8pm” 6.30pm received a text saying delivery unsuccessful as could not gain security access... I am sat waiting I can guarantee you did not attempt a delivery. I understand busy BF sales but estimate delivery times better 👎🏼,"I am terribly sorry to hear about the delay, that is not the experience we want our customers to have. Check out your delivery preferences, found here: and make sure all the information is up to date."
2903592,They create a return on sunday but on that day I was not available so I can't return and I won't return that. I will keep this as a memory to remind me about your services. Worst experience.,You surely can re-schedule the return pick-up to a different date so the product can be picked up.
2903601,do u have finance options cause my credit card not working i apply for duplicate but it takes long time,"If you are interested in the Store Card, you can find out how to apply here: You can also find information about the Rewards Visa Signature Card here:"
2904977,"No - they just said ""they are not open right now""",I know how frustrating this can be. Please give us a second chance to contact the carrier for you. You can reach us here:
2905011,Please reply to my DM??!!!,"Hello, we've replied to your DM. Please let us know if you need any further help."
2905027,You cannot switch quality. It automatically selects quality depending speed. It says in your link. But my speed is good. I have 0 issues with other apps. Even 4k in Netflix is 100% perfect. Only in amazon app i have occasionally a couple seconds HD. That’s it.,Have you made sure that your Amazon Video app on your Smart TV is up to date? Or that the TV firmware is up to date? This can solve several streaming quality issues.
2905048,Then receive a cancellation email. I've been in tears over it last night and again today as everyone I speak to say they are unable to help me and I can no longer have my order. I am so upset and frustrated and feel like no one cares and that I'm not an important enough customer.,I'm very sorry this has happened with your order. We'd like to help! What was the reason for the cancellation? Is the item out of stock? -RD
2905120,"Não quero devolver, só reclamar mesmo. Não é algo grande o suficiente pra motivar uma viagem ao Correio, mas fiquei chateada por um item tão caro chegar danificado. Pede aí pra galera tomar mais cuidado, livros se machucam também 😢","Compreendo, Luciana. Com certeza vamos encaminhar seu feedback à equipe responsável. Conte conosco sempre que precisar."
2909133,I'll take my money back for one day shipping since you didn't do that.,I'm sorry for the frustration! Have we missed the delivery date shown in the order confirmation e-mail:
2909151,"outlander s3. ov/omu ich bekomme e-mails für die neue folge, aber aus meinem ""aktuell""-stream ist sie verschwunden und bei der suche landete ich 3x im modus ""folge für 5.99 kaufen"".","Bitte schau mal, ob es mit diesem Link funktioniert und meld dich nochmal:"
2909165,"Hallo Ein nagelneuer Fire Stick ist nicht in der Lage, ein stabiles WLAN zu einer FritzBox 7490 über 4 Meter aufzubauen?",Nimm bitte mal alle Geräte einschl. Router für 30 Sekunden vom Strom und starte neu. Das hilft meistens.
2909250,amazon forked up my order and now i'm not getting my books ffs,Hello! I'm sorry you haven't received your books. We'd like to help if we can! Can you please give us more details on what happened? Thanks!
2911689,Bonjour ma commande n’a toujours pas été expédiée et la livraison est toujours prévu pour demain. Pouvez vous me donner des nouvelles ? Commande n° 408-8633972-7969108,"Pour vérifier cela, je vous invite à contacter notre service client via le lien suivant : 2/2"
2914478,EB you need to give me the estimated delivery date.... status says “ we need more time to provide you with a good estimate”. I ask: WHEN?!!,Please contact us here: so we can look into this and go over your options.
2914502,so I’m not one to complain but I ordered from you guys paid for the one day shipping and it just got scanned in Orlando and I am in Key West. Needless to say it’s not one day shipping. Unhappy with the service provided who can I speak to?,I'm sorry for the frustration! Have we missed the intended delivery date stated in your order confirmation e-mail?
2914588,"So done with . Couldn't be more dissatisfied as a customer. Cancelled my prime and not ordering from you guys again. How is it possible you can't find my items, and can't resend the same ones to me for over a week, when I initially used 2 day shipping? #Pissed","I'm very sorry for the poor experience. Without sharing personal or account details, will you tell us more about what's going on?"
2914590,"Claro, cancelé Amazon Prime pero me llegó el cargo de la membresía a mi tarjeta","Lamento los inconvenientes. Recomiendo entrar en contacto directamente con nuestro Servicio al Cliente, para que verifiquen lo ocurrido:"
2915810,"has been steadily getting slower in delivering packages. It used to be 2 days, now usually 3.",Oh no! We definitely want to help. Are you waiting on a current order from us: ?
2917145,Never mind just read the article. Thanks for the speedy response!,We're always happy to help where we can! Thanks for keeping us posted!
2917170,"No, since the email address was changed, we can't initiate the ""forgot password"" process.","I understand, please ask your wife (account holder) to contact us at the earliest opportunity:"
2917193,I REALLY wish the Alexa app would send reminders I set from my Echo and vice versa. Any hope on this becoming a feature?,We'd appreciate any feedback you can give! Please reach out to us to leave your feedback here:
2917233,"alo vamos ter um pouco mais de cuidado né, olha como meu box chegou aqui","Olá! Lamentamos pelo acontecido com seu box. Neste caso, você pode verificar as informações no site sobre devolução de itens, acessando o seguinte link:"
2918652,"My amazon package is a few days late so I went to try the tracking number at the Intelcom Express website: Nothing happens when the Search button is pressed. The form element has no action attribute. This is strange, right? #amazon #webdev",What does the tracking information show in Your Orders:
2918756,My order didn’t provide me with tracking details😕,We'd like to take a closer look at this with you. Please reach out to us at your earliest convenience here:
2918807,Don't feel as bad paying £79 for prime now I've seen they've got parks and rec! Don't get me wrong I am still offended and pissed off with myself!,I am sure Leslie would approve! ☑ You can find all of what Amazon prime offers here:
2918815,The package is suppose to be delivered today but I just tracked it and there’s a delay 😢 but it’s okay!,Does the tracking tell you when to expect delivery? May I ask who's the carrier?
2919921,"Oh, gotcha. Both were AMZL. I was able to get a refund for both tho. I would recommend speaking with your drivers for future deliveries bc it’s not safe. Thank you tho","I'm so sorry for this poor experience and I'm glad we were able to make it right. When you spoke with us, were you able to provide delivery instructions for your future orders with AMZL?"
2922471,"hi I was due a refund from 2 purchases as didn't receive items , refund still hasn't gone in and it's been more than 10 days",Sorry this hasn't arrived as expected. Did you receive an e-mail confirming these refunds?
2922490,"Not once but twice has apparently ""Lost"" my package. Same exact items. Same exact excuse. Should I just cancel my prime? Apparently, your team no longer delivers to Toronto.","I'm sorry for the recent delivery issues. Have you had a chance to speak to us directly about this: If so, what information or options were we able to provide?"
2922490,Yes but your people only read what's on the screen. They don't have any answers. I honesty believe that who ever is delivering it is saying it's lost and stealing my items.,"Gigi, I can definitely understand your frustration. Is this the only order you've had an issue with? Did phone support refund you for the lost package? May I ask who the carrier is?"
2922645,Placed a Prime Now order for a few random things I needed... Literally they used this huge bag for this one sheet of stickers. Amazon is so wasteful.,We strive to improve. Please provide more detailed feedback here:
2923448,It means result is not declare till now.,"No, not at the moment. You may stay tuned for further details on this here: ."
2923526,"but then i went to order a LED strip and it worked? i didn’t buy anything else, it wouldn’t even let me order what i wanted to.","I'm sorry for the issues placing your order. Was the total with taxes and shipping more than $50? In that case, you'd need to have a secondary payment method."
2923532,That's why I'm paying prime $107 a year! I havta go pick it up?!,Let's look into this in real time. Please call or chat with us here:
2924567,"Hallo , wo kann ich in der App die Kindle-Version der Bücher kaufen? Ich bekomme immer nur die Optionen ""Probe herunterladen"" und ""Auf die Liste"". [Sowohl beim ersten als auch beim zweiten Teil der Reihe]","Hier findest du den Titel: /ref=sr_1_1?s=digital-text&ie=UTF8&qid=1511923534&sr=1-1&keywords=binti+home Zusätzlich kannst du testen, ob es klappt, wenn du 1-Click im Kundenkonto aktivierst. Für den Fall, dass es ausgeschaltet ist."
2924617,Hey I ordered a pair of headphones yesterday at around 3pm and used my amazon prime to get 1day free shipping and they haven't even shipped yet... What's the deal?,Uh oh! We'd like to help if we can! What was the delivery date given to you in your order confirmation e-mail?
2925489,The tracking number is 1Z9Y97E31308041922 and the carrier is UPS. Will I have to take this up with them?,"Is there any new tracking information available on UPS's website? Occasionally, tracking specifics will be provided on the carrier's website. Please let us know!"
2926312,AMZL US. 🙃 Just checked again and it won’t be here until tmrw or Friday. So much for 2 day shipping. 🤷🏼‍♀️🤷🏼‍♀️,"Jackie, I'm so sorry for the delay. Two-day shipping refers to transit time which means the timer starts when the order is shipped. Please let us know if you don't receive your package by the time frame given in the updated confirmation e-mail."
2927138,2 hours since my Amazon order and my dinner is on a scenic tour of Portland. First and last time using them.,"Oh no! I'm so sorry to hear you still haven't received your dinner yet. To reach out to the courier who has your order, click here:"
2927724,"Hello, I retained my Amazon Prime subscription by paying ₹999 few days back. When can I expect the ₹500 voucher credited to my account?",You will get the Rs.500 cashback in the form of Amazon Pay balance within 15 days of the renewal of your Prime membership. Request you to please wait for the time frame.
2927737,seriously more items are late. I find this unacceptable. I need a call today from a high level manager or I start a lawsuit.,I'm so sorry for the trouble! I'd like to have this investigated by our Specialist team. Please fill this out:
2928359,Amazon fire TV stickが届いて最強の在宅オタクに…,Fire TV Stickをご購入いただき誠にありがとうございます！ごゆっくりお楽しみくださいませ（っ＾ω＾c）✧ SM
2928950,is there any discount for people who buy more than 50 books on one go from Amazon India website? #Amazon #Books,"We currently do not have any such offers for purchasing bulk products. However, I will forward your comments internally to review."
2928988,When guarantees One Day Delivery but your product still isn’t here......,I'm sorry your package wasn't delivered. Can you let us know what's the status of the tracking and who the carrier is? ​
2930117,Already cancelled but definitely buying it soon. Just thought I’d share the funny 2AM experience. 😂,Phew! Good to hear you got it all sorted out. We can promise that you are not the only person to do that... 🙋
2930123,Hey How do I cancel my Amazon prime acct? Like yesterday??!! I refuse to be associated with backers to infowars,"Hey, you can cancel your Prime subscription for a refund here: . Refunds may take 5-7 business days"
2931297,"Response from your team is more hilarious. When the seller on his own had cancelled deal, from where will I get the invoice to share with you? I want to know how my personal details were available to a third party, which tried to sell me the same item?",We can't gain access to your account details via Twitter. Please reply to the email you've received from our team and we'll get back to you.
2931365,Why can’t you get a U. S representative on demand?,"Without giving us sensitive account info, can you please reply to us with your issue so we can assist you further."
2931427,"Unable to make any kind of purchase, constant failure while checking out, unable to complete the payment process, tried connecting via phone, email, chat but no response is there any way I can get some assistance? this is crying shame","I'm sorry for the unpleasant experience you are having with us, can you please tell us the exact error you are getting while you are trying to place your order?"
2931900,Been on call for 58 minutes and still counting and havent received either a solution or atleast a person who could solve the problem.,"I'm sorry that your recent experience was not on par with your expectation, Aman. We'd like to take a closer look at this and help you. Kindly share your details here: & we'll get back to you soon."
2931949,"The delivery arrived today instead of tomorrow. I was out and it wasn't put in the safe place, just left on my doorstep!","I am sorry to hear the order was left at your doorstep Gary. Can I ask, was the item intact please?"
2933528,Un sms de pour un colis disponible en point relais. De nouveau pas de trace de l’avis et de leurs passages imaginaires... Et ils osent faire la pub pour tes préférences en cas d’absence. LOL de compétition.,"Bonjour Audrey, je suis désolée d'apprendre cela. Pouvez-vous me confirmer si vous avez récupéré votre colis, je vous prie ?"
2933578,"Ok, this is weird. For my last 2 purchases on , I used my credit card. On both occasions, no OTP or #2FA done even when amount was >2000. Isn't it against norms?",Could you please confirm if the credit card was issued in India?
2933661,I need a call on my registered number from someone who is in authority...i m filing a court case against ur company with the claim of 2 crore rs,"As informed earlier, we're working on your issue and will get back to you soon."
2934361,Não tô reclamando não!! Os livros chegam hoje!,Caso tiver algum inconveniente com a entrega do pedido pode nos contatar. Abraços
2934369,Oi I just collected my parcel and there was nothing inside it fucking refund me now,Oh no! Sorry to hear your item was missing from the parcel. Was your order fulfilled by Amazon or a seller?
2935164,Amazon Echo Dot来た 小さいな,Amazon Echo Dot をご購入いただき誠にありがとうございます🙇 末永く、ご愛用いただけましたら幸いです 😊 SM
2935856,"I'd go with an unknown. The well-established, however, can be supportive players.",Oh! Oh! Can I be in it? Doesn't have to be a huge role or anything. I'd be happy as 'that woman on the bench' or something. I'll be holding an Amazon box!
2936668,Also going to try an internet cafe on the way home. It's something to do with this library I'm sure because I can't even use Google! Thanks again.,No worries at all Russell!
2937379,"They not give proper response, product price alsi hike to 3621 rupees, who pay the hike price now ?","Twitter being a social platform we will not be able to access your Amazon account with the detail you have shared, please share your details in the link provided above and we'll get in touch with you. Please don’t provide your order details as (1/2)"
2937437,Hi tried all those and still get the 4527 error,"I understand your concern, Scott! We'd like to troubleshoot with you in real-time. Please reach out to us here: so we can investigate!"
2937441,where is the result of #RedTapeAppQuiz,The winners of the contest were announced on 23rd November. Please follow the link here:
2938238,"Gracias, solo me aparece la opción de devolver el producto completo. ¿Cómo puedo contactar con vosotros para que me enviéis el mismo producto pero con el cable de corriente europeo?",En este caso puedes entrar en contacto con nuestros compañeros de servicio al cliente en el siguiente enlace:
2938255,"Hi, I've clicked through the link and it won't let me leave packaging feedback for that item?","Sorry to hear that, was the order fulfilled by a 3rd Party Seller?"
2938352,"I am having problem. What is ""URL to Twitter message"" section. I am operating it from phone. How can click right button??",In that case you can ignore the URL section and fill the rest of the fields and submit. As soon as we receive your details we would assist you accordingly.
2939182,"In sostanza, quante app clone devo scaricare per evitare la pubblicità? 😆",grazie per il riscontro! Ti ricordo che puoi modificare le impostazioni sulla privacy del tuo profilo YouTube per visualizzare annunci basati sui tuoi interessi. Buona giornata!
2940172,"Yes, I contacted them. Agree to this that you didxit purposely. :(","Apologies for the experience with your latest order, Shubham. Kindly fill in your details here: and we’ll contact you soon."
2940262,"I haven’t received any emails from your team in the last 5 days. I have shared my screenshot of my response of earlier ones in my previous tweets. And BTW, if it’s another email asking for this twitter handle url, pls..I have better work to do!!!","I understand your concern regarding refund of your recent order, Geetha. Kindly write back to the email you have received here: and we'll get back to you."
2943163,I ordered a product on few days ago and delivery date was 24-29 November. Now 29 Nov is going to end and still I don't know anything about my product delivery. plz consider !,"That's strange, package should be shipped and delivered as per estimates. Please report this to our team here: Also, please don't provide the order tracking details here. We consider it personal info. Our page is visible to public."
2943179,Thanks for reply. It’s a seller (DA TECH PRO) and I don’t seem to have any option to cancel?,"Gotcha! Then there should be an option listed marked ""Contact Seller"" on the same page. Please use this feature to contact the seller and let them know you'd like to cancel. We want to know what options they offer. Keep us posted on their response."
2943189,"Comme a chaque fois, comme toutes les semaines. ( … Soupir …) Cela dis j’aimerai bien une réponse. Personne ne semble pouvoir m’expliquer comment vous pouvez garantir une livraison 24h (via l’option PRIME payante) en envoyant des colissimo 48h … merci de votre réponse","2/2 Cela nous permettra d'effectuer toutes les vérifications requises et, prendre toutes les mesures nécessaires par conséquent."
2943235,Ima start buying three packs of water instead of two. Be RUNNING through it. I wish i could buy a pack of aquafina in the 1 liter bottles. do you have this?,"Keep hydrating Jessica! I did not find the an liter bottles, but we do have Aquafina in the 20oz bottles it looks like!"
2943240,Already done that - I dread this turning into another week's work - the TEDIUM of bad service,What was our CS's response? Did you ask for a refund or a replacement ?
2944305,Order number 205-1472564-8829112 it was a Christmas gift which was given straight into the hands of the intended receiver! Very disappointing and anxious for other products which I've ordered!,"We don't have access to your account via Twitter. For tips on how to prevent this from reoccurring, see here: We're always looking to improve. Please send us your packaging feedback here:"
2944346,So bummed. Got an email from Amazon telling me delivery of my preorder of has been delayed. I guess ordering it on 10/23 wasn’t early enough. 😔,"I'm sorry for the wait on your pre-order. In the message you received, did we provide a new delivery date or delivery window?"
2944412,Getting money back from a pre-order on because the price dropped makes me like them even more.,"Hi, have you already received the item or has it been dispatched yet?"
2944428,"Bonjour, je souhaiterais acheter une voitures de police playmobliesur votre site pour offrir à Noel, mais elle est actuellement en rupture, aller vous en recevoir pour noël? D'avance merci de me répondre.","Bonjour, si le délai de la disponibilité de l'article n'est pas annoncé sur la page détaillée du produit, c'est que nous n'avons pas pour le moment une précision sur les délais de réapprovisionnement des stocks."
2945520,"I have worst experience, recently I have subscribed for 6 months for Kindle unlimited and still I am not able to read the books which are free to read for Kindle unlimited... Need help",Apologies for the experience with your kindle. Please connect with our support team here: we'll help you with your concern.
2945526,"why is it such a nightmare finding someone to help with amazon? Have followed all instructions to delete items off kindle and ""permanently delete button is greyed out"". #humanplease .thanks",I'm sorry about the trouble you're having! We're here to help! Could you please tell us what it is that you're trying to delete from your device?
2946875,"A ta de parabéns, entrega mais rápida da internet",Eita Tamara 👏 ! Me diga o que comprou?
2946878,My overnight express pkg nvr came. Called logistics to complain and mgr hung up on me!😤def not the holiday spirit,"We'd like for you to have a better experience with us! Could you confirm with us the delivery date we provided in your order confirmation e-mail: We'd like to help, Chase!"
2946887,hey Amazon! An item I purchased is supposed to arrive tomorrow but hasn't shipped yet. Customer Service chat is giving me the runaround and hasn't even displayed sympathy or apologized. What gives with that?,I'm sorry about your recent experience when contacting us. I'd like to see how I can help. Some items may ship as late as the delivery date. Is tomorrow still the current delivery estimate:
2946925,All I am looking for is a the truth and not a generic answer..Will two-day prime shipping be on time on my order or will it be delayed and what is the waiting time on that order..because it seems most orders on amazon were delayed over the weekend,"We definitely want to assist you with this! Since we aren't able to view your account via Twitter, please reach out to us for further assistance here:"
2948101,"Ce matin y a le livreur d'amazon qui sonne, j'cours ma race, j'ouvre la porte, il me voit, j'le vois, je vois qu'il était sur le point de lancer le colis dans un pot de fleur. On s'est regardés j'ai explosé de rire 😂😂😂 il a jeter le colis avant de partir s'batard",Oops 😱 😱 J'espère que vos articles sont intacts 😔 Quel était le transporteur je vous prie?
2948190,Fuming with !!! 😠,"Hello Hollie, sorry for the frustration, how can we help?"
2950679,"Don't bother paying for Amazon Prime, second time an Amazon Logistics driver has decided to deliver our package to a random house though our number is clearly posted, unacceptable! Last time was just a refund, this was a black friday deal, i want my item!","I'm very sorry that your order was misdelivered for a second time, Christine. While we strive to be better, we don't always hit the mark! Please reach out to us via phone or chat so that we can further assist:"
2950816,Nos cambiaron el horario del vuelo y tuvimos salir antes y en paquete no llego,"Entiendo, Juan. ¿Nos podrías comentar si el pedido es vendido y enviado por Amazon o por un vendedor externo en nuestro sitio web?"
2950855,Already talked but response was not helpful. Disappointed with attitude of not taking care of customers,We understand the bag of walnuts received came in defective. I'm really sorry you received a product like this. This was really unintentional. We would like to investigate this further and help assist. (1/2)
2952162,Yeah the £60 that got taken out of my bank account without my knowledge 😡,I'm sorry to hear about that! Please use the link that JY provided so we can look into this with you!
2952173,"What the Fuck, just called your Customer Care number 180030009009, the call not getting transferred to Customer Care mine, recorded blah blah and the call get disconnected, and you guys saying it's 24/7 service, what bullshit, it's exasperating","Sorry for the trouble in reaching out to our support team. Please fill this form: and we'll have a closer look at your concern. Once you do the needful, our team will get back to you with an update soon."
2953627,"Hey , ça fais 4 jours que mon colis est à 45 minutes de route de chez moi et la date prévue était aujourd'hui, que ce passe t-il ? :'(","Bonsoir, je suis désolée pour cet incident, que dit le suivi sur le site du transporteur ?"
2954291,’s shipping accuracy is getting worse and worse! 1 out of 3 of my packages 📦 gets delivered to the wrong place or the delivery guy/gal can’t figure out where my front door is 🤦🏼‍♀️!,So sorry to hear about the repeat delivery issues! Are the orders that are being delivered improperly handled by a certain carrier?
2954341,I have already raised the complaint! Nobody is bothered! Worst customer experience! ! I want the replacement with orginal product!,That's strange. I've checked and confirmed that our team has sent you a correspondence email to your registered mail address. Kindly check and write back to the same for any further insight.
2954445,Isn’t it annoying when you’re an amazon prime member but guaranteed delivery is technically 3 days later instead of 2? 🙄,"So sorry for any inconvenience! Two-Day shipping guarantees that once your order leaves our facility, it'll be on the road for two days before it gets to you, but doesn't account for processing time. More info here:"
2954496,"Mi experiencia de cuando la mensajería es es lamentable, sin exagerar nada. Ni un paquete a tiempo dicho","Hola Fran, sentimos esta experiencia. ¿Podrías confirmarnos si tienes un pedido pendiente de entrega?"
2955979,"I’m an amazon prime member, and I will get my next package after a week!!! Seriously Amazon? I’m supposed to get it after 2 or 3 days maximum!!! I don’t understand why it’s taking too long this time!!!!",We always aim to meet the delivery date given in your order confirmation e-mail: Has this date been missed? Please let us know!
2956002,I ordered 2 tiny batteries for my car remote controls from The packaging they came in is surely the most wasteful and ridiculous EVER,"You're right, that's excessive. Please take a few minutes to provide your feedback on this packaging, here: The more feedback we receive, the less likely this is to happen in the future! Thank you!"
2956923,"So, says it arrives today by 8pm. says it arrives in a time window from 12:30pm to 4:30pm and that it's ""on time"". The order is nowhere near to where it's supposed to be delivered. Who has the right info then?",We're here to help and way we can! We are only able to give an estimated time of delivery which is until 8pm. The carriers would have the most up to date tracking information. Hope this helps! Keep us posted on delivery.
2957021,It looks like I cannot access my #primevideo when I'm visiting/working in #Canada . ?? Thx!,I'm sorry you are having trouble. We are here to help. Take a look at this helpful link for more information: Let us know if this helps!
2958607,", This is why I love you.","Aw shucks, Esteban! You're making us blush! We love you, too! =)"
2958629,"Los envíos que no llegan en un día, o tienen ""problemas en la red de distribución"" de comienzan a ser demasiados. Más teniendo en cuenta que soy usuario prime...","Hola J, sentimos las molestias. ¿Podrías confirmarnos si tienes un pedido pendiente de entrega?"
2958634,Dear : I have a Teen account set up for my kid that links to my Prime account. They had a list set up under my account; how can we txfr the list to the Teen account so they can continue to edit?,List transfers are not an available feature. We apologize for any inconvenience this may cause you.
2959959,"I believe it was shipped, but is being sent to an old address","Thank you for that information! We can't access your account via Twitter, but we still want to help! When you have time, please reach out to us via phone or chat here:"
2959980,"Al intentar loguearme a mi cuenta de amazon.es me salta este aviso diciendo que mi cuenta está bloqueada, pero no he recibido ningún correo con las instrucciones para desbloquearla. ¿Qué puedo hacer?","Hola, lamentamos los inconvenientes con tu cuenta. En estos casos efectivamente se envía un correo electrónico con instrucciones a seguir para recuperar la cuenta. ¿Ya has verificado tu bandeja de ""spam"" en tu correo electrónico para tratar de ubicar el e-mail?"
2959983,"but why? Why is there a price difference on black babies and white babies? Shopping for Christmas gifts for my daughter and this honestly made me upset. A black child shouldn't have to pay more to buy a doll that looks like him/her, if that's what they want.","Thanks for bringing this to our attention, Brit! We appreciate it very much! I am escalating this to the appropriate team for action so they can investigate!"
2959999,"Claro, recomendo mozart in the jungle também. 😂","Pronto 😉 Adicionamos na nossa lista, Rockys! O que você mais gostou de The Man in the High Castle?"
2961688,"A parcel was 2 days late last week, a parcel was ment to come yesterday never arrived, tracked it and said they tried to deliver at 10pm last night which is rubbish and still hasn’t come, spoke to customer service but they cannot contact the driver not very happy as paying prime",So sorry for the delay! We are here to help! I'd like a member of my team to look into this personally for you! Please provide us your information here: and someone will be in touch soon!
2962702,Am i able to DM you with my query see if you are able to solve it/give an explanation ? Thanks,You sure can. We look forward to your DM!
2963997,Even when I put my physical address instead of my po box it still won't work,"I'm sorry for any inconvenience! These restrictions can be related to local/state laws and statutes, as well as hazmat materials, large and oddly shaped items or Amazon policy."
2964050,hi I tweeted at you guys last nightobe of my items was missing from my parcel please can you help,"Yes! We're here to help, Bethany! Were you able to contact us using the link provided? If so, what was advised?"
2964053,"I've already had two live chats with two different CSRs, and two different email exchanges today. Apologies but no solutions!","Again, we would still like to help. Without providing personal information, please explain the problem that you are having. Was your shipment late? Did it not arrive? Etc."
2964082,"Yes, it's past the date and got an apology notice. It just keeps happening with what seems like every shipment. Hopefully it shows up soon.",Were you given a new estimated delivery date with the apology notice? You can also double-check here:
2964104,Shipped with AMZL US Tracking ID TBA575692407000,"I'm sorry to hear about this experience, Stella! We'd like to have a member of our team look into this for you. Please provide us with your information here:"
2964119,I don’t know why prime advertises 2 day shipping.. it’s never 2 days. Just placed an order and says it won’t be here until Monday. That’s 4 business days 🙄,"I can help explain! The shipping method time starts when the item ships. For example, it will take up to two business days after an item ships to reach you with Two-Day Shipping. Learn more about how our deliveries are calculated here:"
2965249,"the delivery driver dropped off my package at the wrong house. This is supposed to be a replacement for a previous order that shipped damaged. After being on the phone w someone, the most I can get is a returnless refund.","We'd like to escalate this misdelivery to our Logistics team for review. When you have a moment, please relay order specifics to us via this secure link, and we'll be in touch:"
2965331,"¿A que se debe este cobro?. Ya me cobraron la membreria Prime, no comprendo que es o para que son los 205.76$.","Maximiliano, ¿tienes otra cuenta Amazon adicional (en otro sitio web Amazon por ejemplo), o has dado permiso a algún familiar o amistad para que use esa misma tarjeta en otra cuenta?"
2966523,"I’m sorry too! But my package isn’t here, when you said it would be here Monday. Don’t need no tracking or anything, just get my stuff here when you say it’s going to be here. Liars.",We'd like to have a closer look into this with you. Please reach out to us directly via phone or chat here:
2967777,Good to know! I used to only use the gift option if it was shipping to another person directly. Maybe the change could be made more obvious on the checkout page. Thanks for the quick reply!,"You're very welcome. We greatly appreciate the feedback, and your patience!"
2968270,I was supposed to get a package yesterday and another one today and I still haven’t received any of them nor any email,Oh no! I'm sorry for the trouble. You can check here for updates and information for your order: Hope this helps! Let us know.
2968308,these directions don’t say how to update your cell number,"We would like to help change the number associated with your Amazon Alexa app, but we can't view your account details on Twitter. Please reach us via phone or chat here:"
2970498,As usual quickly solved my issue but the question remains why is this always an issue? The packages can be left unattened at my door at 8:45p but not at 4:00p. Makes no sense but truly appreciate the quick response. Guess the system is a work in progress...,"Thanks for the update, Heather! It's good to hear that the issue has been resolved. Hopefully, the shipper has noted your delivery preferences. Let us know if there's anything else we can do for you."
2971861,Can someone explain to me why I paid for 1 day shipping for something off and fed ex delayed the package till tomorrow.... bruhhhh,Oh no! Did you receive an email regarding the delay?
2972858,"The item was purchased October 11, but I applied for refund before then. The package did not get picked up by usps (I live in a building) and it just re-appeared today in the foyer.",I'm sorry for the trouble! Let's go over your available options here:
2973765,"when you pay extra to have send a package on time and it says it’s going to be delivered today, but it’s 9PM and your package is still in another province...","I'm so sorry, Maria! We always strive to meet the delivery date provided in your order confirmation email. What is the most recent tracking update on your order? You can check here:"
2974744,Ur testing my Patience level. Ur #amazonTransport service really sucks.. CSRs nd Sr. CSRs r nt useful at all. Ur CSRs High priority emails to ur internal system r waste f time. 😡😡#amazon #Mumbai #Delivery #Disappointed,"Apologies for the delay in delivering the order, please contact us here: so that we can assist you accordingly."
2976440,"tfw was supposed to deliver Planes, Trains, and Automobiles tonight to get me into the holiday spirit but somehow failed to deliver it. #notthatiamupset",I'm sorry we let you down! What's the latest tracking/delivery date shown in Your Orders here:
2976518,My package didn’t arrive,"We've responded to your DM, Julian! Please be sure to review our response on that platform!"
2978176,India Amazon Prime subscription kudurtada without Indian bank account or card???,"To subscribe for Prime Membership on Amazon.in you can use only prepaid payment method. Further, the prepaid payments can be made using all international personal credit and debit cards issued outside India. You may visit: for more details."
2978225,Here’s what it says -,"Typically, delayed packages will be delivered in the next 1 to 2 business days. Please let us know if you don't receive your order by December 1 by 8 PM"
2978981,On my way home and says my package was delivered to the mail room.....I don’t have a mail room. It better be there when I get home!,Please keep us posted about this package!
2979549,"i love like a lot, but I’m not exaggerating when I say every order this month has been delayed 🙁 like why though 🤨",I'm very sorry to hear about the experiences you've had with you recent orders! That is not what we want to hear. Have you noticed if it is a specific carrier that is delaying these deliveries?
2979600,Worst service by Returned 2 prouducts around 14 days ago but doesn't came to receive till now (1),"Please don't provide your order details, as we consider it to be personal information. Our Twitter page is visible to the public. (2/2)"
2981591,"2nd time order of this new pdt. Received old, broken, dirty. Plz fix asap. You're #1 let's go",I'm sorry for this encounter! Was the item shipped directly from Amazon or a third-party seller?
2985529,"Messrs Please correct the spelling error in your newly launched ""load cash at doorstep"" feature Image taken at 11:33 am IST hours",Thanks for letting us know about this. I've forwarded your details to our catalogue teams who have a review on this and update at the earliest.
2986472,Not as far as I know.,"Sorry about that, we strive to offer you the best Black Friday Sales and Cyber Week Deals. During this time, deliveries may take slightly longer than usual. Please check the delivery date at checkout which provides our most accurate estimated delivery date."
2987263,Le transporteur c’est... #AmazonLogistics “livré à un résident”,"Afin que je puisse remonter cela au service concerné, veuillez remplir le formulaire suivant depuis un PC :"
